<?xml version='1.0' encoding='US-ASCII'?>
<GateDocument>
<!-- The document's features-->

<GateDocumentFeatures>
<Feature>
  <Name className="java.lang.String">gate.SourceURL</Name>
  <Value className="java.lang.String">file:/E:/Users/conrada/Documents/My%20Dropbox/healthcare_devel_data_final/hc009.txt</Value>
</Feature>
<Feature>
  <Name className="java.lang.String">MimeType</Name>
  <Value className="java.lang.String">text/plain</Value>
</Feature>
<Feature>
  <Name className="java.lang.String">docNewLineType</Name>
  <Value className="java.lang.String">CRLF</Value>
</Feature>
</GateDocumentFeatures>
<!-- The document content area with serialized nodes -->

<TextWithNodes><Node id="0" />How health care 'reforms' will mess with your coverage 
				 By  Betsy Mccaughey 					   
 Sen. Edward Kennedy 's health proposal, the Affordable Health Choices Act, is now being marked up in committee, a first step toward a vote. 
 Critics are mounting a battle against the bill's public insurance option.  
 But <Node id="314" />for patients, there's a bigger danger: a mandate that will limit your choice of health plans and restrict when you can see a specialist. 
<Node id="452" />
 <Node id="454" />You may be compelled to pay 10% or more of your income for insurance you don't want. 
<Node id="540" />
 Let me address a few big questions you may have.  
 Does the bill require you to have health insurance?  
 Yes. 
 <Node id="656" />There is a lot of  Washington  double-talk in the bill - for example, it states, "No individual shall be compelled to enroll in a 'qualified' health plan" (sec. 3101). 
 But if you file a tax return and fail to attach proof of your qualifying health plan, the  IRS , in coordination with the expanded federal office on electronic medical records and a new state bureaucracy called a Gateway, will find you, notify you of your default and fine you (sec. 59).  
<Node id="1116" />
 <Node id="1118" />How big a fine? That's left up to the secretary of health and human services, but it will be big enough to ". . . accomplish the goal of enhancing participation." 
<Node id="1282" />
 Of course, people on  Medicare ,  Medicaid  and other government programs are exempt. 
 But <Node id="1376" />the outrage is that members of Congress are exempting themselves (sec. 3116).  
<Node id="1456" />
 What is a "qualified" health plan?  
 The bill doesn't detail what this term means, but the language suggests you will be limited to a managed-care-style plan. 
 <Node id="1620" />Patients will have their care coordinated in a "medical home" - this decade's term for your primary care provider - and will not be allowed to see a specialist or get a test whenever they want to. 
 Their care will be "coordinated." 
 Doctors will be paid with "incentives" or hit with penalties to encourage cost-effective care.  
 One such method is capitation, which means doctors get paid a flat fee per month per patient. 
<Node id="2048" />
 <Node id="2050" />With capitation, the fewer tests and referrals you're allowed, the more your doctor makes (sec. 2707). 
<Node id="2154" />
 How much will a "qualified" plan cost?  
 There are no prices in the bill, but it does make clear that there will be sliding-scale subsidies for individuals buying plans and temporary subsidies for small businesses covering workers.  
 The bill says a family of four with a household income of $110,250 will not have to lay out more than 10% of its modified adjusted gross income (sec. 3111). 
 <Node id="2551" />Ten percent is a lot, but you might have to pay even more. 
<Node id="2611" />
 <Node id="2613" />Senators are looking for ways to trim costs, including allowing only families in lower-income groups to get subsidies. 
<Node id="2733" />
 Will this plan affect you if you get your health insurance from a large company?  
 Yes. The bill leaves blank precisely what employers' obligations will be (sec. 163), but you will need to prove that you are enrolled in a "qualified" plan. 
 Negotiations in the coming days will determine whether your employer must contribute to the cost of that plan and what the tax treatment will be.  
 What about the "public plan" everyone is discussing?  
 The bill mentions that there will be a public plan, but offers no details (sec. 3101 and 3116). 
 The importance of the public plan has been exaggerated. 
 Its opponents warn that the public option will drive out private insurance, but that will happen anyway. 
 <Node id="3446" />The bill gives the health and human services secretary power to limit profit margins, which makes it iffy how long insurance companies will be able to survive (sec. 2704).  
<Node id="3620" />
 That's another reason <Node id="3644" /> President Obama 's promise yesterday that he's "not going to mess" with your plan is unconvincing. 
<Node id="3745" />
 No one likes insurance companies, but <Node id="3785" />the indications are that faceless bureaucrats in Washington will be even stingier when it comes to doling out your medical care. 
<Node id="3915" />
  McCaughey is chair of the  Committee to Reduce Infection Deaths  and a former lieutenant governor of  New York State . She can be emailed at    betsy@hospitalinfection.org   .  
<Node id="4096" /></TextWithNodes>
<!-- The default annotation set -->

<AnnotationSet>
<Annotation Id="1" Type="doc" StartNode="0" EndNode="4096">
<Feature>
  <Name className="java.lang.String">id</Name>
  <Value className="java.lang.String">hc009</Value>
</Feature>
<Feature>
  <Name className="java.lang.String">author</Name>
  <Value className="java.lang.String">Betsy Mccaughey</Value>
</Feature>
<Feature>
  <Name className="java.lang.String">source</Name>
  <Value className="java.lang.String">New,York,Daily,News,NYDailyNews</Value>
</Feature>
<Feature>
  <Name className="java.lang.String">date</Name>
  <Value className="java.lang.String">20090624</Value>
</Feature>
<Feature>
  <Name className="java.lang.String">side</Name>
  <Value className="java.lang.String">anti</Value>
</Feature>
<Feature>
  <Name className="java.lang.String">url</Name>
  <Value className="java.lang.String">http://www.nydailynews.com/opinions/2009/06/24/2009-06-24_how_health_care_reforms_will_mess_with_your_coverage.html </Value>
</Feature>
</Annotation>
<Annotation Id="2" Type="arg" StartNode="314" EndNode="452">
<Feature>
  <Name className="java.lang.String">prospect</Name>
  <Value className="java.lang.String">loss</Value>
</Feature>
<Feature>
  <Name className="java.lang.String">ss-label</Name>
  <Value className="java.lang.String">mandate_forces_people_to_buy_plans_they_dont_want</Value>
</Feature>
<Feature>
  <Name className="java.lang.String">type</Name>
  <Value className="java.lang.String">label</Value>
</Feature>
<Feature>
  <Name className="java.lang.String">group</Name>
  <Value className="java.lang.String">self-group</Value>
</Feature>
<Feature>
  <Name className="java.lang.String">polarity</Name>
  <Value className="java.lang.String">negative</Value>
</Feature>
</Annotation>
<Annotation Id="3" Type="arg" StartNode="454" EndNode="540">
<Feature>
  <Name className="java.lang.String">prospect</Name>
  <Value className="java.lang.String">loss</Value>
</Feature>
<Feature>
  <Name className="java.lang.String">id</Name>
  <Value className="java.lang.String">a1</Value>
</Feature>
<Feature>
  <Name className="java.lang.String">ss-label</Name>
  <Value className="java.lang.String">mandate_forces_people_to_buy_plans_they_dont_want</Value>
</Feature>
<Feature>
  <Name className="java.lang.String">type</Name>
  <Value className="java.lang.String">label</Value>
</Feature>
<Feature>
  <Name className="java.lang.String">group</Name>
  <Value className="java.lang.String">self-group</Value>
</Feature>
<Feature>
  <Name className="java.lang.String">polarity</Name>
  <Value className="java.lang.String">negative</Value>
</Feature>
</Annotation>
<Annotation Id="4" Type="rel" StartNode="656" EndNode="1116">
<Feature>
  <Name className="java.lang.String">type</Name>
  <Value className="java.lang.String">label</Value>
</Feature>
<Feature>
  <Name className="java.lang.String">ss-label</Name>
  <Value className="java.lang.String">mandate_forces_people_to_buy_plans_they_dont_want</Value>
</Feature>
</Annotation>
<Annotation Id="5" Type="arg" StartNode="1118" EndNode="1282">
<Feature>
  <Name className="java.lang.String">unclear</Name>
  <Value className="java.lang.String">true</Value>
</Feature>
<Feature>
  <Name className="java.lang.String">ss-label</Name>
  <Value className="java.lang.String">mandate_penalties_are_too_high</Value>
</Feature>
<Feature>
  <Name className="java.lang.String">type</Name>
  <Value className="java.lang.String">label</Value>
</Feature>
<Feature>
  <Name className="java.lang.String">polarity</Name>
  <Value className="java.lang.String">negative</Value>
</Feature>
<Feature>
  <Name className="java.lang.String">incomplete</Name>
  <Value className="java.lang.String">true</Value>
</Feature>
</Annotation>
<Annotation Id="6" Type="arg" StartNode="1376" EndNode="1456">
<Feature>
  <Name className="java.lang.String">ss-label</Name>
  <Value className="java.lang.String">congress_members_exempted_from_restrictions</Value>
</Feature>
<Feature>
  <Name className="java.lang.String">type</Name>
  <Value className="java.lang.String">else</Value>
</Feature>
<Feature>
  <Name className="java.lang.String">about-rel</Name>
  <Value className="java.lang.String">a1</Value>
</Feature>
<Feature>
  <Name className="java.lang.String">polarity</Name>
  <Value className="java.lang.String">negative</Value>
</Feature>
</Annotation>
<Annotation Id="7" Type="arg" StartNode="2050" EndNode="2154">
<Feature>
  <Name className="java.lang.String">ss-label</Name>
  <Value className="java.lang.String">rewards_doctors_for_denying_treatment</Value>
</Feature>
<Feature>
  <Name className="java.lang.String">unclear</Name>
  <Value className="java.lang.String">true</Value>
</Feature>
<Feature>
  <Name className="java.lang.String">type</Name>
  <Value className="java.lang.String">label</Value>
</Feature>
<Feature>
  <Name className="java.lang.String">polarity</Name>
  <Value className="java.lang.String">negative</Value>
</Feature>
</Annotation>
<Annotation Id="8" Type="rel" StartNode="1620" EndNode="2048">
<Feature>
  <Name className="java.lang.String">type</Name>
  <Value className="java.lang.String">label</Value>
</Feature>
<Feature>
  <Name className="java.lang.String">ss-label</Name>
  <Value className="java.lang.String">rewards_doctors_for_denying_treatment</Value>
</Feature>
</Annotation>
<Annotation Id="9" Type="arg" StartNode="2551" EndNode="2611">
<Feature>
  <Name className="java.lang.String">unclear</Name>
  <Value className="java.lang.String">true</Value>
</Feature>
<Feature>
  <Name className="java.lang.String">ss-label</Name>
  <Value className="java.lang.String">individuals_will_pay_more</Value>
</Feature>
<Feature>
  <Name className="java.lang.String">type</Name>
  <Value className="java.lang.String">label</Value>
</Feature>
<Feature>
  <Name className="java.lang.String">polarity</Name>
  <Value className="java.lang.String">negative</Value>
</Feature>
</Annotation>
<Annotation Id="10" Type="rel" StartNode="2613" EndNode="2733">
<Feature>
  <Name className="java.lang.String">type</Name>
  <Value className="java.lang.String">label</Value>
</Feature>
<Feature>
  <Name className="java.lang.String">ss-label</Name>
  <Value className="java.lang.String">individuals_will_pay_more</Value>
</Feature>
</Annotation>
<Annotation Id="11" Type="arg" StartNode="3446" EndNode="3620">
<Feature>
  <Name className="java.lang.String">type</Name>
  <Value className="java.lang.String">label</Value>
</Feature>
<Feature>
  <Name className="java.lang.String">ss-label</Name>
  <Value className="java.lang.String">will_eliminate_private_insurance</Value>
</Feature>
<Feature>
  <Name className="java.lang.String">polarity</Name>
  <Value className="java.lang.String">negative</Value>
</Feature>
</Annotation>
<Annotation Id="12" Type="arg" StartNode="3644" EndNode="3745">
<Feature>
  <Name className="java.lang.String">prospect</Name>
  <Value className="java.lang.String">loss</Value>
</Feature>
<Feature>
  <Name className="java.lang.String">unclear</Name>
  <Value className="java.lang.String">true</Value>
</Feature>
<Feature>
  <Name className="java.lang.String">ss-label</Name>
  <Value className="java.lang.String">existing_plans_will_be_eliminated/cancelled</Value>
</Feature>
<Feature>
  <Name className="java.lang.String">type</Name>
  <Value className="java.lang.String">label</Value>
</Feature>
<Feature>
  <Name className="java.lang.String">group</Name>
  <Value className="java.lang.String">self-group</Value>
</Feature>
<Feature>
  <Name className="java.lang.String">polarity</Name>
  <Value className="java.lang.String">negative</Value>
</Feature>
</Annotation>
<Annotation Id="13" Type="arg" StartNode="3785" EndNode="3915">
<Feature>
  <Name className="java.lang.String">prospect</Name>
  <Value className="java.lang.String">loss</Value>
</Feature>
<Feature>
  <Name className="java.lang.String">unclear</Name>
  <Value className="java.lang.String">true</Value>
</Feature>
<Feature>
  <Name className="java.lang.String">ss-label</Name>
  <Value className="java.lang.String">healthcare_rationing</Value>
</Feature>
<Feature>
  <Name className="java.lang.String">type</Name>
  <Value className="java.lang.String">label</Value>
</Feature>
<Feature>
  <Name className="java.lang.String">group</Name>
  <Value className="java.lang.String">self-group</Value>
</Feature>
<Feature>
  <Name className="java.lang.String">polarity</Name>
  <Value className="java.lang.String">negative</Value>
</Feature>
</Annotation>
</AnnotationSet>

<!-- Named annotation set -->

<AnnotationSet Name="Original markups">
<Annotation Id="0" Type="paragraph" StartNode="0" EndNode="4096">
</Annotation>
</AnnotationSet>

</GateDocument>
