<?xml version='1.0' encoding='US-ASCII'?>
<GateDocument>
<!-- The document's features-->

<GateDocumentFeatures>
<Feature>
  <Name className="java.lang.String">MimeType</Name>
  <Value className="java.lang.String">text/plain</Value>
</Feature>
<Feature>
  <Name className="java.lang.String">gate.SourceURL</Name>
  <Value className="java.lang.String">file:/E:/Users/conrada/Documents/My%20Dropbox/healthcare_devel_data_final/hc001.txt</Value>
</Feature>
<Feature>
  <Name className="java.lang.String">docNewLineType</Name>
  <Value className="java.lang.String">CRLF</Value>
</Feature>
</GateDocumentFeatures>
<!-- The document content area with serialized nodes -->

<TextWithNodes><Node id="0" />   <Node id="3" />Pull the plug, Barack: It's a mistake to try to ram through health care reform 					 
                  Sunday, March 14th 2010,  4:00 AM  
 Health reform: Down the stretch it comes. <Node id="186" />President Obama<Node id="201" /> has gone so far as to postpone an overseas trip in a last-ditch push to get a comprehensive reform bill to his desk.
 
He shouldn't waste his energy. Not with <Node id="361" />unemployment justifiably the nation's top concern and the possibility of a double-dip recession still looming.<Node id="471" /> Remember how <Node id="485" />Obama said, in his State of the Union reboot, "Jobs must be our No. 1 focus in 2010"<Node id="569" />? Well, apparently he doesn't. Not with <Node id="609" />the American people abandoning the President's prescription in huge numbers<Node id="684" />. <Node id="686" />Just one in four voters supports the reform bill as written; half want Congress to start over. 
<Node id="782" />
 Compare that with the popular support other major pieces of social legislation enjoyed before passage, like welfare reform (68%), Medicare (63%) and civil rights (60%). Not with health care costs having risen 73% over the last decade - with Medicaid growing at 21% a year - and showing no signs of coming down to Earth. 
 
 <Node id="1108" />Controlling costs is the absolute, unconditional, a-blind-man-could-see-it prerequisite for expanding coverage.<Node id="1219" /> Not with<Node id="1228" /> American health care quality actually quite impressive in many respects<Node id="1300" />, including <Node id="1312" />world-leading rates for patients surviving cancer and among the shortest wait times for hard-to-find treatments and surgeries.<Node id="1438" /> Not with <Node id="1448" />a half-dozen accounting gimmicks built into the legislation<Node id="1507" /> - including the fact that <Node id="1534" />federal budget projections are based on 10 years worth of tax collections and just six years of spending increases.<Node id="1649" /> Not with <Node id="1659" />the Senate, lacking even a single Republican vote, having to resort to reconciliation, a little-used parliamentary maneuver, to get it through<Node id="1801" />. <Node id="1803" />Sure, it's been used before - but not on anything that has such limited public support.<Node id="1890" /> Not after <Node id="1901" />all the cynical back room deals - deals Obama has committed to removing - having frayed the public trust<Node id="2005" />. With legislation of this magnitude, that is not a renewable resource. 

 Obama clearly thought he was doing the right and necessary and bold thing by tackling health reform. His conviction has been admirable. But reality has come a-knocking, quite persistently, and it's saying: Enough already. 
 
 <Node id="2306" />Fix what's broken, then move on.<Node id="2338" /> <Node id="2339" />He should assemble a modest consensus package of two or three smart ideas, such as outlawing insurance company abuses - like discrimination based on preexisting conditions - speeding the adoption of electronic medical records and reining in the medical malpractice market.<Node id="2611" /> <Node id="2612" />Only a targeted approach will begin to tackle the central problem plaguing American health care, which is how terribly much it all costs.<Node id="2749" /> 

And <Node id="2756" />only a targeted approach will carry the promise of bipartisan action that will not set off a new civil war in Washington.<Node id="2877" /> 
 
And <Node id="2885" />it will enable Obama and the Democrats - who run Washington - to get back to creating jobs<Node id="2975" />. 	Which happens to be the best way for them to keep their own jobs secure.
<Node id="3051" /></TextWithNodes>
<!-- The default annotation set -->

<AnnotationSet>
<Annotation Id="1" Type="doc" StartNode="3" EndNode="3051">
<Feature>
  <Name className="java.lang.String">id</Name>
  <Value className="java.lang.String">hc001</Value>
</Feature>
<Feature>
  <Name className="java.lang.String">source</Name>
  <Value className="java.lang.String">NY,Daily,News</Value>
</Feature>
<Feature>
  <Name className="java.lang.String">date</Name>
  <Value className="java.lang.String">20100314</Value>
</Feature>
<Feature>
  <Name className="java.lang.String">side</Name>
  <Value className="java.lang.String">anti</Value>
</Feature>
<Feature>
  <Name className="java.lang.String">url</Name>
  <Value className="java.lang.String">http://www.nydailynews.com/opinions/2010/03/14/2010-03-14_pull_the_plug_barack.html </Value>
</Feature>
</Annotation>
<Annotation Id="2" Type="rel" StartNode="186" EndNode="201">
<Feature>
  <Name className="java.lang.String">id</Name>
  <Value className="java.lang.String">r1</Value>
</Feature>
</Annotation>
<Annotation Id="3" Type="arg" StartNode="361" EndNode="471">
<Feature>
  <Name className="java.lang.String">type</Name>
  <Value className="java.lang.String">label</Value>
</Feature>
<Feature>
  <Name className="java.lang.String">ss-label</Name>
  <Value className="java.lang.String">unemployment_higher_priority_than_healthcare</Value>
</Feature>
<Feature>
  <Name className="java.lang.String">polarity</Name>
  <Value className="java.lang.String">positive</Value>
</Feature>
</Annotation>
<Annotation Id="4" Type="rel" StartNode="485" EndNode="569">
<Feature>
  <Name className="java.lang.String">type</Name>
  <Value className="java.lang.String">label</Value>
</Feature>
<Feature>
  <Name className="java.lang.String">ss-label</Name>
  <Value className="java.lang.String">unemployment_higher_priority_than_healthcare</Value>
</Feature>
</Annotation>
<Annotation Id="5" Type="arg" StartNode="609" EndNode="684">
<Feature>
  <Name className="java.lang.String">type</Name>
  <Value className="java.lang.String">label</Value>
</Feature>
<Feature>
  <Name className="java.lang.String">ss-label</Name>
  <Value className="java.lang.String">unpopular_among_public</Value>
</Feature>
<Feature>
  <Name className="java.lang.String">polarity</Name>
  <Value className="java.lang.String">negative</Value>
</Feature>
</Annotation>
<Annotation Id="6" Type="rel" StartNode="686" EndNode="782">
<Feature>
  <Name className="java.lang.String">type</Name>
  <Value className="java.lang.String">label</Value>
</Feature>
<Feature>
  <Name className="java.lang.String">ss-label</Name>
  <Value className="java.lang.String">unpopular_among_public</Value>
</Feature>
</Annotation>
<Annotation Id="7" Type="arg" StartNode="1108" EndNode="1219">
<Feature>
  <Name className="java.lang.String">unclear</Name>
  <Value className="java.lang.String">true</Value>
</Feature>
<Feature>
  <Name className="java.lang.String">ss-label</Name>
  <Value className="java.lang.String">does_not_control_healthcare_costs</Value>
</Feature>
<Feature>
  <Name className="java.lang.String">type</Name>
  <Value className="java.lang.String">label</Value>
</Feature>
<Feature>
  <Name className="java.lang.String">polarity</Name>
  <Value className="java.lang.String">positive</Value>
</Feature>
<Feature>
  <Name className="java.lang.String">incomplete</Name>
  <Value className="java.lang.String">true</Value>
</Feature>
</Annotation>
<Annotation Id="8" Type="arg" StartNode="1228" EndNode="1300">
<Feature>
  <Name className="java.lang.String">prospect</Name>
  <Value className="java.lang.String">gain</Value>
</Feature>
<Feature>
  <Name className="java.lang.String">ss-label</Name>
  <Value className="java.lang.String">healthcare_quality_good</Value>
</Feature>
<Feature>
  <Name className="java.lang.String">type</Name>
  <Value className="java.lang.String">label</Value>
</Feature>
<Feature>
  <Name className="java.lang.String">group</Name>
  <Value className="java.lang.String">self-group</Value>
</Feature>
<Feature>
  <Name className="java.lang.String">polarity</Name>
  <Value className="java.lang.String">positive</Value>
</Feature>
</Annotation>
<Annotation Id="9" Type="rel" StartNode="1312" EndNode="1438">
<Feature>
  <Name className="java.lang.String">type</Name>
  <Value className="java.lang.String">label</Value>
</Feature>
<Feature>
  <Name className="java.lang.String">ss-label</Name>
  <Value className="java.lang.String">healthcare_quality_good</Value>
</Feature>
</Annotation>
<Annotation Id="10" Type="arg" StartNode="1448" EndNode="1507">
<Feature>
  <Name className="java.lang.String">unclear</Name>
  <Value className="java.lang.String">true</Value>
</Feature>
<Feature>
  <Name className="java.lang.String">ss-label</Name>
  <Value className="java.lang.String">increases_govt_spending</Value>
</Feature>
<Feature>
  <Name className="java.lang.String">type</Name>
  <Value className="java.lang.String">label</Value>
</Feature>
<Feature>
  <Name className="java.lang.String">polarity</Name>
  <Value className="java.lang.String">negative</Value>
</Feature>
<Feature>
  <Name className="java.lang.String">incomplete</Name>
  <Value className="java.lang.String">true</Value>
</Feature>
</Annotation>
<Annotation Id="11" Type="rel" StartNode="1534" EndNode="1649">
<Feature>
  <Name className="java.lang.String">type</Name>
  <Value className="java.lang.String">else</Value>
</Feature>
<Feature>
  <Name className="java.lang.String">ss-label</Name>
  <Value className="java.lang.String">increases_govt_spending</Value>
</Feature>
</Annotation>
<Annotation Id="12" Type="arg" StartNode="1659" EndNode="1801">
<Feature>
  <Name className="java.lang.String">type</Name>
  <Value className="java.lang.String">label</Value>
</Feature>
<Feature>
  <Name className="java.lang.String">ss-label</Name>
  <Value className="java.lang.String">not_bipartisan</Value>
</Feature>
<Feature>
  <Name className="java.lang.String">polarity</Name>
  <Value className="java.lang.String">negative</Value>
</Feature>
</Annotation>
<Annotation Id="13" Type="rel" StartNode="1803" EndNode="1890">
<Feature>
  <Name className="java.lang.String">type</Name>
  <Value className="java.lang.String">label</Value>
</Feature>
<Feature>
  <Name className="java.lang.String">ss-label</Name>
  <Value className="java.lang.String">not_bipartisan</Value>
</Feature>
</Annotation>
<Annotation Id="14" Type="arg" StartNode="1901" EndNode="2005">
<Feature>
  <Name className="java.lang.String">ss-label</Name>
  <Value className="java.lang.String">not_ethically_negotiated</Value>
</Feature>
<Feature>
  <Name className="java.lang.String">type</Name>
  <Value className="java.lang.String">label</Value>
</Feature>
<Feature>
  <Name className="java.lang.String">polarity</Name>
  <Value className="java.lang.String">negative</Value>
</Feature>
<Feature>
  <Name className="java.lang.String">incomplete</Name>
  <Value className="java.lang.String">true</Value>
</Feature>
</Annotation>
<Annotation Id="15" Type="arg" StartNode="2306" EndNode="2338">
<Feature>
  <Name className="java.lang.String">type</Name>
  <Value className="java.lang.String">label</Value>
</Feature>
<Feature>
  <Name className="java.lang.String">ss-label</Name>
  <Value className="java.lang.String">smaller_reforms_more_appropriate</Value>
</Feature>
<Feature>
  <Name className="java.lang.String">polarity</Name>
  <Value className="java.lang.String">positive</Value>
</Feature>
</Annotation>
<Annotation Id="17" Type="arg" StartNode="2612" EndNode="2749">
<Feature>
  <Name className="java.lang.String">type</Name>
  <Value className="java.lang.String">label</Value>
</Feature>
<Feature>
  <Name className="java.lang.String">ss-label</Name>
  <Value className="java.lang.String">does_not_control_healthcare_costs</Value>
</Feature>
<Feature>
  <Name className="java.lang.String">polarity</Name>
  <Value className="java.lang.String">positive</Value>
</Feature>
</Annotation>
<Annotation Id="16" Type="rel" StartNode="2339" EndNode="2611">
<Feature>
  <Name className="java.lang.String">type</Name>
  <Value className="java.lang.String">label</Value>
</Feature>
<Feature>
  <Name className="java.lang.String">ss-label</Name>
  <Value className="java.lang.String">smaller_reforms_more_appropriate</Value>
</Feature>
<Feature>
  <Name className="java.lang.String">about-rel</Name>
  <Value className="java.lang.String">r1</Value>
</Feature>
</Annotation>
<Annotation Id="19" Type="arg" StartNode="2885" EndNode="2975">
<Feature>
  <Name className="java.lang.String">unclear</Name>
  <Value className="java.lang.String">true</Value>
</Feature>
<Feature>
  <Name className="java.lang.String">ss-label</Name>
  <Value className="java.lang.String">unemployment_higher_priority_than_healthcare</Value>
</Feature>
<Feature>
  <Name className="java.lang.String">type</Name>
  <Value className="java.lang.String">label</Value>
</Feature>
<Feature>
  <Name className="java.lang.String">polarity</Name>
  <Value className="java.lang.String">positive</Value>
</Feature>
<Feature>
  <Name className="java.lang.String">incomplete</Name>
  <Value className="java.lang.String">true</Value>
</Feature>
</Annotation>
<Annotation Id="18" Type="arg" StartNode="2756" EndNode="2877">
<Feature>
  <Name className="java.lang.String">type</Name>
  <Value className="java.lang.String">label</Value>
</Feature>
<Feature>
  <Name className="java.lang.String">ss-label</Name>
  <Value className="java.lang.String">not_bipartisan</Value>
</Feature>
<Feature>
  <Name className="java.lang.String">polarity</Name>
  <Value className="java.lang.String">positive</Value>
</Feature>
</Annotation>
</AnnotationSet>

<!-- Named annotation set -->

<AnnotationSet Name="Original markups">
<Annotation Id="0" Type="paragraph" StartNode="0" EndNode="3051">
</Annotation>
</AnnotationSet>

</GateDocument>
