<?xml version='1.0' encoding='US-ASCII'?>
<GateDocument>
<!-- The document's features-->

<GateDocumentFeatures>
<Feature>
  <Name className="java.lang.String">MimeType</Name>
  <Value className="java.lang.String">text/plain</Value>
</Feature>
<Feature>
  <Name className="java.lang.String">gate.SourceURL</Name>
  <Value className="java.lang.String">file:/E:/Users/conrada/Documents/My%20Dropbox/healthcare_devel_data_final/hc016.txt</Value>
</Feature>
<Feature>
  <Name className="java.lang.String">docNewLineType</Name>
  <Value className="java.lang.String">CRLF</Value>
</Feature>
</GateDocumentFeatures>
<!-- The document content area with serialized nodes -->

<TextWithNodes><Node id="0" />Editorial: Health care and jobs
 Insurers and drug companies have been boosting their prices by much more than overall inflation yet again this year.
 There are always lots of complaints about federal tax rates, which are at the lowest they've been in many decades. 
(Why isn't the economy surging?) 
 What about the <Node id="317" />big annual increases in the "taxes" levied on us by health insurers and pharmaceutical companies<Node id="413" />, particularly tough to take in a country where middle-class standards of living have been falling?
 <Node id="514" />The health-care bills in Congress, for all their flaws (and all such legislation has flaws -- it's done by people with innumerable competing pressures on them) would help curb these ever-more gigantic expenses.
<Node id="725" />
 And health care is a big problem for jobs. 
 <Node id="772" />The increasingly costly and chaotic health-care "system" severely hurts employment.<Node id="855" /> 
 <Node id="858" />Firms must pay soaring premiums instead of expanding employment, and individuals must pay ever-higher premiums and co-pays, which come out of money that they could spend on other things, such as starting new businesses. <Node id="1078" />

 The majority of jobs are created by small firms, most of which can ill afford the staggering annual increases in health-insurance prices.
 <Node id="1220" />The near-universal coverage envisioned in congressional health-care bills would make it much easier for people to leave their jobs and go out and start new enterprises. 
<Node id="1390" />
 It would also ease the way for younger workers because scared older ones would feel less compelled to hang onto their jobs for their employment-based insurance until they get Medicare, at age 65. 
 <Node id="1590" />Health-care reform would, in short, energize the economy.
<Node id="1648" />
 <Node id="1650" />The House and Senate health-care bills contain provisions to slow health-care cost increases<Node id="1742" /> even as they would widen coverage to the tens of millions of Americans who now have no insurance, some of whom die because of that lack.
 <Node id="1881" />Barring reform, however, health-care costs threaten to derail the economy.
<Node id="1956" />
 <Node id="1958" />The soaring insurance bills you're getting now (if you have insurance) is a good indication of what will worsen without major reform<Node id="2090" />, which, the GOP is correct to say, should include tough controls on medical lawsuits.
 <Node id="2178" />President Obama and congressional Democrats should not give up on a program that would boost the economy and save lives.
<Node id="2299" />
 They should remember that <Node id="2327" />America's only near-universal health-care program, in Massachusetts, which lacks the cost controls in the congressional legislation, has the support of about 70 percent of the Bay State's electorate.
<Node id="2527" />
 Indeed, U.S. Sen.-elect Scott Brown, in a display of deep cynicism and hypocrisy, voted for the state program and didn't dare campaign against it this year even as he said he'd join the GOP filibuster against similar but more fiscally responsible plans in Congress! 
 (<Node id="2798" />The GOP fears that health-care reform, once actually implemented, would make the Democrats dangerously popular.<Node id="2909" />)
 In fact, the proposed bills in Congress would help Massachusetts, too, by controlling costs and sending money to some underfunded parts of the Bay State plan. 
 That would help job creation - even in Massachusetts.
<Node id="3127" /></TextWithNodes>
<!-- The default annotation set -->

<AnnotationSet>
<Annotation Id="16" Type="rel" StartNode="858" EndNode="1078">
<Feature>
  <Name className="java.lang.String">type</Name>
  <Value className="java.lang.String">label</Value>
</Feature>
<Feature>
  <Name className="java.lang.String">ss-label</Name>
  <Value className="java.lang.String">healthcare_costs_hurting_economy</Value>
</Feature>
</Annotation>
<Annotation Id="1" Type="doc" StartNode="0" EndNode="3127">
<Feature>
  <Name className="java.lang.String">id</Name>
  <Value className="java.lang.String">hc016</Value>
</Feature>
<Feature>
  <Name className="java.lang.String">source</Name>
  <Value className="java.lang.String">projo,Providence,Journal</Value>
</Feature>
<Feature>
  <Name className="java.lang.String">date</Name>
  <Value className="java.lang.String">20100202</Value>
</Feature>
<Feature>
  <Name className="java.lang.String">side</Name>
  <Value className="java.lang.String">pro</Value>
</Feature>
<Feature>
  <Name className="java.lang.String">url</Name>
  <Value className="java.lang.String">http://www.projo.com/opinion/editorials/content/ED_health2_02-02-10_B8H8OMK_v79.3f88b8f.html </Value>
</Feature>
</Annotation>
<Annotation Id="4" Type="arg" StartNode="514" EndNode="725">
<Feature>
  <Name className="java.lang.String">ss-label</Name>
  <Value className="java.lang.String">bill_will_improve_healthcare_system</Value>
</Feature>
<Feature>
  <Name className="java.lang.String">unclear</Name>
  <Value className="java.lang.String">true</Value>
</Feature>
<Feature>
  <Name className="java.lang.String">type</Name>
  <Value className="java.lang.String">label</Value>
</Feature>
<Feature>
  <Name className="java.lang.String">polarity</Name>
  <Value className="java.lang.String">positive</Value>
</Feature>
<Feature>
  <Name className="java.lang.String">incomplete</Name>
  <Value className="java.lang.String">true</Value>
</Feature>
</Annotation>
<Annotation Id="7" Type="arg" StartNode="1220" EndNode="1390">
<Feature>
  <Name className="java.lang.String">type</Name>
  <Value className="java.lang.String">label</Value>
</Feature>
<Feature>
  <Name className="java.lang.String">ss-label</Name>
  <Value className="java.lang.String">promotes_entrepeneurship</Value>
</Feature>
<Feature>
  <Name className="java.lang.String">polarity</Name>
  <Value className="java.lang.String">positive</Value>
</Feature>
</Annotation>
<Annotation Id="8" Type="arg" StartNode="1590" EndNode="1648">
<Feature>
  <Name className="java.lang.String">type</Name>
  <Value className="java.lang.String">label</Value>
</Feature>
<Feature>
  <Name className="java.lang.String">ss-label</Name>
  <Value className="java.lang.String">helps_economy</Value>
</Feature>
<Feature>
  <Name className="java.lang.String">polarity</Name>
  <Value className="java.lang.String">positive</Value>
</Feature>
</Annotation>
<Annotation Id="9" Type="arg" StartNode="1650" EndNode="1742">
<Feature>
  <Name className="java.lang.String">type</Name>
  <Value className="java.lang.String">else</Value>
</Feature>
<Feature>
  <Name className="java.lang.String">ss-label</Name>
  <Value className="java.lang.String">controls_healthcare_costs</Value>
</Feature>
<Feature>
  <Name className="java.lang.String">polarity</Name>
  <Value className="java.lang.String">negative</Value>
</Feature>
</Annotation>
<Annotation Id="10" Type="arg" StartNode="1881" EndNode="1956">
<Feature>
  <Name className="java.lang.String">type</Name>
  <Value className="java.lang.String">label</Value>
</Feature>
<Feature>
  <Name className="java.lang.String">ss-label</Name>
  <Value className="java.lang.String">heathcare_urgently_needs_addressing</Value>
</Feature>
<Feature>
  <Name className="java.lang.String">polarity</Name>
  <Value className="java.lang.String">negative</Value>
</Feature>
</Annotation>
<Annotation Id="11" Type="arg" StartNode="1958" EndNode="2090">
<Feature>
  <Name className="java.lang.String">prospect</Name>
  <Value className="java.lang.String">loss</Value>
</Feature>
<Feature>
  <Name className="java.lang.String">ss-label</Name>
  <Value className="java.lang.String">heathcare_urgently_needs_addressing</Value>
</Feature>
<Feature>
  <Name className="java.lang.String">group</Name>
  <Value className="java.lang.String">self-group</Value>
</Feature>
<Feature>
  <Name className="java.lang.String">type</Name>
  <Value className="java.lang.String">label</Value>
</Feature>
<Feature>
  <Name className="java.lang.String">polarity</Name>
  <Value className="java.lang.String">negative</Value>
</Feature>
</Annotation>
<Annotation Id="12" Type="arg" StartNode="2178" EndNode="2299">
<Feature>
  <Name className="java.lang.String">unclear</Name>
  <Value className="java.lang.String">true</Value>
</Feature>
<Feature>
  <Name className="java.lang.String">ss-label</Name>
  <Value className="java.lang.String">bill_will_improve_healthcare_system</Value>
</Feature>
<Feature>
  <Name className="java.lang.String">type</Name>
  <Value className="java.lang.String">label</Value>
</Feature>
<Feature>
  <Name className="java.lang.String">polarity</Name>
  <Value className="java.lang.String">positive</Value>
</Feature>
</Annotation>
<Annotation Id="13" Type="arg" StartNode="2327" EndNode="2527">
<Feature>
  <Name className="java.lang.String">type</Name>
  <Value className="java.lang.String">label</Value>
</Feature>
<Feature>
  <Name className="java.lang.String">ss-label</Name>
  <Value className="java.lang.String">similar_to_popular_system_in_massachusetts</Value>
</Feature>
<Feature>
  <Name className="java.lang.String">polarity</Name>
  <Value className="java.lang.String">positive</Value>
</Feature>
</Annotation>
<Annotation Id="14" Type="arg" StartNode="2798" EndNode="2909">
<Feature>
  <Name className="java.lang.String">type</Name>
  <Value className="java.lang.String">label</Value>
</Feature>
<Feature>
  <Name className="java.lang.String">ss-label</Name>
  <Value className="java.lang.String">opposition_exploiting_fear_to_block_reform</Value>
</Feature>
<Feature>
  <Name className="java.lang.String">polarity</Name>
  <Value className="java.lang.String">negative</Value>
</Feature>
</Annotation>
<Annotation Id="15" Type="arg" StartNode="772" EndNode="855">
<Feature>
  <Name className="java.lang.String">type</Name>
  <Value className="java.lang.String">label</Value>
</Feature>
<Feature>
  <Name className="java.lang.String">ss-label</Name>
  <Value className="java.lang.String">healthcare_costs_hurting_economy</Value>
</Feature>
<Feature>
  <Name className="java.lang.String">polarity</Name>
  <Value className="java.lang.String">negative</Value>
</Feature>
</Annotation>
</AnnotationSet>

<!-- Named annotation set -->

<AnnotationSet Name="Original markups">
<Annotation Id="0" Type="paragraph" StartNode="0" EndNode="3127">
</Annotation>
<Annotation Id="3" Type="arg" StartNode="317" EndNode="413">
<Feature>
  <Name className="java.lang.String">prospect</Name>
  <Value className="java.lang.String">loss</Value>
</Feature>
<Feature>
  <Name className="java.lang.String">ss-label</Name>
  <Value className="java.lang.String">current_system_leads_to_corporate_exploitation</Value>
</Feature>
<Feature>
  <Name className="java.lang.String">group</Name>
  <Value className="java.lang.String">self-group</Value>
</Feature>
<Feature>
  <Name className="java.lang.String">type</Name>
  <Value className="java.lang.String">label</Value>
</Feature>
<Feature>
  <Name className="java.lang.String">polarity</Name>
  <Value className="java.lang.String">negative</Value>
</Feature>
</Annotation>
</AnnotationSet>

</GateDocument>
