<?xml version='1.0' encoding='US-ASCII'?>
<GateDocument>
<!-- The document's features-->

<GateDocumentFeatures>
<Feature>
  <Name className="java.lang.String">gate.SourceURL</Name>
  <Value className="java.lang.String">file:/home/conrada/Dropbox/healthcare_devel_data_final/hc023.txt</Value>
</Feature>
<Feature>
  <Name className="java.lang.String">MimeType</Name>
  <Value className="java.lang.String">text/plain</Value>
</Feature>
<Feature>
  <Name className="java.lang.String">docNewLineType</Name>
  <Value className="java.lang.String">CRLF</Value>
</Feature>
</GateDocumentFeatures>
<!-- The document content area with serialized nodes -->

<TextWithNodes><Node id="0" />Dispatch health care reform bill
<Node id="33" />The backroom deal to exempt unions from new taxes is a joke.<Node id="93" /> <Node id="94" />Sen. Bennet should show his independence and kill the bill.
<Node id="154" />
By The Denver Post
 From the <Node id="184" />wildly improper gifts to senators like Nebraska's Ben Nelson<Node id="244" /> to <Node id="248" />this week's backroom deals for unions<Node id="285" />, <Node id="287" />the so-called <Node id="301" />health care reform<Node id="319" /> emerging from Washington has become bad medicine for America and ought to be rejected.<Node id="406" /> Quickly.
 Unbelievably, <Node id="431" />the bill got even worse this past week when lawmakers agreed to exempt union workers from paying taxes that other workers will have to pay for years.
<Node id="581" />
 Colorado Sens. Mark Udall and Michael Bennet <Node id="628" />ought to take a principled stand against the failed reform effort,<Node id="694" /> even if it once held promise.
 Bennet went on the record weeks ago saying he would support the bill even if it cost him his job. 
 Well, it probably will.
 His hard-line stance may have been noble at the time, but so much has changed with the legislation since then that the bill is now at odds with the stated goals of both Bennet and Udall. 
 We think both senators have more than enough clearance to oppose it and ask for better.
 Bennet faces a tough election in November. 
 <Node id="1174" />We understand the pressure Democratic Party leaders have put on him to ensure this stinker of a bill passes<Node id="1281" />, but most Coloradans want an independent leader, and not doing right by Coloradans could be costly at the polls.
 We'd like to think Udall, who campaigned as a moderate Democrat, could muster the courage to buck his party and vote against the bill, but we won't hold our breath.
 Unions bitterly opposed the Senate's tax on the so-called "Cadillac" health insurance plans that many union workers enjoy. 
 <Node id="1687" />In private meetings with the White House and President Obama this week, union chiefs won a deal in which workers with high-end insurance don't have to pay the tax for five years.
 The reasoning is that union members need the time to negotiate with management for contracts that adjust for the new taxes. 
<Node id="1992" />
 Fair enough, but <Node id="2011" />why doesn't that protection apply equally for those workers who aren't members of unions?
<Node id="2101" />
 "<Node id="2104" />The White House and congressional Democrats are picking one group of workers over another<Node id="2193" />," a spokeswoman for House Minority Leader John Boehner told the Wall Street Journal. 
 "If this sounds discriminatory, well, it is."
 The Journal reported that the president of the AFL-CIO, Richard Trumka, made indications that unions would be less willing to help Democrats this fall.
 The <Node id="2485" />seedy pact Democrats reached<Node id="2513" /> now means that lawmakers must find another way to raise money to make up for the revenue lost to the five-year union waiver. 
 <Node id="2641" />Negotiators are said to be looking at increasing taxes on medical device makers, drug makers and nursing homes - costs which will almost certainly be passed on to consumers.
<Node id="2815" />
 Aside from the <Node id="2832" />sleazy deals patching this bill together<Node id="2872" />, <Node id="2874" />its provisions add up to a poison pill for the country in that it fails to reduce costs.
<Node id="2963" />
 Colorado's elected officials shouldn't accept it.
<Node id="3015" /></TextWithNodes>
<!-- The default annotation set -->

<AnnotationSet>
<Annotation Id="2" Type="doc" StartNode="0" EndNode="3015">
<Feature>
  <Name className="java.lang.String">id</Name>
  <Value className="java.lang.String">hc023</Value>
</Feature>
<Feature>
  <Name className="java.lang.String">source</Name>
  <Value className="java.lang.String">The,Denver,Post</Value>
</Feature>
<Feature>
  <Name className="java.lang.String">side</Name>
  <Value className="java.lang.String">anti</Value>
</Feature>
<Feature>
  <Name className="java.lang.String">url</Name>
  <Value className="java.lang.String">http://www.denverpost.com/opinion/ci_14202477 </Value>
</Feature>
</Annotation>
<Annotation Id="3" Type="arg" StartNode="33" EndNode="93">
<Feature>
  <Name className="java.lang.String">type</Name>
  <Value className="java.lang.String">label</Value>
</Feature>
<Feature>
  <Name className="java.lang.String">ss-label</Name>
  <Value className="java.lang.String">unions_unfairly_favored</Value>
</Feature>
<Feature>
  <Name className="java.lang.String">polarity</Name>
  <Value className="java.lang.String">negative</Value>
</Feature>
</Annotation>
<Annotation Id="4" Type="arg" StartNode="94" EndNode="154">
<Feature>
  <Name className="java.lang.String">type</Name>
  <Value className="java.lang.String">label</Value>
</Feature>
<Feature>
  <Name className="java.lang.String">ss-label</Name>
  <Value className="java.lang.String">bill_should_be_defunded/not_passed</Value>
</Feature>
<Feature>
  <Name className="java.lang.String">polarity</Name>
  <Value className="java.lang.String">negative</Value>
</Feature>
</Annotation>
<Annotation Id="5" Type="arg" StartNode="184" EndNode="244">
<Feature>
  <Name className="java.lang.String">unclear</Name>
  <Value className="java.lang.String">true</Value>
</Feature>
<Feature>
  <Name className="java.lang.String">ss-label</Name>
  <Value className="java.lang.String">votes_bought_through_kickbacks</Value>
</Feature>
<Feature>
  <Name className="java.lang.String">type</Name>
  <Value className="java.lang.String">label</Value>
</Feature>
<Feature>
  <Name className="java.lang.String">polarity</Name>
  <Value className="java.lang.String">negative</Value>
</Feature>
</Annotation>
<Annotation Id="6" Type="arg" StartNode="248" EndNode="285">
<Feature>
  <Name className="java.lang.String">unclear</Name>
  <Value className="java.lang.String">true</Value>
</Feature>
<Feature>
  <Name className="java.lang.String">ss-label</Name>
  <Value className="java.lang.String">unions_unfairly_favored</Value>
</Feature>
<Feature>
  <Name className="java.lang.String">type</Name>
  <Value className="java.lang.String">label</Value>
</Feature>
<Feature>
  <Name className="java.lang.String">polarity</Name>
  <Value className="java.lang.String">negative</Value>
</Feature>
</Annotation>
<Annotation Id="7" Type="arg" StartNode="287" EndNode="406">
<Feature>
  <Name className="java.lang.String">type</Name>
  <Value className="java.lang.String">label</Value>
</Feature>
<Feature>
  <Name className="java.lang.String">ss-label</Name>
  <Value className="java.lang.String">bill_should_be_defunded/not_passed</Value>
</Feature>
<Feature>
  <Name className="java.lang.String">polarity</Name>
  <Value className="java.lang.String">negative</Value>
</Feature>
</Annotation>
<Annotation Id="8" Type="arg" StartNode="431" EndNode="581">
<Feature>
  <Name className="java.lang.String">type</Name>
  <Value className="java.lang.String">label</Value>
</Feature>
<Feature>
  <Name className="java.lang.String">ss-label</Name>
  <Value className="java.lang.String">unions_unfairly_favored</Value>
</Feature>
<Feature>
  <Name className="java.lang.String">polarity</Name>
  <Value className="java.lang.String">negative</Value>
</Feature>
</Annotation>
<Annotation Id="9" Type="arg" StartNode="628" EndNode="694">
<Feature>
  <Name className="java.lang.String">ss-label</Name>
  <Value className="java.lang.String">bill_should_be_defunded/not_passed</Value>
</Feature>
<Feature>
  <Name className="java.lang.String">type</Name>
  <Value className="java.lang.String">label</Value>
</Feature>
<Feature>
  <Name className="java.lang.String">polarity</Name>
  <Value className="java.lang.String">positive</Value>
</Feature>
<Feature>
  <Name className="java.lang.String">incomplete</Name>
  <Value className="java.lang.String">true</Value>
</Feature>
</Annotation>
<Annotation Id="10" Type="arg" StartNode="1174" EndNode="1281">
<Feature>
  <Name className="java.lang.String">ss-label</Name>
  <Value className="java.lang.String">bill_passage_is_politically_motivated</Value>
</Feature>
<Feature>
  <Name className="java.lang.String">unclear</Name>
  <Value className="java.lang.String">true</Value>
</Feature>
<Feature>
  <Name className="java.lang.String">type</Name>
  <Value className="java.lang.String">label</Value>
</Feature>
<Feature>
  <Name className="java.lang.String">polarity</Name>
  <Value className="java.lang.String">negative</Value>
</Feature>
<Feature>
  <Name className="java.lang.String">incomplete</Name>
  <Value className="java.lang.String">true</Value>
</Feature>
</Annotation>
<Annotation Id="11" Type="rel" StartNode="1687" EndNode="1992">
<Feature>
  <Name className="java.lang.String">type</Name>
  <Value className="java.lang.String">label</Value>
</Feature>
<Feature>
  <Name className="java.lang.String">ss-label</Name>
  <Value className="java.lang.String">unions_unfairly_favored</Value>
</Feature>
</Annotation>
<Annotation Id="12" Type="arg" StartNode="2011" EndNode="2101">
<Feature>
  <Name className="java.lang.String">ss-label</Name>
  <Value className="java.lang.String">unions_unfairly_favored</Value>
</Feature>
<Feature>
  <Name className="java.lang.String">type</Name>
  <Value className="java.lang.String">label</Value>
</Feature>
<Feature>
  <Name className="java.lang.String">polarity</Name>
  <Value className="java.lang.String">negative</Value>
</Feature>
<Feature>
  <Name className="java.lang.String">incomplete</Name>
  <Value className="java.lang.String">true</Value>
</Feature>
</Annotation>
<Annotation Id="13" Type="arg" StartNode="2104" EndNode="2193">
<Feature>
  <Name className="java.lang.String">type</Name>
  <Value className="java.lang.String">label</Value>
</Feature>
<Feature>
  <Name className="java.lang.String">ss-label</Name>
  <Value className="java.lang.String">unions_unfairly_favored</Value>
</Feature>
<Feature>
  <Name className="java.lang.String">polarity</Name>
  <Value className="java.lang.String">negative</Value>
</Feature>
</Annotation>
<Annotation Id="14" Type="arg" StartNode="2641" EndNode="2815">
<Feature>
  <Name className="java.lang.String">prospect</Name>
  <Value className="java.lang.String">loss</Value>
</Feature>
<Feature>
  <Name className="java.lang.String">ss-label</Name>
  <Value className="java.lang.String">individuals_will_pay_more</Value>
</Feature>
<Feature>
  <Name className="java.lang.String">type</Name>
  <Value className="java.lang.String">label</Value>
</Feature>
<Feature>
  <Name className="java.lang.String">group</Name>
  <Value className="java.lang.String">self-group</Value>
</Feature>
<Feature>
  <Name className="java.lang.String">polarity</Name>
  <Value className="java.lang.String">negative</Value>
</Feature>
</Annotation>
<Annotation Id="17" Type="arg" StartNode="2874" EndNode="2963">
<Feature>
  <Name className="java.lang.String">ss-label</Name>
  <Value className="java.lang.String">does_not_control_healthcare_costs</Value>
</Feature>
<Feature>
  <Name className="java.lang.String">type</Name>
  <Value className="java.lang.String">label</Value>
</Feature>
<Feature>
  <Name className="java.lang.String">about-rel</Name>
  <Value className="java.lang.String">r1</Value>
</Feature>
<Feature>
  <Name className="java.lang.String">polarity</Name>
  <Value className="java.lang.String">negative</Value>
</Feature>
</Annotation>
<Annotation Id="16" Type="rel" StartNode="301" EndNode="319">
<Feature>
  <Name className="java.lang.String">id</Name>
  <Value className="java.lang.String">r1</Value>
</Feature>
</Annotation>
<Annotation Id="19" Type="arg" StartNode="2485" EndNode="2513">
<Feature>
  <Name className="java.lang.String">unclear</Name>
  <Value className="java.lang.String">true</Value>
</Feature>
<Feature>
  <Name className="java.lang.String">ss-label</Name>
  <Value className="java.lang.String">not_ethically_negotiated</Value>
</Feature>
<Feature>
  <Name className="java.lang.String">type</Name>
  <Value className="java.lang.String">label</Value>
</Feature>
<Feature>
  <Name className="java.lang.String">polarity</Name>
  <Value className="java.lang.String">negative</Value>
</Feature>
<Feature>
  <Name className="java.lang.String">incomplete</Name>
  <Value className="java.lang.String">true</Value>
</Feature>
</Annotation>
<Annotation Id="18" Type="arg" StartNode="2832" EndNode="2872">
<Feature>
  <Name className="java.lang.String">ss-label</Name>
  <Value className="java.lang.String">not_ethically_negotiated</Value>
</Feature>
<Feature>
  <Name className="java.lang.String">type</Name>
  <Value className="java.lang.String">label</Value>
</Feature>
<Feature>
  <Name className="java.lang.String">polarity</Name>
  <Value className="java.lang.String">negative</Value>
</Feature>
<Feature>
  <Name className="java.lang.String">incomplete</Name>
  <Value className="java.lang.String">true</Value>
</Feature>
</Annotation>
</AnnotationSet>

<!-- Named annotation set -->

<AnnotationSet Name="Original markups">
<Annotation Id="0" Type="paragraph" StartNode="0" EndNode="3015">
</Annotation>
</AnnotationSet>

</GateDocument>
