<?xml version='1.0' encoding='US-ASCII'?>
<GateDocument>
<!-- The document's features-->

<GateDocumentFeatures>
<Feature>
  <Name className="java.lang.String">MimeType</Name>
  <Value className="java.lang.String">text/plain</Value>
</Feature>
<Feature>
  <Name className="java.lang.String">gate.SourceURL</Name>
  <Value className="java.lang.String">file:/home/conrada/Dropbox/healthcare_devel_data_final/hc020.txt</Value>
</Feature>
<Feature>
  <Name className="java.lang.String">docNewLineType</Name>
  <Value className="java.lang.String">CRLF</Value>
</Feature>
</GateDocumentFeatures>
<!-- The document content area with serialized nodes -->

<TextWithNodes><Node id="0" />Reforming Health Care Reform
Reforming the health care system isn't new. 
 Many presidents and Congresses have tried and failed, most recently Bill Clinton. 
 Why, then, did health care reform pass under this administration?
 According to Jamie Orlikoff, of Orlikoff and Associates, who addressed a gathering of community leaders in Rapid City, South Dakota, in December and whose consulting firm specializes in health care issues, past attempts may have failed simply because the status quo was still acceptable. 
 This time around, the broad view was that the status quo was unacceptable and the American economy would eventually collapse if nothing were done.
 However, <Node id="673" />the health care bill Congress passed in March 2010 didn't completely address the unacceptable elements of the status quo.<Node id="794" /> In particular, says Orlikoff, <Node id="825" />the issue of cost is still largely unaddressed.
<Node id="873" />
 The December 2010 report of the bipartisan National Commission on Fiscal Responsibility and Reform, tasked with finding ways to reduce the deficit, said <Node id="1028" />the health care bill didn't go far enough in cutting costs. 
<Node id="1089" />
 <Node id="1091" />The single largest category in the commission's recommended cuts, four hundred billion dollars, was health care.
 Health care, notes Orlikoff, is the largest expenditure of government and of the Pentagon. 
<Node id="1297" />
 If we are serious about cutting the debt, we must turn our attention to health care costs.

 <Node id="1392" />Health care<Node id="1403" /> also represents a large segment of private sector spending. 
<Node id="1465" />
 <Node id="1467" />It's the largest component cost of an American car or tractor, while the largest component cost of a Chinese or Japanese vehicle is steel. 
<Node id="1607" />
 No wonder: China spends 4% on health care, India spends 2%, and the U.S. spends 17.5%. 
 Orlikoff suggests this is one reason American retailers can sell imported products so cheaply.
 According to the Institute of Medicine, <Node id="1834" />30% of what we spend on health care adds no clinical value. 
<Node id="1895" />
 That's a whopping 5% of GDP. 
 <Node id="1928" />The Agency for Healthcare Research and Quality, part of the Department of Health and Human Services, reports that 4.4 million hospital admissions, costing thirty billion dollars a year, could be prevented.
<Node id="2134" />
 Exacerbating the inefficiency of health care is that there are huge geographic disparities, with pockets of efficiency. 
 One commonly cited example is the contrast between two Texas towns. 
 Despite similar demographics, McCallen has one of the country's highest health care spending rates and El Paso one of the lowest.
 <Node id="2459" />When it comes to end-of-life care for patients with terminal illnesses, Orlikoff notes that UCLA/Hopkins spends an average of $90,000 per person and Cleveland Clinic/Mayo an average of $55,000. 
 The difference in spending results in no difference in patient experience or outcome.
<Node id="2741" />
 Orlikoff is also concerned that <Node id="2775" />our burgeoning health care expenses will eventually spell the end of the US economy. 
<Node id="2861" />
 "<Node id="2864" />The dust bin of history is littered with economies that fell apart because one sector consumed the economy." 
<Node id="2974" />
 He cites the USSR and its over-concentration on defense spending.
 <Node id="3043" />One of the problems with the bill, says Orlikoff, is that 25-year-old, sleep-deprived kids on Red Bull wrote most of it. 
<Node id="3165" />
 <Node id="3167" />Some parts were written by people who could write and understood health care, some by those who couldn't write. 
 For example, one three-page section of the bill has no verb.
<Node id="3342" />
 Still, if the bill is repealed, which is highly unlikely prior to 2012, we are left with market reform instead of legislative reform. Orlikoff points out that <Node id="3503" />market reform<Node id="3516" /> is much more random; however, <Node id="3547" />my belief is that it's much more effective.
<Node id="3591" />
 As experts like Jamie Orlikoff continue to tell us, <Node id="3645" />health care reform is nowhere close to achieving a satisfactory status quo. 
<Node id="3722" />
 Clearly, we need to continue discussing what we want and need to make our health care system one of the best in the world.
<Node id="3847" /></TextWithNodes>
<!-- The default annotation set -->

<AnnotationSet>
<Annotation Id="1" Type="doc" StartNode="0" EndNode="3847">
<Feature>
  <Name className="java.lang.String">id</Name>
  <Value className="java.lang.String">hc020</Value>
</Feature>
<Feature>
  <Name className="java.lang.String">source</Name>
  <Value className="java.lang.String">Financial,Awakenings</Value>
</Feature>
<Feature>
  <Name className="java.lang.String">side</Name>
  <Value className="java.lang.String">anti</Value>
</Feature>
<Feature>
  <Name className="java.lang.String">url</Name>
  <Value className="java.lang.String">http://financialawakenings.com/in-the-news/reforming-health-care-reform/ </Value>
</Feature>
</Annotation>
<Annotation Id="2" Type="arg" StartNode="673" EndNode="794">
<Feature>
  <Name className="java.lang.String">unclear</Name>
  <Value className="java.lang.String">true</Value>
</Feature>
<Feature>
  <Name className="java.lang.String">ss-label</Name>
  <Value className="java.lang.String">bill_will_hurt_healthcare_system</Value>
</Feature>
<Feature>
  <Name className="java.lang.String">type</Name>
  <Value className="java.lang.String">label</Value>
</Feature>
<Feature>
  <Name className="java.lang.String">polarity</Name>
  <Value className="java.lang.String">negative</Value>
</Feature>
</Annotation>
<Annotation Id="3" Type="arg" StartNode="825" EndNode="873">
<Feature>
  <Name className="java.lang.String">type</Name>
  <Value className="java.lang.String">label</Value>
</Feature>
<Feature>
  <Name className="java.lang.String">ss-label</Name>
  <Value className="java.lang.String">does_not_control_healthcare_costs</Value>
</Feature>
<Feature>
  <Name className="java.lang.String">polarity</Name>
  <Value className="java.lang.String">negative</Value>
</Feature>
</Annotation>
<Annotation Id="4" Type="arg" StartNode="1028" EndNode="1089">
<Feature>
  <Name className="java.lang.String">type</Name>
  <Value className="java.lang.String">label</Value>
</Feature>
<Feature>
  <Name className="java.lang.String">ss-label</Name>
  <Value className="java.lang.String">does_not_control_healthcare_costs</Value>
</Feature>
<Feature>
  <Name className="java.lang.String">polarity</Name>
  <Value className="java.lang.String">negative</Value>
</Feature>
</Annotation>
<Annotation Id="5" Type="rel" StartNode="1091" EndNode="1297">
<Feature>
  <Name className="java.lang.String">type</Name>
  <Value className="java.lang.String">label</Value>
</Feature>
<Feature>
  <Name className="java.lang.String">ss-label</Name>
  <Value className="java.lang.String">does_not_control_healthcare_costs</Value>
</Feature>
</Annotation>
<Annotation Id="7" Type="rel" StartNode="1392" EndNode="1403">
<Feature>
  <Name className="java.lang.String">id</Name>
  <Value className="java.lang.String">r1</Value>
</Feature>
</Annotation>
<Annotation Id="8" Type="rel" StartNode="1467" EndNode="1607">
<Feature>
  <Name className="java.lang.String">type</Name>
  <Value className="java.lang.String">label</Value>
</Feature>
<Feature>
  <Name className="java.lang.String">about-rel</Name>
  <Value className="java.lang.String">r1</Value>
</Feature>
<Feature>
  <Name className="java.lang.String">ss-label</Name>
  <Value className="java.lang.String">healthcare_costs_hurting_economy</Value>
</Feature>
</Annotation>
<Annotation Id="9" Type="arg" StartNode="1392" EndNode="1465">
<Feature>
  <Name className="java.lang.String">unclear</Name>
  <Value className="java.lang.String">true</Value>
</Feature>
<Feature>
  <Name className="java.lang.String">ss-label</Name>
  <Value className="java.lang.String">healthcare_costs_hurting_economy</Value>
</Feature>
<Feature>
  <Name className="java.lang.String">type</Name>
  <Value className="java.lang.String">label</Value>
</Feature>
<Feature>
  <Name className="java.lang.String">polarity</Name>
  <Value className="java.lang.String">negative</Value>
</Feature>
</Annotation>
<Annotation Id="10" Type="arg" StartNode="1834" EndNode="1895">
<Feature>
  <Name className="java.lang.String">type</Name>
  <Value className="java.lang.String">label</Value>
</Feature>
<Feature>
  <Name className="java.lang.String">ss-label</Name>
  <Value className="java.lang.String">healthcare_costs_out-of-control</Value>
</Feature>
<Feature>
  <Name className="java.lang.String">polarity</Name>
  <Value className="java.lang.String">negative</Value>
</Feature>
</Annotation>
<Annotation Id="11" Type="rel" StartNode="1928" EndNode="2134">
<Feature>
  <Name className="java.lang.String">type</Name>
  <Value className="java.lang.String">label</Value>
</Feature>
<Feature>
  <Name className="java.lang.String">ss-label</Name>
  <Value className="java.lang.String">healthcare_costs_out-of-control</Value>
</Feature>
</Annotation>
<Annotation Id="12" Type="rel" StartNode="2459" EndNode="2741">
<Feature>
  <Name className="java.lang.String">type</Name>
  <Value className="java.lang.String">label</Value>
</Feature>
<Feature>
  <Name className="java.lang.String">ss-label</Name>
  <Value className="java.lang.String">healthcare_costs_out-of-control</Value>
</Feature>
</Annotation>
<Annotation Id="13" Type="arg" StartNode="2775" EndNode="2861">
<Feature>
  <Name className="java.lang.String">type</Name>
  <Value className="java.lang.String">label</Value>
</Feature>
<Feature>
  <Name className="java.lang.String">ss-label</Name>
  <Value className="java.lang.String">healthcare_costs_hurting_economy</Value>
</Feature>
<Feature>
  <Name className="java.lang.String">polarity</Name>
  <Value className="java.lang.String">negative</Value>
</Feature>
</Annotation>
<Annotation Id="14" Type="rel" StartNode="2864" EndNode="2974">
<Feature>
  <Name className="java.lang.String">type</Name>
  <Value className="java.lang.String">label</Value>
</Feature>
<Feature>
  <Name className="java.lang.String">ss-label</Name>
  <Value className="java.lang.String">healthcare_costs_hurting_economy</Value>
</Feature>
</Annotation>
<Annotation Id="15" Type="arg" StartNode="3043" EndNode="3165">
<Feature>
  <Name className="java.lang.String">type</Name>
  <Value className="java.lang.String">label</Value>
</Feature>
<Feature>
  <Name className="java.lang.String">ss-label</Name>
  <Value className="java.lang.String">poorly_written</Value>
</Feature>
<Feature>
  <Name className="java.lang.String">polarity</Name>
  <Value className="java.lang.String">negative</Value>
</Feature>
</Annotation>
<Annotation Id="17" Type="rel" StartNode="3503" EndNode="3516">
<Feature>
  <Name className="java.lang.String">id</Name>
  <Value className="java.lang.String">r2</Value>
</Feature>
</Annotation>
<Annotation Id="16" Type="rel" StartNode="3167" EndNode="3342">
<Feature>
  <Name className="java.lang.String">type</Name>
  <Value className="java.lang.String">label</Value>
</Feature>
<Feature>
  <Name className="java.lang.String">ss-label</Name>
  <Value className="java.lang.String">poorly_written</Value>
</Feature>
</Annotation>
<Annotation Id="19" Type="arg" StartNode="3645" EndNode="3722">
<Feature>
  <Name className="java.lang.String">unclear</Name>
  <Value className="java.lang.String">true</Value>
</Feature>
<Feature>
  <Name className="java.lang.String">ss-label</Name>
  <Value className="java.lang.String">bill_will_hurt_healthcare_system</Value>
</Feature>
<Feature>
  <Name className="java.lang.String">type</Name>
  <Value className="java.lang.String">label</Value>
</Feature>
<Feature>
  <Name className="java.lang.String">polarity</Name>
  <Value className="java.lang.String">negative</Value>
</Feature>
</Annotation>
<Annotation Id="18" Type="arg" StartNode="3547" EndNode="3591">
<Feature>
  <Name className="java.lang.String">ss-label</Name>
  <Value className="java.lang.String">market_controls_costs_better_than_govt</Value>
</Feature>
<Feature>
  <Name className="java.lang.String">type</Name>
  <Value className="java.lang.String">label</Value>
</Feature>
<Feature>
  <Name className="java.lang.String">about-rel</Name>
  <Value className="java.lang.String">r2</Value>
</Feature>
<Feature>
  <Name className="java.lang.String">polarity</Name>
  <Value className="java.lang.String">positive</Value>
</Feature>
</Annotation>
<Annotation Id="20" Type="_New_" StartNode="0" EndNode="3847">
</Annotation>
</AnnotationSet>

<!-- Named annotation set -->

<AnnotationSet Name="Original markups">
<Annotation Id="0" Type="paragraph" StartNode="0" EndNode="3847">
</Annotation>
</AnnotationSet>

</GateDocument>
