<?xml version='1.0' encoding='windows-1252'?>
<GateDocument>
<!-- The document's features-->

<GateDocumentFeatures>
<Feature>
  <Name className="java.lang.String">gate.SourceURL</Name>
  <Value className="java.lang.String">file:/home/conrada/Dropbox/healthcare_devel_data_final/hc022.txt</Value>
</Feature>
<Feature>
  <Name className="java.lang.String">MimeType</Name>
  <Value className="java.lang.String">text/plain</Value>
</Feature>
<Feature>
  <Name className="java.lang.String">docNewLineType</Name>
  <Value className="java.lang.String">CRLF</Value>
</Feature>
</GateDocumentFeatures>
<!-- The document content area with serialized nodes -->

<TextWithNodes><Node id="0" />Workers to House Republicans: "Health Care Reform Works"
<Node id="57" />
 <Node id="59" />In Florida, Gloria's daughter like so many young people today, returned home from college, "with a BA degree and no job."
<Node id="181" />
 But <Node id="187" />her daughter does have health care coverage-and Gloria has peace of mind-because the new health care reform law allows young adults to remain on their parents' health care plans until they are 26.
<Node id="384" />
 "<Node id="387" />Having that alone makes life better for my family," Gloria writes. 
 "This [health care reform plan] told me someone in government is working for our future and our children. 
 Now my daughter has time to get a job with benefits within the next two years-the health care plan is working."
<Node id="676" />
 Gloria is one of the than 400 people who have responded to our AFL-CIO online survey, telling us how the Affordable Care Act-which House Republicans vow to repeal-is working for them. 
 (Click here to share your story and read and comment on others.) 
 While not all of the health care reform provisions have gone into effect, several key benefits are already helping working families. 
 (See what's in effect now and when other provisions will kick in here.)
 <Node id="1139" />Pam in Ohio says the Affordable Care Act's rule that prohibits health insurance companies from putting a lifetime cap on benefits or dropping coverage when people become sick, means her brother can receive care and treatment for his cancer.
<Node id="1380" />
 <Node id="1382" />My brother has a form of metastatic cancer. 
 With medication he may live for years, but will likely always need treatment-<Node id="1505" />unless by some miracle a cure is discovered soon! 
 But, in a sense, <Node id="1574" />the new healthcare law has already worked one miracle for him and many other cancer patients by doing away with annual and lifetime limits. 
<Node id="1715" />
 <Node id="1717" />This change will ensure my brother never need fear being told that his coverage has ended because he has reached their lifetime limit.
<Node id="1852" />
 <Node id="1854" />The health care reform law is closing the infamous Medicare prescription drug "donut hole," the gap in coverage when seniors must pay full price for their needed medications. 
<Node id="2030" />
 <Node id="2032" />Last year, seniors who found themselves in the donut hole received a $250 rebate and this year, they will receive a 50 percent discount on prescription drugs.
 Tauni from Kansas says that closing the donut hole will make a big difference for her parents<Node id="2285" /> who "did everything the Republicans said to do.  
 My father went to school and received a degree in architecture-He worked hard. 
 They saved money for retirement.  
 They invested the money.  
 They did not spend recklessly."
 Then the stock market crashed, and they lost a good percentage of the money they worked so hard for.  
 <Node id="2619" />My father was diagnosed with Parkinson's approximately three years ago.  
 The disease is slowly robbing him of his ability to perform tasks without medication.  
 The medications he must take to function on a daily basis are so expensive, and he takes enough that he ends up in the doughnut hole.  <Node id="2918" />
 <Node id="2920" />Thanks to the new healthcare bill, affording the medication will be easier and maybe they can enjoy their retirement a little more.
<Node id="3052" />
 <Node id="3054" />One small business owner says the new law's tax credits to help small business owners provide health insurance for their employees is working. 
<Node id="3198" />
 Also, <Node id="3206" />one of his employees will be able to fight her cancer without being dropped from coverage.
<Node id="3297" />
 I own a small assisted living facility, and employ 16 people.  
 <Node id="3364" />Between 2004 and 2007, our insurance premiums for our employees have risen 42 percent.  
 We really believe that we have an obligation to our employees to provide this care.  
 Health care reform has given us a 35 percent tax credit on these costs.  
 We really need this. 
 Also, our manager has had cancer, and under reform, she cannot be cut or capped for care. 
<Node id="3730" />
 These are the real Americans. 
 Going to work every day, and doing the tough jobs.
 <Node id="3816" />The Affordable Care Act requires insurance companies to cover preventative care such as mammograms, annual physicals and cancer screenings without deductibles or co-pays. <Node id="3987" /> 
 As Dianna in Tennessee says, "<Node id="4020" />This new rule means I am not going to be hit with deductibles or outrageous lab fees when I have my physical this year."<Node id="4140" />
 <Node id="4142" />Last year my insurance refused to pay for my physical and I was hit with an $89 lab fee for my PAP smear. 
 The hospital charged over $700 bucks for the lab work associated with my physical.
<Node id="4333" />
 <Node id="4335" />Preventative care WORKS! About time we have it.
<Node id="4383" />
 <Node id="4385" />Marva from Indiana says that while she's benefited from the no-cost preventative services and tests-"This reduces my risk for stroke, heart attack, regiments of drug therapies, and a healthier life"-<Node id="4584" /> health care reform means much more.
 This is a better scenario for me and the American people. 
 <Node id="4682" />We pay lots of money for health care into <Node id="4724" />insurance companies<Node id="4743" /> and they should be about the business of serving their clients, not playing games with our hard earned dollars to pay their high premiums. 
<Node id="4884" />
 <Node id="4886" />It is criminal for them to be using our money on lobbying and electing candidates to go against the American people. 
<Node id="5004" />
 It is time for a ground swell from the grassroots American people. 
 We have made too many rich people giving them free money and getting very little in return. 
 <Node id="5169" />Health care must abound in this country for everyone!
<Node id="5223" />
 <Node id="5225" />By 2020, the Affordable Care Act will bring health care coverage to nearly 30 million Americans. 
<Node id="5323" />
 Dr. Brad Cotton, from Circleville, Ohio, sees first hand what lack of health coverage means today and what health care reform will mean in the future.
 As an emergency physician <Node id="5503" />I am face to face with the unspeakable suffering of the uninsured and under-insured everyday. 
<Node id="5598" />
 While the [<Node id="5611" />Affordable Care Act<Node id="5630" />]  is not far-reaching enough, <Node id="5661" />it will bring the security and safety of insurance to millions of working folks.
<Node id="5742" />
<Node id="5743" /></TextWithNodes>
<!-- The default annotation set -->

<AnnotationSet>
<Annotation Id="1" Type="doc" StartNode="0" EndNode="5743">
<Feature>
  <Name className="java.lang.String">id</Name>
  <Value className="java.lang.String">hc022</Value>
</Feature>
<Feature>
  <Name className="java.lang.String">source</Name>
  <Value className="java.lang.String">keep,america,at,work</Value>
</Feature>
<Feature>
  <Name className="java.lang.String">side</Name>
  <Value className="java.lang.String">pro</Value>
</Feature>
<Feature>
  <Name className="java.lang.String">url</Name>
  <Value className="java.lang.String">http://keepamericaatwork.com/?p=13470 </Value>
</Feature>
</Annotation>
<Annotation Id="2" Type="arg" StartNode="0" EndNode="57">
<Feature>
  <Name className="java.lang.String">type</Name>
  <Value className="java.lang.String">label</Value>
</Feature>
<Feature>
  <Name className="java.lang.String">ss-label</Name>
  <Value className="java.lang.String">bill_will_improve_healthcare_system</Value>
</Feature>
<Feature>
  <Name className="java.lang.String">polarity</Name>
  <Value className="java.lang.String">positive</Value>
</Feature>
</Annotation>
<Annotation Id="3" Type="arg" StartNode="187" EndNode="384">
<Feature>
  <Name className="java.lang.String">prospect</Name>
  <Value className="java.lang.String">gain</Value>
</Feature>
<Feature>
  <Name className="java.lang.String">ss-label</Name>
  <Value className="java.lang.String">keeping_adult_children_on_parents_plan_is_beneficial</Value>
</Feature>
<Feature>
  <Name className="java.lang.String">type</Name>
  <Value className="java.lang.String">label</Value>
</Feature>
<Feature>
  <Name className="java.lang.String">group</Name>
  <Value className="java.lang.String">other-group</Value>
</Feature>
<Feature>
  <Name className="java.lang.String">polarity</Name>
  <Value className="java.lang.String">positive</Value>
</Feature>
</Annotation>
<Annotation Id="4" Type="rel" StartNode="59" EndNode="181">
<Feature>
  <Name className="java.lang.String">type</Name>
  <Value className="java.lang.String">label</Value>
</Feature>
<Feature>
  <Name className="java.lang.String">ss-label</Name>
  <Value className="java.lang.String">keeping_adult_children_on_parents_plan_is_beneficial</Value>
</Feature>
</Annotation>
<Annotation Id="5" Type="rel" StartNode="387" EndNode="676">
<Feature>
  <Name className="java.lang.String">type</Name>
  <Value className="java.lang.String">label</Value>
</Feature>
<Feature>
  <Name className="java.lang.String">ss-label</Name>
  <Value className="java.lang.String">keeping_adult_children_on_parents_plan_is_beneficial</Value>
</Feature>
</Annotation>
<Annotation Id="6" Type="arg" StartNode="1139" EndNode="1380">
<Feature>
  <Name className="java.lang.String">prospect</Name>
  <Value className="java.lang.String">gain</Value>
</Feature>
<Feature>
  <Name className="java.lang.String">ss-label</Name>
  <Value className="java.lang.String">eliminates_caps_on_coverage</Value>
</Feature>
<Feature>
  <Name className="java.lang.String">type</Name>
  <Value className="java.lang.String">label</Value>
</Feature>
<Feature>
  <Name className="java.lang.String">group</Name>
  <Value className="java.lang.String">other-group</Value>
</Feature>
<Feature>
  <Name className="java.lang.String">polarity</Name>
  <Value className="java.lang.String">positive</Value>
</Feature>
</Annotation>
<Annotation Id="7" Type="arg" StartNode="1574" EndNode="1715">
<Feature>
  <Name className="java.lang.String">prospect</Name>
  <Value className="java.lang.String">gain</Value>
</Feature>
<Feature>
  <Name className="java.lang.String">ss-label</Name>
  <Value className="java.lang.String">eliminates_caps_on_coverage</Value>
</Feature>
<Feature>
  <Name className="java.lang.String">type</Name>
  <Value className="java.lang.String">label</Value>
</Feature>
<Feature>
  <Name className="java.lang.String">group</Name>
  <Value className="java.lang.String">other-group</Value>
</Feature>
<Feature>
  <Name className="java.lang.String">polarity</Name>
  <Value className="java.lang.String">positive</Value>
</Feature>
</Annotation>
<Annotation Id="8" Type="arg" StartNode="1717" EndNode="1852">
<Feature>
  <Name className="java.lang.String">prospect</Name>
  <Value className="java.lang.String">loss</Value>
</Feature>
<Feature>
  <Name className="java.lang.String">ss-label</Name>
  <Value className="java.lang.String">eliminates_caps_on_coverage</Value>
</Feature>
<Feature>
  <Name className="java.lang.String">type</Name>
  <Value className="java.lang.String">label</Value>
</Feature>
<Feature>
  <Name className="java.lang.String">group</Name>
  <Value className="java.lang.String">other-group</Value>
</Feature>
<Feature>
  <Name className="java.lang.String">polarity</Name>
  <Value className="java.lang.String">negative</Value>
</Feature>
</Annotation>
<Annotation Id="9" Type="rel" StartNode="1382" EndNode="1505">
<Feature>
  <Name className="java.lang.String">type</Name>
  <Value className="java.lang.String">label</Value>
</Feature>
<Feature>
  <Name className="java.lang.String">ss-label</Name>
  <Value className="java.lang.String">eliminates_caps_on_coverage</Value>
</Feature>
</Annotation>
<Annotation Id="10" Type="arg" StartNode="1854" EndNode="2030">
<Feature>
  <Name className="java.lang.String">prospect</Name>
  <Value className="java.lang.String">gain</Value>
</Feature>
<Feature>
  <Name className="java.lang.String">ss-label</Name>
  <Value className="java.lang.String">helps_seniors_pay_for_meds</Value>
</Feature>
<Feature>
  <Name className="java.lang.String">type</Name>
  <Value className="java.lang.String">label</Value>
</Feature>
<Feature>
  <Name className="java.lang.String">group</Name>
  <Value className="java.lang.String">self-group</Value>
</Feature>
<Feature>
  <Name className="java.lang.String">polarity</Name>
  <Value className="java.lang.String">negative</Value>
</Feature>
</Annotation>
<Annotation Id="11" Type="rel" StartNode="2032" EndNode="2285">
<Feature>
  <Name className="java.lang.String">type</Name>
  <Value className="java.lang.String">label</Value>
</Feature>
<Feature>
  <Name className="java.lang.String">ss-label</Name>
  <Value className="java.lang.String">helps_seniors_pay_for_meds</Value>
</Feature>
</Annotation>
<Annotation Id="12" Type="arg" StartNode="2920" EndNode="3052">
<Feature>
  <Name className="java.lang.String">prospect</Name>
  <Value className="java.lang.String">gain</Value>
</Feature>
<Feature>
  <Name className="java.lang.String">ss-label</Name>
  <Value className="java.lang.String">helps_seniors_pay_for_meds</Value>
</Feature>
<Feature>
  <Name className="java.lang.String">type</Name>
  <Value className="java.lang.String">label</Value>
</Feature>
<Feature>
  <Name className="java.lang.String">group</Name>
  <Value className="java.lang.String">other-group</Value>
</Feature>
<Feature>
  <Name className="java.lang.String">polarity</Name>
  <Value className="java.lang.String">positive</Value>
</Feature>
</Annotation>
<Annotation Id="13" Type="rel" StartNode="2619" EndNode="2918">
<Feature>
  <Name className="java.lang.String">type</Name>
  <Value className="java.lang.String">label</Value>
</Feature>
<Feature>
  <Name className="java.lang.String">ss-label</Name>
  <Value className="java.lang.String">helps_seniors_pay_for_meds</Value>
</Feature>
</Annotation>
<Annotation Id="14" Type="arg" StartNode="3054" EndNode="3198">
<Feature>
  <Name className="java.lang.String">type</Name>
  <Value className="java.lang.String">label</Value>
</Feature>
<Feature>
  <Name className="java.lang.String">ss-label</Name>
  <Value className="java.lang.String">helps_small_business</Value>
</Feature>
<Feature>
  <Name className="java.lang.String">polarity</Name>
  <Value className="java.lang.String">positive</Value>
</Feature>
</Annotation>
<Annotation Id="15" Type="rel" StartNode="3364" EndNode="3730">
<Feature>
  <Name className="java.lang.String">type</Name>
  <Value className="java.lang.String">label</Value>
</Feature>
<Feature>
  <Name className="java.lang.String">ss-label</Name>
  <Value className="java.lang.String">helps_small_business</Value>
</Feature>
</Annotation>
<Annotation Id="17" Type="arg" StartNode="3816" EndNode="3987">
<Feature>
  <Name className="java.lang.String">type</Name>
  <Value className="java.lang.String">label</Value>
</Feature>
<Feature>
  <Name className="java.lang.String">ss-label</Name>
  <Value className="java.lang.String">expands/guarantees_access_to_preventative_care</Value>
</Feature>
<Feature>
  <Name className="java.lang.String">polarity</Name>
  <Value className="java.lang.String">positive</Value>
</Feature>
</Annotation>
<Annotation Id="16" Type="arg" StartNode="3206" EndNode="3297">
<Feature>
  <Name className="java.lang.String">prospect</Name>
  <Value className="java.lang.String">gain</Value>
</Feature>
<Feature>
  <Name className="java.lang.String">ss-label</Name>
  <Value className="java.lang.String">expands/guarentees_access_to_insurance</Value>
</Feature>
<Feature>
  <Name className="java.lang.String">type</Name>
  <Value className="java.lang.String">label</Value>
</Feature>
<Feature>
  <Name className="java.lang.String">group</Name>
  <Value className="java.lang.String">other-group</Value>
</Feature>
<Feature>
  <Name className="java.lang.String">polarity</Name>
  <Value className="java.lang.String">both</Value>
</Feature>
</Annotation>
<Annotation Id="19" Type="rel" StartNode="4142" EndNode="4333">
<Feature>
  <Name className="java.lang.String">type</Name>
  <Value className="java.lang.String">label</Value>
</Feature>
<Feature>
  <Name className="java.lang.String">ss-label</Name>
  <Value className="java.lang.String">expands/guarantees_access_to_preventative_care</Value>
</Feature>
</Annotation>
<Annotation Id="18" Type="arg" StartNode="4020" EndNode="4140">
<Feature>
  <Name className="java.lang.String">prospect</Name>
  <Value className="java.lang.String">gain</Value>
</Feature>
<Feature>
  <Name className="java.lang.String">ss-label</Name>
  <Value className="java.lang.String">expands/guarantees_access_to_preventative_care</Value>
</Feature>
<Feature>
  <Name className="java.lang.String">type</Name>
  <Value className="java.lang.String">label</Value>
</Feature>
<Feature>
  <Name className="java.lang.String">group</Name>
  <Value className="java.lang.String">self-group</Value>
</Feature>
<Feature>
  <Name className="java.lang.String">polarity</Name>
  <Value className="java.lang.String">positive</Value>
</Feature>
</Annotation>
<Annotation Id="21" Type="arg" StartNode="4385" EndNode="4584">
<Feature>
  <Name className="java.lang.String">prospect</Name>
  <Value className="java.lang.String">gain</Value>
</Feature>
<Feature>
  <Name className="java.lang.String">ss-label</Name>
  <Value className="java.lang.String">expands/guarantees_access_to_preventative_care</Value>
</Feature>
<Feature>
  <Name className="java.lang.String">type</Name>
  <Value className="java.lang.String">label</Value>
</Feature>
<Feature>
  <Name className="java.lang.String">group</Name>
  <Value className="java.lang.String">other-group</Value>
</Feature>
<Feature>
  <Name className="java.lang.String">polarity</Name>
  <Value className="java.lang.String">positive</Value>
</Feature>
</Annotation>
<Annotation Id="20" Type="arg" StartNode="4335" EndNode="4383">
<Feature>
  <Name className="java.lang.String">prospect</Name>
  <Value className="java.lang.String">gain</Value>
</Feature>
<Feature>
  <Name className="java.lang.String">ss-label</Name>
  <Value className="java.lang.String">expands/guarantees_access_to_preventative_care</Value>
</Feature>
<Feature>
  <Name className="java.lang.String">type</Name>
  <Value className="java.lang.String">label</Value>
</Feature>
<Feature>
  <Name className="java.lang.String">group</Name>
  <Value className="java.lang.String">self-group</Value>
</Feature>
<Feature>
  <Name className="java.lang.String">polarity</Name>
  <Value className="java.lang.String">positive</Value>
</Feature>
</Annotation>
<Annotation Id="23" Type="rel" StartNode="4724" EndNode="4743">
<Feature>
  <Name className="java.lang.String">id</Name>
  <Value className="java.lang.String">r1</Value>
</Feature>
</Annotation>
<Annotation Id="22" Type="arg" StartNode="4682" EndNode="4884">
<Feature>
  <Name className="java.lang.String">unclear</Name>
  <Value className="java.lang.String">true</Value>
</Feature>
<Feature>
  <Name className="java.lang.String">ss-label</Name>
  <Value className="java.lang.String">current_system_leads_to_corporate_exploitation</Value>
</Feature>
<Feature>
  <Name className="java.lang.String">type</Name>
  <Value className="java.lang.String">label</Value>
</Feature>
<Feature>
  <Name className="java.lang.String">polarity</Name>
  <Value className="java.lang.String">both</Value>
</Feature>
</Annotation>
<Annotation Id="25" Type="arg" StartNode="5169" EndNode="5223">
<Feature>
  <Name className="java.lang.String">type</Name>
  <Value className="java.lang.String">label</Value>
</Feature>
<Feature>
  <Name className="java.lang.String">ss-label</Name>
  <Value className="java.lang.String">healthcare_is_a_right</Value>
</Feature>
<Feature>
  <Name className="java.lang.String">polarity</Name>
  <Value className="java.lang.String">positive</Value>
</Feature>
</Annotation>
<Annotation Id="24" Type="arg" StartNode="4886" EndNode="5004">
<Feature>
  <Name className="java.lang.String">ss-label</Name>
  <Value className="java.lang.String">current_system_leads_to_corporate_exploitation</Value>
</Feature>
<Feature>
  <Name className="java.lang.String">type</Name>
  <Value className="java.lang.String">label</Value>
</Feature>
<Feature>
  <Name className="java.lang.String">about-rel</Name>
  <Value className="java.lang.String">r1</Value>
</Feature>
<Feature>
  <Name className="java.lang.String">polarity</Name>
  <Value className="java.lang.String">negative</Value>
</Feature>
</Annotation>
<Annotation Id="27" Type="rel" StartNode="5611" EndNode="5630">
<Feature>
  <Name className="java.lang.String">id</Name>
  <Value className="java.lang.String">r2</Value>
</Feature>
</Annotation>
<Annotation Id="26" Type="arg" StartNode="5225" EndNode="5323">
<Feature>
  <Name className="java.lang.String">type</Name>
  <Value className="java.lang.String">label</Value>
</Feature>
<Feature>
  <Name className="java.lang.String">ss-label</Name>
  <Value className="java.lang.String">expands/guarentees_access_to_insurance</Value>
</Feature>
<Feature>
  <Name className="java.lang.String">polarity</Name>
  <Value className="java.lang.String">positive</Value>
</Feature>
</Annotation>
<Annotation Id="28" Type="arg" StartNode="5661" EndNode="5742">
<Feature>
  <Name className="java.lang.String">prospect</Name>
  <Value className="java.lang.String">gain</Value>
</Feature>
<Feature>
  <Name className="java.lang.String">ss-label</Name>
  <Value className="java.lang.String">expands/guarentees_access_to_insurance</Value>
</Feature>
<Feature>
  <Name className="java.lang.String">type</Name>
  <Value className="java.lang.String">label</Value>
</Feature>
<Feature>
  <Name className="java.lang.String">group</Name>
  <Value className="java.lang.String">self-group</Value>
</Feature>
<Feature>
  <Name className="java.lang.String">about-rel</Name>
  <Value className="java.lang.String">r2</Value>
</Feature>
<Feature>
  <Name className="java.lang.String">polarity</Name>
  <Value className="java.lang.String">positive</Value>
</Feature>
</Annotation>
<Annotation Id="30" Type="arg" StartNode="5503" EndNode="5598">
<Feature>
  <Name className="java.lang.String">type</Name>
  <Value className="java.lang.String">label</Value>
</Feature>
<Feature>
  <Name className="java.lang.String">ss-label</Name>
  <Value className="java.lang.String">many_currently_without_insurance</Value>
</Feature>
<Feature>
  <Name className="java.lang.String">polarity</Name>
  <Value className="java.lang.String">negative</Value>
</Feature>
</Annotation>
</AnnotationSet>

<!-- Named annotation set -->

<AnnotationSet Name="Original markups">
<Annotation Id="0" Type="paragraph" StartNode="0" EndNode="5743">
</Annotation>
</AnnotationSet>

</GateDocument>
