<?xml version='1.0' encoding='US-ASCII'?>
<GateDocument>
<!-- The document's features-->

<GateDocumentFeatures>
<Feature>
  <Name className="java.lang.String">gate.SourceURL</Name>
  <Value className="java.lang.String">file:/E:/Users/conrada/Documents/My%20Dropbox/healthcare_devel_data_final/hc029.txt</Value>
</Feature>
<Feature>
  <Name className="java.lang.String">MimeType</Name>
  <Value className="java.lang.String">text/plain</Value>
</Feature>
<Feature>
  <Name className="java.lang.String">docNewLineType</Name>
  <Value className="java.lang.String">CRLF</Value>
</Feature>
</GateDocumentFeatures>
<!-- The document content area with serialized nodes -->

<TextWithNodes><Node id="0" />Friday, November 19, 2010 
<Node id="27" />Obamacare Headache<Node id="45" />: Get an Rx for Aspirin 
 Starting next year, <Node id="91" />consumers proactive and responsible enough to set aside pre-tax income in Flexible Spending Accounts to pay for out-of-pocket medical expenses with their own money will be allowed to use the funds to purchase bandages but not Bayer aspirin, crutches but not Claritin allergy tabs, eyeglasses but not ibuprofen pain reliever. 
 That is, unless those savvy consumers get their doctor to write a prescription for their over-the-counter medications. 
<Node id="538" />
 That's right - getting a prescription for aspirin in 2011. 
 Apparently health care reformers believe the United States has so many physicians with empty appointment calendars that they are the Maytag repairmen of the 21st century. 
 The doctors apparently need to fill up their time seeing mildly ill patients - and collecting their co-pays - to write prescriptions for medications the Food and Drug Administration has determined don't require them. 
 <Node id="993" />The change discourages the kind of personal responsibility for medical bills that health reform was supposed to engender. 
<Node id="1116" />
 Instead, <Node id="1127" />it encourages patients and physicians to game the system. Most folks will likely take two aspirin and call the Flexible Spending Accounts quits in the morning. 
<Node id="1288" />
 If the issue is the nation can no longer afford this meager middle-class tax break, then the looming 2013 reform - a cap on what can be set aside in the accounts - makes more sense. 
 Unfortunately, the prescribed dosage is way off: The cap will be $2,500 while the average set-aside to date is well below it at $1,500. 
 A<Node id="1613" />lso unfortunate? An alleged health care reform that kills personal responsibility in favor of killing time<Node id="1719" /> - and trees for prescription pads. 
<Node id="1756" />
<Node id="1757" /></TextWithNodes>
<!-- The default annotation set -->

<AnnotationSet>
<Annotation Id="2" Type="doc" StartNode="27" EndNode="1756">
<Feature>
  <Name className="java.lang.String">id</Name>
  <Value className="java.lang.String">hc029</Value>
</Feature>
<Feature>
  <Name className="java.lang.String">date</Name>
  <Value className="java.lang.String">20101119</Value>
</Feature>
<Feature>
  <Name className="java.lang.String">source</Name>
  <Value className="java.lang.String">Albuquerque,Journal,ABQJournal</Value>
</Feature>
<Feature>
  <Name className="java.lang.String">side</Name>
  <Value className="java.lang.String">anti</Value>
</Feature>
<Feature>
  <Name className="java.lang.String">url</Name>
  <Value className="java.lang.String">http://www.abqjournal.com/opinion/editorials/192121210472opinioneditorials11-19-10.htm</Value>
</Feature>
</Annotation>
<Annotation Id="3" Type="arg" StartNode="27" EndNode="45">
<Feature>
  <Name className="java.lang.String">ss-label</Name>
  <Value className="java.lang.String">bill_will_hurt_healthcare_system</Value>
</Feature>
<Feature>
  <Name className="java.lang.String">unclear</Name>
  <Value className="java.lang.String">true</Value>
</Feature>
<Feature>
  <Name className="java.lang.String">type</Name>
  <Value className="java.lang.String">label</Value>
</Feature>
<Feature>
  <Name className="java.lang.String">polarity</Name>
  <Value className="java.lang.String">negative</Value>
</Feature>
<Feature>
  <Name className="java.lang.String">incomplete</Name>
  <Value className="java.lang.String">true</Value>
</Feature>
</Annotation>
<Annotation Id="5" Type="rel" StartNode="91" EndNode="538">
<Feature>
  <Name className="java.lang.String">type</Name>
  <Value className="java.lang.String">label</Value>
</Feature>
<Feature>
  <Name className="java.lang.String">ss-label</Name>
  <Value className="java.lang.String">restricts_flexible_spending_accounts</Value>
</Feature>
</Annotation>
<Annotation Id="6" Type="arg" StartNode="993" EndNode="1116">
<Feature>
  <Name className="java.lang.String">type</Name>
  <Value className="java.lang.String">label</Value>
</Feature>
<Feature>
  <Name className="java.lang.String">ss-label</Name>
  <Value className="java.lang.String">discourages_personal_responsibility</Value>
</Feature>
<Feature>
  <Name className="java.lang.String">polarity</Name>
  <Value className="java.lang.String">negative</Value>
</Feature>
</Annotation>
<Annotation Id="7" Type="arg" StartNode="1613" EndNode="1719">
<Feature>
  <Name className="java.lang.String">type</Name>
  <Value className="java.lang.String">label</Value>
</Feature>
<Feature>
  <Name className="java.lang.String">ss-label</Name>
  <Value className="java.lang.String">discourages_personal_responsibility</Value>
</Feature>
<Feature>
  <Name className="java.lang.String">polarity</Name>
  <Value className="java.lang.String">negative</Value>
</Feature>
</Annotation>
<Annotation Id="8" Type="arg" StartNode="1127" EndNode="1288">
<Feature>
  <Name className="java.lang.String">unclear</Name>
  <Value className="java.lang.String">true</Value>
</Feature>
<Feature>
  <Name className="java.lang.String">ss-label</Name>
  <Value className="java.lang.String">restricts_flexible_spending_accounts</Value>
</Feature>
<Feature>
  <Name className="java.lang.String">type</Name>
  <Value className="java.lang.String">label</Value>
</Feature>
<Feature>
  <Name className="java.lang.String">polarity</Name>
  <Value className="java.lang.String">negative</Value>
</Feature>
<Feature>
  <Name className="java.lang.String">incomplete</Name>
  <Value className="java.lang.String">true</Value>
</Feature>
</Annotation>
</AnnotationSet>

<!-- Named annotation set -->

<AnnotationSet Name="Original markups">
<Annotation Id="0" Type="paragraph" StartNode="0" EndNode="1757">
</Annotation>
</AnnotationSet>

</GateDocument>
