<?xml version='1.0' encoding='US-ASCII'?>
<GateDocument>
<!-- The document's features-->

<GateDocumentFeatures>
<Feature>
  <Name className="java.lang.String">gate.SourceURL</Name>
  <Value className="java.lang.String">file:/home/conrada/Dropbox/healthcare_devel_data_final/hc024.txt</Value>
</Feature>
<Feature>
  <Name className="java.lang.String">MimeType</Name>
  <Value className="java.lang.String">text/plain</Value>
</Feature>
<Feature>
  <Name className="java.lang.String">docNewLineType</Name>
  <Value className="java.lang.String">CRLF</Value>
</Feature>
</GateDocumentFeatures>
<!-- The document content area with serialized nodes -->

<TextWithNodes><Node id="0" />Sicker by the day: Health care reform gets a little weaker with each ugly deal
<Node id="79" />
 <Node id="81" />Deal by deal, favor by favor, the White House and congressional Democrats are making an ever more unsavory hash of health care reform.
<Node id="216" />
 <Node id="218" />The latest maneuver severely weakened one of the best features of the bill that passed the Senate: an end to the tax exemption on so-called Cadillac health insurance plans.
 The legislation called for taxing the most expensive coverage plans as a way to raise revenue and, more importantly, put a brake on rising health costs. 
 In the words of MIT economist Jonathan Gruber: "It's generally viewed as one of the very few things we know can actually help with health care cost control, which is an important goal of this bill."
<Node id="746" />
 But now <Node id="756" />organized labor has muscled the Obama administration and congressional leaders into gutting the provision so that - outrageously - unionized workers who have top plans get special treatment over employees who have similarly costly coverage but are not union members.
<Node id="1023" />
 Asterisk by asterisk, alteration by alteration, <Node id="1073" />the Democrats are undermining the goals of cost containment, fairness and economic feasibility in a last desperate push to get a bill done.
<Node id="1213" />
 That's what happened when <Node id="1241" />Nebraska Sen. Ben Nelson wangled a special deal for his state that hammered New York<Node id="1325" />. And that's what happened when <Node id="1357" />labor demanded protection for its members as the tab for support.
<Node id="1423" />
<Node id="1424" /></TextWithNodes>
<!-- The default annotation set -->

<AnnotationSet>
<Annotation Id="1" Type="doc" StartNode="0" EndNode="1424">
<Feature>
  <Name className="java.lang.String">id</Name>
  <Value className="java.lang.String">hc024</Value>
</Feature>
<Feature>
  <Name className="java.lang.String">date</Name>
  <Value className="java.lang.String">20100117</Value>
</Feature>
<Feature>
  <Name className="java.lang.String">source</Name>
  <Value className="java.lang.String">nydailynews,New,York,Daily,News</Value>
</Feature>
<Feature>
  <Name className="java.lang.String">side</Name>
  <Value className="java.lang.String">anti</Value>
</Feature>
<Feature>
  <Name className="java.lang.String">url</Name>
  <Value className="java.lang.String">ttp://www.nydailynews.com/opinions/2010/01/17/2010-01-17_sicker_by_the_day.html </Value>
</Feature>
</Annotation>
<Annotation Id="2" Type="arg" StartNode="0" EndNode="79">
<Feature>
  <Name className="java.lang.String">ss-label</Name>
  <Value className="java.lang.String">votes_bought_through_kickbacks</Value>
</Feature>
<Feature>
  <Name className="java.lang.String">unclear</Name>
  <Value className="java.lang.String">true</Value>
</Feature>
<Feature>
  <Name className="java.lang.String">type</Name>
  <Value className="java.lang.String">label</Value>
</Feature>
<Feature>
  <Name className="java.lang.String">polarity</Name>
  <Value className="java.lang.String">negative</Value>
</Feature>
</Annotation>
<Annotation Id="3" Type="arg" StartNode="81" EndNode="216">
<Feature>
  <Name className="java.lang.String">type</Name>
  <Value className="java.lang.String">label</Value>
</Feature>
<Feature>
  <Name className="java.lang.String">ss-label</Name>
  <Value className="java.lang.String">votes_bought_through_kickbacks</Value>
</Feature>
<Feature>
  <Name className="java.lang.String">polarity</Name>
  <Value className="java.lang.String">negative</Value>
</Feature>
</Annotation>
<Annotation Id="4" Type="arg" StartNode="756" EndNode="1023">
<Feature>
  <Name className="java.lang.String">type</Name>
  <Value className="java.lang.String">label</Value>
</Feature>
<Feature>
  <Name className="java.lang.String">ss-label</Name>
  <Value className="java.lang.String">unions_unfairly_favored</Value>
</Feature>
<Feature>
  <Name className="java.lang.String">polarity</Name>
  <Value className="java.lang.String">negative</Value>
</Feature>
</Annotation>
<Annotation Id="5" Type="rel" StartNode="218" EndNode="746">
<Feature>
  <Name className="java.lang.String">type</Name>
  <Value className="java.lang.String">label</Value>
</Feature>
<Feature>
  <Name className="java.lang.String">unclear</Name>
  <Value className="java.lang.String">true</Value>
</Feature>
<Feature>
  <Name className="java.lang.String">ss-label</Name>
  <Value className="java.lang.String">unions_unfairly_favored</Value>
</Feature>
</Annotation>
<Annotation Id="6" Type="arg" StartNode="1073" EndNode="1213">
<Feature>
  <Name className="java.lang.String">type</Name>
  <Value className="java.lang.String">label</Value>
</Feature>
<Feature>
  <Name className="java.lang.String">ss-label</Name>
  <Value className="java.lang.String">bill_passage_is_politically_motivated</Value>
</Feature>
<Feature>
  <Name className="java.lang.String">polarity</Name>
  <Value className="java.lang.String">negative</Value>
</Feature>
</Annotation>
<Annotation Id="7" Type="arg" StartNode="1241" EndNode="1325">
<Feature>
  <Name className="java.lang.String">ss-label</Name>
  <Value className="java.lang.String">votes_bought_through_kickbacks</Value>
</Feature>
<Feature>
  <Name className="java.lang.String">type</Name>
  <Value className="java.lang.String">label</Value>
</Feature>
<Feature>
  <Name className="java.lang.String">polarity</Name>
  <Value className="java.lang.String">negative</Value>
</Feature>
<Feature>
  <Name className="java.lang.String">incomplete</Name>
  <Value className="java.lang.String">true</Value>
</Feature>
</Annotation>
<Annotation Id="8" Type="arg" StartNode="1357" EndNode="1423">
<Feature>
  <Name className="java.lang.String">ss-label</Name>
  <Value className="java.lang.String">unions_unfairly_favored</Value>
</Feature>
<Feature>
  <Name className="java.lang.String">type</Name>
  <Value className="java.lang.String">label</Value>
</Feature>
<Feature>
  <Name className="java.lang.String">polarity</Name>
  <Value className="java.lang.String">negative</Value>
</Feature>
<Feature>
  <Name className="java.lang.String">incomplete</Name>
  <Value className="java.lang.String">true</Value>
</Feature>
</Annotation>
</AnnotationSet>

<!-- Named annotation set -->

<AnnotationSet Name="Original markups">
<Annotation Id="0" Type="paragraph" StartNode="0" EndNode="1424">
</Annotation>
</AnnotationSet>

</GateDocument>
