<?xml version='1.0' encoding='US-ASCII'?>
<GateDocument>
<!-- The document's features-->

<GateDocumentFeatures>
<Feature>
  <Name className="java.lang.String">gate.SourceURL</Name>
  <Value className="java.lang.String">file:/E:/Users/conrada/Documents/My%20Dropbox/healthcare_devel_data_final/hc028.txt</Value>
</Feature>
<Feature>
  <Name className="java.lang.String">MimeType</Name>
  <Value className="java.lang.String">text/plain</Value>
</Feature>
<Feature>
  <Name className="java.lang.String">docNewLineType</Name>
  <Value className="java.lang.String">CRLF</Value>
</Feature>
</GateDocumentFeatures>
<!-- The document content area with serialized nodes -->

<TextWithNodes><Node id="0" />More Obamacare insanity<Node id="23" />: Sebelius' shameless attempt to jawbone insurers on costs
ANDREA TANTAROS
 <Node id="99" />In early September, Health and Human Services Secretary <Node id="155" />Kathleen Sebelius<Node id="172" /> - throwing her new weight around after the passage of Obamacare - threatened the health insurance industry with a letter that spelled out "zero tolerance" for "unjustified rate increases."
<Node id="362" />
 This week, <Node id="375" />her agency unveiled a new rule that allows the federal government to decide what counts as an "unreasonable" rate increase. 
<Node id="500" />
 The upshot: If an insurance company increases the cost of a premium to above 10%, it may well feel the wrath of the feds.
 There's just one problem: Under Obamacare, the federal government does not have the authority to block or overturn an insurance price increase. 
 (Congress debated whether or not to give the Health and Human Services Department this authority during the crafting of the legislation, but it was ultimately rejected.) 
 In point of fact, <Node id="961" />43 states already regulate and approve rates in the individual or small business market<Node id="1048" /> through their insurance commissioners. 
 <Node id="1090" />This new law would let them continue to do their job - unless the federal government were to decide that their reviews weren't "effective." 
<Node id="1231" />
 Once again, <Node id="1245" />government is overreaching and telling private business what to do.
<Node id="1313" />
 Stop for a moment and digest how silly all this is. 
<Node id="1368" /> Sebelius and her crew can scold insurance companies in public, but they have zero actual power to actually get a company to lower the objectionable cost. 
<Node id="1524" />
<Node id="1525" /> It's the politicization of price controls - big government at its strong-arming worst.
<Node id="1613" />
 But <Node id="1619" />there's a deeper problem here: The idea that our federal government, which is mandating that insurance companies to do more and more, can at the very same time be bullying by way of executive power to force them to charge less and less. 
<Node id="1857" />
 <Node id="1859" />We often decry "unfunded mandates" when they hit states and local governments; why should we just roll our eyes when the target is private industry? 
 The disconnect within the Obama administration either reveals how little it cares about the laws of economics or how convinced it is that it can single-handedly rewrite them.
<Node id="2185" />
 <Node id="2187" />With the passage of Obamacare, the government slapped the managed care industry with a plethora of new must-do's<Node id="2299" />: <Node id="2301" />For example, requiring that the insurers cover young adults until they're 26  and banning them from denying coverage for anyone with preexisting conditions; mandating coverage of immunizations, and getting rid of lifetime limits.
<Node id="2531" />
 <Node id="2533" />To add all these new requirements, then in the same breath to tell insurers that they cannot raise premiums<Node id="2640" />, <Node id="2642" />is like telling General Motors that the cars it produces need to have side air bags, hybrid engines and state-of-the-art sound systems, but they can't raise a single sticker price.
<Node id="2823" />
 "<Node id="2826" />The regulatory apparatus developing in the wake of the health reform law is leading to the politicization of the U.S. health care system<Node id="2962" />," says Bill Smith, a former pharmaceutical executive and now a health care consultant with National Strategies in Washington, "and <Node id="3094" />we have seen in the European context how political control of health care destroys innovation<Node id="3187" />."
 So what does this mean for the insurance industry? 
 Expect the market - which was already distorted in many ways - to get even more chaotic. 
 Besides the regulations creating <Node id="3368" />a media frenzy for press-hungry politicians who can use insurers as a punching bag<Node id="3450" />,  insurers will have to publicly justify why they are raising rates (through a statement on their website, for example).
 <Node id="3573" />For a provider in a state like New York, a lashing from Washington could put pressure on our insurance commissioner to rein in any proposed increases. 
<Node id="3725" />
 <Node id="3727" />The insurer could be pressured into keeping the rate low, which could in turn lead a New York-based insurer to pull out of the small-group or individual market, thus giving us fewer options.
<Node id="3918" />
 So while <Node id="3929" />Sebelius' new rule<Node id="3947" /> gives her little new legal authority, <Node id="3986" />it does give her the power to alter insurers' behavior through public shaming<Node id="4063" /> - a powerful political tool when anti-business sentiment is running so high.
 And <Node id="4146" />although insurers are required to cover certain benefits, they could diminish other, less essential ones, thus giving us, the patients, a watered-down product.
<Node id="4306" />
 Plus, <Node id="4314" />Obamacare was bad enough<Node id="4338" />. 
 Now, thousands of additional regulations are sprouting up in addition to the bill. 
 (Sebelius' new rule is 136 pages long - on top of a 2,000-plus page health care bill). 
 But,<Node id="4520" /> under the Medical Loss Ratio rule in the Obamacare bill, insurers are not allowed to spend more on administrative costs. 
 So how are they supposed to read through this mountain of new mandates?
<Node id="4716" />
 <Node id="4718" />The irony of it all is that Obamacare was supposed to provide coverage for everyone, and now it's squeezing the same industry that provides the coverage<Node id="4870" />. <Node id="4872" />This puts our nation on the road to a public option, the left's ultimate goal.<Node id="4950" /> 
 <Node id="4953" />When premiums are squeezed but benefits are enriched, it is a recipe for insurers to withdraw from the market. 
<Node id="5065" />
 <Node id="5067" />This could help politicians make the case for a government option in 2014, when the insurance exchanges go into effect. 
 Since an estimated 30 million people could be buying insurance through these exchanges, the threat is very real - and very troublesome.
<Node id="5325" />
 So while <Node id="5336" />Obama and Sebelius tighten their grip<Node id="5373" />, <Node id="5375" />we, the patients, stand to pay the price.<Node id="5416" /> 
 It's enough to make us sick.
andrea@andreatantaros.com
Andrea Tantaros, whose column appears on Thursdays on NYDailyNews.com and often in the print edition of the newspaper, is a political commentator as well as a corporate communications executive. 
She previously served as a senior adviser on a number of political campaigns and as communications director for former Massachusetts Gov. Bill Weld and Rep. Thomas Reynolds, and on Capitol Hill as press secretary for Republican leadership. 
Tantaros lives in New York City.
<Node id="5944" /></TextWithNodes>
<!-- The default annotation set -->

<AnnotationSet>
<Annotation Id="1" Type="doc" StartNode="0" EndNode="5944">
<Feature>
  <Name className="java.lang.String">id</Name>
  <Value className="java.lang.String">hc028</Value>
</Feature>
<Feature>
  <Name className="java.lang.String">author</Name>
  <Value className="java.lang.String">Andrea,Tantaros</Value>
</Feature>
<Feature>
  <Name className="java.lang.String">source</Name>
  <Value className="java.lang.String">nydailynews,New,York,Daily,News</Value>
</Feature>
<Feature>
  <Name className="java.lang.String">date</Name>
  <Value className="java.lang.String">20101223</Value>
</Feature>
<Feature>
  <Name className="java.lang.String">side</Name>
  <Value className="java.lang.String">anti</Value>
</Feature>
<Feature>
  <Name className="java.lang.String">url</Name>
  <Value className="java.lang.String">http://www.nydailynews.com/opinions/2010/12/23/2010-12-23_more_obamacare_insanity_kathleen_sebelius_shameless_attempt_to_jawbone_insurers_.html </Value>
</Feature>
</Annotation>
<Annotation Id="2" Type="arg" StartNode="0" EndNode="23">
<Feature>
  <Name className="java.lang.String">ss-label</Name>
  <Value className="java.lang.String">bill_will_hurt_healthcare_system</Value>
</Feature>
<Feature>
  <Name className="java.lang.String">type</Name>
  <Value className="java.lang.String">label</Value>
</Feature>
<Feature>
  <Name className="java.lang.String">polarity</Name>
  <Value className="java.lang.String">negative</Value>
</Feature>
<Feature>
  <Name className="java.lang.String">incomplete</Name>
  <Value className="java.lang.String">true</Value>
</Feature>
</Annotation>
<Annotation Id="3" Type="arg" StartNode="375" EndNode="500">
<Feature>
  <Name className="java.lang.String">ss-label</Name>
  <Value className="java.lang.String">centralizes_healthcare_control</Value>
</Feature>
<Feature>
  <Name className="java.lang.String">unclear</Name>
  <Value className="java.lang.String">true</Value>
</Feature>
<Feature>
  <Name className="java.lang.String">type</Name>
  <Value className="java.lang.String">label</Value>
</Feature>
<Feature>
  <Name className="java.lang.String">about-rel</Name>
  <Value className="java.lang.String">r1</Value>
</Feature>
<Feature>
  <Name className="java.lang.String">polarity</Name>
  <Value className="java.lang.String">negative</Value>
</Feature>
</Annotation>
<Annotation Id="4" Type="rel" StartNode="155" EndNode="172">
<Feature>
  <Name className="java.lang.String">id</Name>
  <Value className="java.lang.String">r1</Value>
</Feature>
</Annotation>
<Annotation Id="5" Type="rel" StartNode="99" EndNode="362">
<Feature>
  <Name className="java.lang.String">type</Name>
  <Value className="java.lang.String">label</Value>
</Feature>
<Feature>
  <Name className="java.lang.String">ss-label</Name>
  <Value className="java.lang.String">centralizes_healthcare_control</Value>
</Feature>
</Annotation>
<Annotation Id="6" Type="rel" StartNode="961" EndNode="1048">
<Feature>
  <Name className="java.lang.String">id</Name>
  <Value className="java.lang.String">r2</Value>
</Feature>
</Annotation>
<Annotation Id="7" Type="arg" StartNode="1090" EndNode="1231">
<Feature>
  <Name className="java.lang.String">unclear</Name>
  <Value className="java.lang.String">true</Value>
</Feature>
<Feature>
  <Name className="java.lang.String">ss-label</Name>
  <Value className="java.lang.String">interferes_with_states_ability_to_regulate</Value>
</Feature>
<Feature>
  <Name className="java.lang.String">type</Name>
  <Value className="java.lang.String">label</Value>
</Feature>
<Feature>
  <Name className="java.lang.String">about-rel</Name>
  <Value className="java.lang.String">r2</Value>
</Feature>
<Feature>
  <Name className="java.lang.String">polarity</Name>
  <Value className="java.lang.String">negative</Value>
</Feature>
</Annotation>
<Annotation Id="8" Type="arg" StartNode="1245" EndNode="1313">
<Feature>
  <Name className="java.lang.String">type</Name>
  <Value className="java.lang.String">label</Value>
</Feature>
<Feature>
  <Name className="java.lang.String">ss-label</Name>
  <Value className="java.lang.String">govt_reaching_beyond_authority</Value>
</Feature>
<Feature>
  <Name className="java.lang.String">polarity</Name>
  <Value className="java.lang.String">negative</Value>
</Feature>
</Annotation>
<Annotation Id="9" Type="rel" StartNode="1368" EndNode="1524">
<Feature>
  <Name className="java.lang.String">type</Name>
  <Value className="java.lang.String">label</Value>
</Feature>
<Feature>
  <Name className="java.lang.String">ss-label</Name>
  <Value className="java.lang.String">govt_reaching_beyond_authority</Value>
</Feature>
</Annotation>
<Annotation Id="10" Type="arg" StartNode="1525" EndNode="1613">
<Feature>
  <Name className="java.lang.String">ss-label</Name>
  <Value className="java.lang.String">govt_reaching_beyond_authority</Value>
</Feature>
<Feature>
  <Name className="java.lang.String">type</Name>
  <Value className="java.lang.String">label</Value>
</Feature>
<Feature>
  <Name className="java.lang.String">polarity</Name>
  <Value className="java.lang.String">negative</Value>
</Feature>
<Feature>
  <Name className="java.lang.String">incomplete</Name>
  <Value className="java.lang.String">true</Value>
</Feature>
</Annotation>
<Annotation Id="11" Type="arg" StartNode="1619" EndNode="1857">
<Feature>
  <Name className="java.lang.String">unclear</Name>
  <Value className="java.lang.String">true</Value>
</Feature>
<Feature>
  <Name className="java.lang.String">ss-label</Name>
  <Value className="java.lang.String">requires_insurers_to_do_too_much</Value>
</Feature>
<Feature>
  <Name className="java.lang.String">type</Name>
  <Value className="java.lang.String">label</Value>
</Feature>
<Feature>
  <Name className="java.lang.String">polarity</Name>
  <Value className="java.lang.String">negative</Value>
</Feature>
</Annotation>
<Annotation Id="13" Type="rel" StartNode="1859" EndNode="2185">
<Feature>
  <Name className="java.lang.String">type</Name>
  <Value className="java.lang.String">label</Value>
</Feature>
<Feature>
  <Name className="java.lang.String">ss-label</Name>
  <Value className="java.lang.String">requires_insurers_to_do_too_much</Value>
</Feature>
</Annotation>
<Annotation Id="14" Type="arg" StartNode="2187" EndNode="2299">
<Feature>
  <Name className="java.lang.String">type</Name>
  <Value className="java.lang.String">label</Value>
</Feature>
<Feature>
  <Name className="java.lang.String">ss-label</Name>
  <Value className="java.lang.String">requires_insurers_to_do_too_much</Value>
</Feature>
<Feature>
  <Name className="java.lang.String">polarity</Name>
  <Value className="java.lang.String">negative</Value>
</Feature>
</Annotation>
<Annotation Id="15" Type="rel" StartNode="2301" EndNode="2531">
<Feature>
  <Name className="java.lang.String">type</Name>
  <Value className="java.lang.String">label</Value>
</Feature>
<Feature>
  <Name className="java.lang.String">ss-label</Name>
  <Value className="java.lang.String">requires_insurers_to_do_too_much</Value>
</Feature>
</Annotation>
<Annotation Id="17" Type="arg" StartNode="2533" EndNode="2640">
<Feature>
  <Name className="java.lang.String">ss-label</Name>
  <Value className="java.lang.String">places_too_many_limits_on_insurers</Value>
</Feature>
<Feature>
  <Name className="java.lang.String">unclear</Name>
  <Value className="java.lang.String">true</Value>
</Feature>
<Feature>
  <Name className="java.lang.String">type</Name>
  <Value className="java.lang.String">label</Value>
</Feature>
<Feature>
  <Name className="java.lang.String">polarity</Name>
  <Value className="java.lang.String">negative</Value>
</Feature>
<Feature>
  <Name className="java.lang.String">incomplete</Name>
  <Value className="java.lang.String">true</Value>
</Feature>
</Annotation>
<Annotation Id="19" Type="arg" StartNode="2826" EndNode="2962">
<Feature>
  <Name className="java.lang.String">unclear</Name>
  <Value className="java.lang.String">true</Value>
</Feature>
<Feature>
  <Name className="java.lang.String">ss-label</Name>
  <Value className="java.lang.String">politicizes_healthcare_system</Value>
</Feature>
<Feature>
  <Name className="java.lang.String">type</Name>
  <Value className="java.lang.String">label</Value>
</Feature>
<Feature>
  <Name className="java.lang.String">polarity</Name>
  <Value className="java.lang.String">negative</Value>
</Feature>
</Annotation>
<Annotation Id="18" Type="rel" StartNode="2642" EndNode="2823">
<Feature>
  <Name className="java.lang.String">type</Name>
  <Value className="java.lang.String">label</Value>
</Feature>
<Feature>
  <Name className="java.lang.String">ss-label</Name>
  <Value className="java.lang.String">places_too_many_limits_on_insurers</Value>
</Feature>
</Annotation>
<Annotation Id="21" Type="arg" StartNode="3368" EndNode="3450">
<Feature>
  <Name className="java.lang.String">type</Name>
  <Value className="java.lang.String">label</Value>
</Feature>
<Feature>
  <Name className="java.lang.String">ss-label</Name>
  <Value className="java.lang.String">attacks_on_insurance_companies_are_politically_motivated</Value>
</Feature>
<Feature>
  <Name className="java.lang.String">polarity</Name>
  <Value className="java.lang.String">negative</Value>
</Feature>
</Annotation>
<Annotation Id="20" Type="arg" StartNode="3094" EndNode="3187">
<Feature>
  <Name className="java.lang.String">unclear</Name>
  <Value className="java.lang.String">true</Value>
</Feature>
<Feature>
  <Name className="java.lang.String">ss-label</Name>
  <Value className="java.lang.String">similar_programs_have_failed_abroad</Value>
</Feature>
<Feature>
  <Name className="java.lang.String">type</Name>
  <Value className="java.lang.String">label</Value>
</Feature>
<Feature>
  <Name className="java.lang.String">polarity</Name>
  <Value className="java.lang.String">negative</Value>
</Feature>
</Annotation>
<Annotation Id="23" Type="arg" StartNode="3727" EndNode="3918">
<Feature>
  <Name className="java.lang.String">type</Name>
  <Value className="java.lang.String">label</Value>
</Feature>
<Feature>
  <Name className="java.lang.String">ss-label</Name>
  <Value className="java.lang.String">hurts_insurance_market</Value>
</Feature>
<Feature>
  <Name className="java.lang.String">polarity</Name>
  <Value className="java.lang.String">negative</Value>
</Feature>
</Annotation>
<Annotation Id="22" Type="arg" StartNode="3573" EndNode="3725">
<Feature>
  <Name className="java.lang.String">unclear</Name>
  <Value className="java.lang.String">true</Value>
</Feature>
<Feature>
  <Name className="java.lang.String">ss-label</Name>
  <Value className="java.lang.String">places_too_many_limits_on_insurers</Value>
</Feature>
<Feature>
  <Name className="java.lang.String">type</Name>
  <Value className="java.lang.String">label</Value>
</Feature>
<Feature>
  <Name className="java.lang.String">polarity</Name>
  <Value className="java.lang.String">negative</Value>
</Feature>
</Annotation>
<Annotation Id="25" Type="arg" StartNode="3986" EndNode="4063">
<Feature>
  <Name className="java.lang.String">ss-label</Name>
  <Value className="java.lang.String">politicizes_healthcare_system</Value>
</Feature>
<Feature>
  <Name className="java.lang.String">unclear</Name>
  <Value className="java.lang.String">true</Value>
</Feature>
<Feature>
  <Name className="java.lang.String">type</Name>
  <Value className="java.lang.String">label</Value>
</Feature>
<Feature>
  <Name className="java.lang.String">polarity</Name>
  <Value className="java.lang.String">negative</Value>
</Feature>
</Annotation>
<Annotation Id="24" Type="rel" StartNode="3929" EndNode="3947">
<Feature>
  <Name className="java.lang.String">id</Name>
  <Value className="java.lang.String">r3</Value>
</Feature>
</Annotation>
<Annotation Id="27" Type="arg" StartNode="4314" EndNode="4338">
<Feature>
  <Name className="java.lang.String">unclear</Name>
  <Value className="java.lang.String">true</Value>
</Feature>
<Feature>
  <Name className="java.lang.String">ss-label</Name>
  <Value className="java.lang.String">bill_will_hurt_healthcare_system</Value>
</Feature>
<Feature>
  <Name className="java.lang.String">type</Name>
  <Value className="java.lang.String">label</Value>
</Feature>
<Feature>
  <Name className="java.lang.String">polarity</Name>
  <Value className="java.lang.String">negative</Value>
</Feature>
<Feature>
  <Name className="java.lang.String">incomplete</Name>
  <Value className="java.lang.String">true</Value>
</Feature>
</Annotation>
<Annotation Id="26" Type="arg" StartNode="4146" EndNode="4306">
<Feature>
  <Name className="java.lang.String">prospect</Name>
  <Value className="java.lang.String">loss</Value>
</Feature>
<Feature>
  <Name className="java.lang.String">ss-label</Name>
  <Value className="java.lang.String">diminishes_quality_of_care</Value>
</Feature>
<Feature>
  <Name className="java.lang.String">type</Name>
  <Value className="java.lang.String">label</Value>
</Feature>
<Feature>
  <Name className="java.lang.String">group</Name>
  <Value className="java.lang.String">self-group</Value>
</Feature>
<Feature>
  <Name className="java.lang.String">polarity</Name>
  <Value className="java.lang.String">negative</Value>
</Feature>
</Annotation>
<Annotation Id="29" Type="arg" StartNode="4953" EndNode="5065">
<Feature>
  <Name className="java.lang.String">type</Name>
  <Value className="java.lang.String">label</Value>
</Feature>
<Feature>
  <Name className="java.lang.String">ss-label</Name>
  <Value className="java.lang.String">hurts_insurance_market</Value>
</Feature>
<Feature>
  <Name className="java.lang.String">polarity</Name>
  <Value className="java.lang.String">negative</Value>
</Feature>
</Annotation>
<Annotation Id="28" Type="arg" StartNode="4872" EndNode="4950">
<Feature>
  <Name className="java.lang.String">ss-label</Name>
  <Value className="java.lang.String">goal_is_to_expand_entitlements</Value>
</Feature>
<Feature>
  <Name className="java.lang.String">type</Name>
  <Value className="java.lang.String">label</Value>
</Feature>
<Feature>
  <Name className="java.lang.String">polarity</Name>
  <Value className="java.lang.String">negative</Value>
</Feature>
<Feature>
  <Name className="java.lang.String">incomplete</Name>
  <Value className="java.lang.String">true</Value>
</Feature>
</Annotation>
<Annotation Id="31" Type="arg" StartNode="5375" EndNode="5416">
<Feature>
  <Name className="java.lang.String">prospect</Name>
  <Value className="java.lang.String">loss</Value>
</Feature>
<Feature>
  <Name className="java.lang.String">unclear</Name>
  <Value className="java.lang.String">true</Value>
</Feature>
<Feature>
  <Name className="java.lang.String">ss-label</Name>
  <Value className="java.lang.String">individuals_will_pay_more</Value>
</Feature>
<Feature>
  <Name className="java.lang.String">type</Name>
  <Value className="java.lang.String">label</Value>
</Feature>
<Feature>
  <Name className="java.lang.String">group</Name>
  <Value className="java.lang.String">self-group</Value>
</Feature>
<Feature>
  <Name className="java.lang.String">polarity</Name>
  <Value className="java.lang.String">negative</Value>
</Feature>
</Annotation>
<Annotation Id="30" Type="arg" StartNode="5336" EndNode="5373">
<Feature>
  <Name className="java.lang.String">ss-label</Name>
  <Value className="java.lang.String">expands_govt</Value>
</Feature>
<Feature>
  <Name className="java.lang.String">unclear</Name>
  <Value className="java.lang.String">true</Value>
</Feature>
<Feature>
  <Name className="java.lang.String">type</Name>
  <Value className="java.lang.String">label</Value>
</Feature>
<Feature>
  <Name className="java.lang.String">polarity</Name>
  <Value className="java.lang.String">negative</Value>
</Feature>
</Annotation>
<Annotation Id="34" Type="arg" StartNode="4718" EndNode="4870">
<Feature>
  <Name className="java.lang.String">unclear</Name>
  <Value className="java.lang.String">true</Value>
</Feature>
<Feature>
  <Name className="java.lang.String">ss-label</Name>
  <Value className="java.lang.String">hurts_private_insurance</Value>
</Feature>
<Feature>
  <Name className="java.lang.String">type</Name>
  <Value className="java.lang.String">label</Value>
</Feature>
<Feature>
  <Name className="java.lang.String">polarity</Name>
  <Value className="java.lang.String">negative</Value>
</Feature>
</Annotation>
<Annotation Id="32" Type="rel" StartNode="5067" EndNode="5325">
<Feature>
  <Name className="java.lang.String">type</Name>
  <Value className="java.lang.String">label</Value>
</Feature>
<Feature>
  <Name className="java.lang.String">ss-label</Name>
  <Value className="java.lang.String">hurts_insurance_market</Value>
</Feature>
</Annotation>
<Annotation Id="33" Type="rel" StartNode="4520" EndNode="4716">
<Feature>
  <Name className="java.lang.String">type</Name>
  <Value className="java.lang.String">label</Value>
</Feature>
<Feature>
  <Name className="java.lang.String">ss-label</Name>
  <Value className="java.lang.String">places_too_many_limits_on_insurers</Value>
</Feature>
</Annotation>
</AnnotationSet>

<!-- Named annotation set -->

<AnnotationSet Name="Original markups">
<Annotation Id="0" Type="paragraph" StartNode="0" EndNode="5944">
</Annotation>
</AnnotationSet>

</GateDocument>
