<?xml version='1.0' encoding='US-ASCII'?>
<GateDocument>
<!-- The document's features-->

<GateDocumentFeatures>
<Feature>
  <Name className="java.lang.String">gate.SourceURL</Name>
  <Value className="java.lang.String">file:/E:/Users/conrada/Documents/My%20Dropbox/healthcare_devel_data_final/hc027.txt</Value>
</Feature>
<Feature>
  <Name className="java.lang.String">MimeType</Name>
  <Value className="java.lang.String">text/plain</Value>
</Feature>
<Feature>
  <Name className="java.lang.String">docNewLineType</Name>
  <Value className="java.lang.String">CRLF</Value>
</Feature>
</GateDocumentFeatures>
<!-- The document content area with serialized nodes -->

<TextWithNodes><Node id="0" />Editorial: A cynical ploy to derail health reform
 <Node id="51" />Abortion opponents wage misinformation campaign.
<Node id="100" />
 <Node id="102" />No one called President George W. Bush a "baby killer'' when he advocated for "a community health center in every poor county'' during his 2005 State of the Union address.
<Node id="274" />
 For more than 40 years, community health centers have put federal dollars to work in Minnesota and across the nation providing primary care to the poor and uninsured. 
 Bush campaigned on expanding the number of such centers and, once in office, he delivered. 
 During his two terms, the number of center sites grew from 3,798 to more than 7,000. 
 Federal funding doubled from $1 billion to $2 billion, while the number of patients served rose from 9.4 million to 18.4 million.
 Nary a complaint was raised about the centers during those years, or in 2009 when the economic stimulus bill provided an additional $2 billion in funding. 
 But in 2010, they suddenly came under attack. 
 Instead of being praised as an alternative to expensive emergency-room care, <Node id="1038" />the nation's federally funded community health centers became the focus of a cynical misinformation campaign led by anti-abortion extremists putting politics before their cause<Node id="1214" />, the welfare of the unborn.
 Their claim: that <Node id="1262" />the recently passed federal health care overhaul allows community health centers to perform abortions at taxpayer expense. 
<Node id="1386" />
 The reality? 
 <Node id="1403" />This is blatant, misleading fear-mongering. 
<Node id="1448" />
 This isn't about protecting the <Node id="1482" />unborn, who will benefit along with their mothers from reform's greater access to medical care. 
<Node id="1579" />
 Instead, <Node id="1590" />the intent is to whip up opposition to health care reform in time for the fall elections and to send politicians to Washington, D.C., who will work to repeal the law. 
<Node id="1758" />
 How in the world is this "prolife?"
 <Node id="1797" />The health reform legislation provides an additional $11 billion to <Node id="1865" />community health centers<Node id="1889" />; there are 18 such centers in Minnesota. 
<Node id="1932" />
 <Node id="1934" />None of these centers performs abortions, and the latest expansion of federal dollars isn't going to change that. 
<Node id="2049" />
 Something else to be noted: Contrary to some anti-abortion opponents' claims, none of the centers eligible for the funds is run by Planned Parenthood.
 <Node id="2203" />The debate over community health centers has centered on whether or not the new $11 billion is subject to the Hyde Amendment, which for 34 years has essentially prohibited the use of federal dollars for abortions. 
 Some abortion opponents claim that the law will send the money directly to the health centers, allowing them to bypass Hyde restrictions.
<Node id="2557" />
 But <Node id="2563" />President Obama signed an executive order in March affirming Hyde restrictions and specifically noting that they apply to community health center funding. 
<Node id="2719" />
 In addition, the new funds will be distributed as grants by a U.S. Department of Health and Human Services division. 
 <Node id="2840" />Not only are HHS funds subject to Hyde restrictions, there are additional longstanding federal regulations that prevent money in programs administered by the HHS division from paying for abortions.
<Node id="3038" />
 <Node id="3040" />There are other solid reasons why these centers won't suddenly start doing abortions. 
<Node id="3127" />
 They <Node id="3134" />rely significantly on private donations and simply don't want to risk this support by wading into the abortion controversy. 
<Node id="3259" />
 Congress has also generously supported funding for the centers over the past decade. 
 Providing abortion services would jeopardize that.
 Last summer, <Node id="3413" />health reform opponents tried to derail the health reform bill by making wild claims about death panels. 
<Node id="3519" />
 <Node id="3521" />The hysterical accusations against community health centers are just death-panel fear-mongering in a different guise. 
<Node id="3640" />
 <Node id="3642" />It's sad that those who call themselves "prolife" don't see that they are working against <Node id="3732" />a new law that will help millions of mothers and children<Node id="3789" /> get the medical care they need to lead healthy, productive lives.
<Node id="3856" />
<Node id="3857" /></TextWithNodes>
<!-- The default annotation set -->

<AnnotationSet>
<Annotation Id="1" Type="doc" StartNode="0" EndNode="3857">
<Feature>
  <Name className="java.lang.String">id</Name>
  <Value className="java.lang.String">hc027</Value>
</Feature>
<Feature>
  <Name className="java.lang.String">source</Name>
  <Value className="java.lang.String">Star,Tribune</Value>
</Feature>
<Feature>
  <Name className="java.lang.String">side</Name>
  <Value className="java.lang.String">pro</Value>
</Feature>
<Feature>
  <Name className="java.lang.String">url</Name>
  <Value className="java.lang.String">http://www.startribune.com/opinion/editorials/94623424.html?page=1&amp;c=y </Value>
</Feature>
</Annotation>
<Annotation Id="2" Type="arg" StartNode="51" EndNode="100">
<Feature>
  <Name className="java.lang.String">type</Name>
  <Value className="java.lang.String">label</Value>
</Feature>
<Feature>
  <Name className="java.lang.String">ss-label</Name>
  <Value className="java.lang.String">opposition_demagogues_bill</Value>
</Feature>
<Feature>
  <Name className="java.lang.String">polarity</Name>
  <Value className="java.lang.String">negative</Value>
</Feature>
</Annotation>
<Annotation Id="3" Type="rel" StartNode="102" EndNode="274">
<Feature>
  <Name className="java.lang.String">type</Name>
  <Value className="java.lang.String">label</Value>
</Feature>
<Feature>
  <Name className="java.lang.String">ss-label</Name>
  <Value className="java.lang.String">opposition_demagogues_bill</Value>
</Feature>
</Annotation>
<Annotation Id="4" Type="arg" StartNode="1038" EndNode="1214">
<Feature>
  <Name className="java.lang.String">prospect</Name>
  <Value className="java.lang.String">loss</Value>
</Feature>
<Feature>
  <Name className="java.lang.String">ss-label</Name>
  <Value className="java.lang.String">opposition_demagogues_bill</Value>
</Feature>
<Feature>
  <Name className="java.lang.String">type</Name>
  <Value className="java.lang.String">label</Value>
</Feature>
<Feature>
  <Name className="java.lang.String">group</Name>
  <Value className="java.lang.String">other-group</Value>
</Feature>
<Feature>
  <Name className="java.lang.String">polarity</Name>
  <Value className="java.lang.String">negative</Value>
</Feature>
</Annotation>
<Annotation Id="5" Type="arg" StartNode="1262" EndNode="1386">
<Feature>
  <Name className="java.lang.String">type</Name>
  <Value className="java.lang.String">dside</Value>
</Feature>
</Annotation>
<Annotation Id="6" Type="arg" StartNode="1403" EndNode="1448">
<Feature>
  <Name className="java.lang.String">ss-label</Name>
  <Value className="java.lang.String">opposition_exploiting_fear_to_block_reform</Value>
</Feature>
<Feature>
  <Name className="java.lang.String">type</Name>
  <Value className="java.lang.String">label</Value>
</Feature>
<Feature>
  <Name className="java.lang.String">polarity</Name>
  <Value className="java.lang.String">negative</Value>
</Feature>
<Feature>
  <Name className="java.lang.String">incomplete</Name>
  <Value className="java.lang.String">true</Value>
</Feature>
</Annotation>
<Annotation Id="7" Type="arg" StartNode="1590" EndNode="1758">
<Feature>
  <Name className="java.lang.String">type</Name>
  <Value className="java.lang.String">label</Value>
</Feature>
<Feature>
  <Name className="java.lang.String">ss-label</Name>
  <Value className="java.lang.String">opposition_demagogues_bill</Value>
</Feature>
<Feature>
  <Name className="java.lang.String">polarity</Name>
  <Value className="java.lang.String">negative</Value>
</Feature>
</Annotation>
<Annotation Id="9" Type="arg" StartNode="1482" EndNode="1579">
<Feature>
  <Name className="java.lang.String">polarity</Name>
  <Value className="java.lang.String">positive</Value>
</Feature>
<Feature>
  <Name className="java.lang.String">prospect</Name>
  <Value className="java.lang.String">gain</Value>
</Feature>
<Feature>
  <Name className="java.lang.String">unclear</Name>
  <Value className="java.lang.String">true</Value>
</Feature>
<Feature>
  <Name className="java.lang.String">ss-label</Name>
  <Value className="java.lang.String">improves_quality_of_healthcare</Value>
</Feature>
<Feature>
  <Name className="java.lang.String">type</Name>
  <Value className="java.lang.String">label</Value>
</Feature>
<Feature>
  <Name className="java.lang.String">group</Name>
  <Value className="java.lang.String">other-group</Value>
</Feature>
<Feature>
  <Name className="java.lang.String">incomplete</Name>
  <Value className="java.lang.String"></Value>
</Feature>
</Annotation>
<Annotation Id="10" Type="arg" StartNode="1797" EndNode="1932">
<Feature>
  <Name className="java.lang.String">type</Name>
  <Value className="java.lang.String">label</Value>
</Feature>
<Feature>
  <Name className="java.lang.String">ss-label</Name>
  <Value className="java.lang.String">improves_funding_for_community_health_centers</Value>
</Feature>
<Feature>
  <Name className="java.lang.String">polarity</Name>
  <Value className="java.lang.String">positive</Value>
</Feature>
</Annotation>
<Annotation Id="11" Type="arg" StartNode="1934" EndNode="2049">
<Feature>
  <Name className="java.lang.String">ss-label</Name>
  <Value className="java.lang.String">maintains_existing_abortion_laws</Value>
</Feature>
<Feature>
  <Name className="java.lang.String">type</Name>
  <Value className="java.lang.String">label</Value>
</Feature>
<Feature>
  <Name className="java.lang.String">about-rel</Name>
  <Value className="java.lang.String">r1</Value>
</Feature>
<Feature>
  <Name className="java.lang.String">polarity</Name>
  <Value className="java.lang.String">both</Value>
</Feature>
</Annotation>
<Annotation Id="12" Type="rel" StartNode="1865" EndNode="1889">
<Feature>
  <Name className="java.lang.String">id</Name>
  <Value className="java.lang.String">r1</Value>
</Feature>
</Annotation>
<Annotation Id="13" Type="rel" StartNode="2203" EndNode="2557">
<Feature>
  <Name className="java.lang.String">type</Name>
  <Value className="java.lang.String">label</Value>
</Feature>
<Feature>
  <Name className="java.lang.String">ss-label</Name>
  <Value className="java.lang.String">maintains_existing_abortion_laws</Value>
</Feature>
</Annotation>
<Annotation Id="14" Type="arg" StartNode="2563" EndNode="2719">
<Feature>
  <Name className="java.lang.String">type</Name>
  <Value className="java.lang.String">label</Value>
</Feature>
<Feature>
  <Name className="java.lang.String">ss-label</Name>
  <Value className="java.lang.String">maintains_existing_abortion_laws</Value>
</Feature>
<Feature>
  <Name className="java.lang.String">polarity</Name>
  <Value className="java.lang.String">positive</Value>
</Feature>
</Annotation>
<Annotation Id="15" Type="arg" StartNode="2840" EndNode="3038">
<Feature>
  <Name className="java.lang.String">type</Name>
  <Value className="java.lang.String">label</Value>
</Feature>
<Feature>
  <Name className="java.lang.String">ss-label</Name>
  <Value className="java.lang.String">maintains_existing_abortion_laws</Value>
</Feature>
<Feature>
  <Name className="java.lang.String">polarity</Name>
  <Value className="java.lang.String">positive</Value>
</Feature>
</Annotation>
<Annotation Id="16" Type="arg" StartNode="3134" EndNode="3259">
<Feature>
  <Name className="java.lang.String">ss-label</Name>
  <Value className="java.lang.String">maintains_existing_abortion_laws</Value>
</Feature>
<Feature>
  <Name className="java.lang.String">type</Name>
  <Value className="java.lang.String">label</Value>
</Feature>
<Feature>
  <Name className="java.lang.String">about-rel</Name>
  <Value className="java.lang.String">r1</Value>
</Feature>
<Feature>
  <Name className="java.lang.String">polarity</Name>
  <Value className="java.lang.String">negative</Value>
</Feature>
</Annotation>
<Annotation Id="19" Type="arg" StartNode="3413" EndNode="3519">
<Feature>
  <Name className="java.lang.String">type</Name>
  <Value className="java.lang.String">label</Value>
</Feature>
<Feature>
  <Name className="java.lang.String">ss-label</Name>
  <Value className="java.lang.String">opposition_demagogues_bill</Value>
</Feature>
<Feature>
  <Name className="java.lang.String">polarity</Name>
  <Value className="java.lang.String">negative</Value>
</Feature>
</Annotation>
<Annotation Id="18" Type="arg" StartNode="3040" EndNode="3127">
<Feature>
  <Name className="java.lang.String">unclear</Name>
  <Value className="java.lang.String">true</Value>
</Feature>
<Feature>
  <Name className="java.lang.String">ss-label</Name>
  <Value className="java.lang.String">maintains_existing_abortion_laws</Value>
</Feature>
<Feature>
  <Name className="java.lang.String">type</Name>
  <Value className="java.lang.String">label</Value>
</Feature>
<Feature>
  <Name className="java.lang.String">polarity</Name>
  <Value className="java.lang.String">positive</Value>
</Feature>
</Annotation>
<Annotation Id="21" Type="arg" StartNode="3732" EndNode="3856">
<Feature>
  <Name className="java.lang.String">ss-label</Name>
  <Value className="java.lang.String">improves_quality_of_healthcare</Value>
</Feature>
<Feature>
  <Name className="java.lang.String">type</Name>
  <Value className="java.lang.String">label</Value>
</Feature>
<Feature>
  <Name className="java.lang.String">polarity</Name>
  <Value className="java.lang.String">positive</Value>
</Feature>
<Feature>
  <Name className="java.lang.String">incomplete</Name>
  <Value className="java.lang.String">true</Value>
</Feature>
</Annotation>
<Annotation Id="20" Type="arg" StartNode="3521" EndNode="3640">
<Feature>
  <Name className="java.lang.String">type</Name>
  <Value className="java.lang.String">label</Value>
</Feature>
<Feature>
  <Name className="java.lang.String">ss-label</Name>
  <Value className="java.lang.String">opposition_demagogues_bill</Value>
</Feature>
<Feature>
  <Name className="java.lang.String">polarity</Name>
  <Value className="java.lang.String">negative</Value>
</Feature>
</Annotation>
<Annotation Id="22" Type="arg" StartNode="3642" EndNode="3789">
<Feature>
  <Name className="java.lang.String">ss-label</Name>
  <Value className="java.lang.String">opposition_demagogues_bill</Value>
</Feature>
<Feature>
  <Name className="java.lang.String">unclear</Name>
  <Value className="java.lang.String">true</Value>
</Feature>
<Feature>
  <Name className="java.lang.String">type</Name>
  <Value className="java.lang.String">label</Value>
</Feature>
<Feature>
  <Name className="java.lang.String">polarity</Name>
  <Value className="java.lang.String">negative</Value>
</Feature>
</Annotation>
</AnnotationSet>

<!-- Named annotation set -->

<AnnotationSet Name="Original markups">
<Annotation Id="0" Type="paragraph" StartNode="0" EndNode="3857">
</Annotation>
</AnnotationSet>

</GateDocument>
