<?xml version='1.0' encoding='UTF-8'?>
<GateDocument>
<!-- The document's features-->

<GateDocumentFeatures>
<Feature>
  <Name className="java.lang.String">MimeType</Name>
  <Value className="java.lang.String">text/plain</Value>
</Feature>
<Feature>
  <Name className="java.lang.String">gate.SourceURL</Name>
  <Value className="java.lang.String">file:/home/conrada/Dropbox/healthcare_devel_data_final/hc036.txt</Value>
</Feature>
<Feature>
  <Name className="java.lang.String">docNewLineType</Name>
  <Value className="java.lang.String">CRLF</Value>
</Feature>
</GateDocumentFeatures>
<!-- The document content area with serialized nodes -->

<TextWithNodes><Node id="0" />sid;anti
url;http://www.nydailynews.com/opinions/2011/01/02/2011-01-02_death_panels_no_but_bad_medicine_anyway_obamacares_endoflife_mistake.html
<Node id="147" />Death panels? No, but bad medicine anyway: Obamacare's end-of-life mistake
BY DR. MARC SIEGEL
Sunday, January 2nd 2011, 4:00 AM
 Last week I saw my patient Sandy for a routine physical. 
 He is in his early 80s, has high blood pressure, back and leg pain and high cholesterol, but is otherwise built like a truck. 
 Beginning this year, Medicare will begin to reimburse me for a yearly preventive physical, including a discussion of end-of-life options. 
 But since Sandy was already in the office, I decided not to wait.
 We decided together that he would want "everything done" unless he were brain damaged, in a coma with little hope of waking up or had metastatic cancer that was resistant to all treatment.
 Afterward I asked him how often he would like to have this discussion. 
 "Once in a lifetime is enough," he said. 
 "What would you think if I tried to bring it up every year?" I asked. 
 "I'd think I was about to die," he replied.
 Like many physicians, I talk to my patients about how aggressive they want me to be if and when they are dying. 
 But <Node id="1224" />I don't see a role for the government incentivizing this kind of planning session on a regular basis except as a way of advancing their own agenda, which clearly is decreasing end-of-life care.<Node id="1418" />
 <Node id="1420" />Financially, one can understand why the government wants to attack this area of care. 
 Last year alone, Medicare paid $55 billion just for doctors' and hospital bills connected to the last two months of patients' lives. 
 If you want to "bend the cost curve," you can't ignore this spending, particularly with the baby boomers aging.<Node id="1757" />
 But <Node id="1763" />the practice of medicine is about saving people, not pinching pennies. <Node id="1835" />
 And in the real world of medical care, "advanced directives" have a limited value when a life-threatening illness actually comes. 
 <Node id="1970" />Dying is almost never as envisioned; people who are sure they would want to give up often wind up being the biggest fighters against death. 
 In the fight against disease, it is morally difficult for both doctors and patients to shut down the machines when there is still hope left.
 My job as a doctor is much more about conducting a war against disease than it is about planning for withdrawing care. <Node id="2376" />
 Dr. Donald Berwick, the new administrative head of Medicare and Medicaid services, sees things far differently than I do. 
 He has said that "using unwanted procedures in terminal illness is a form of assault." 
 But for practicing doctors like me, "terminal" is rarely an accurate term. 
 <Node id="2671" />With the latest techniques of medical care - which are advancing by the year - most illnesses are not terminal, but treatable until very late in the game.<Node id="2826" />
 This is why I and other doctors protested against the proposed provision in the health care law that sought to establish end-of-life advisory panels in the first place. 
 It is mindboggling that Berwick ignored this wildly unpopular provision, which was deleted from the final bill, and is now instituting a regulation that will pay for voluntary end-of-life planning discussions yearly.
 I have no problem with Medicare providing an incentive for end-of-life discussions, but offering this incentive yearly will lead to excessive use. 
 <Node id="3369" />Having too frequent end-of-life discussions sends an unfortunate message to the patient that death could be imminent. <Node id="3488" />
 <Node id="3490" />How much angst and excess worry will result from death planning sessions?<Node id="3564" />
 I anticipate an even more worrisome side effect. 
 As <Node id="3621" />the health reform law extends easy-to-overuse insurance to millions more people, this will prove so costly<Node id="3727" /> that <Node id="3733" />the administration will make repeated attempts - via regulations - to arbitrarily trim costs. 
 These restrictions will directly imperil the technology that gives us a better quality of life as we grow older.<Node id="3943" />
 <Node id="3945" />The Medicare-sponsored yearly end-of-life discussion is a clever way of manipulating patients into a mindset of scaling back on this technology's use<Node id="4094" />, even when it may be quite appropriate - just as this technology's medical potential is rapidly accelerating.
 This isn't a "death panel," but it isn't good medicine, either.
Siegel is an internist practicing in New York and a Fox News Medical Contributor.
<Node id="4355" /></TextWithNodes>
<!-- The default annotation set -->

<AnnotationSet>
<Annotation Id="2" Type="doc" StartNode="147" EndNode="4355">
<Feature>
  <Name className="java.lang.String">id</Name>
  <Value className="java.lang.String">hc036</Value>
</Feature>
<Feature>
  <Name className="java.lang.String">author</Name>
  <Value className="java.lang.String">Marc,Siegel</Value>
</Feature>
<Feature>
  <Name className="java.lang.String">date</Name>
  <Value className="java.lang.String">20110102</Value>
</Feature>
<Feature>
  <Name className="java.lang.String">source</Name>
  <Value className="java.lang.String">nydailynews,New,York,Daily,News</Value>
</Feature>
<Feature>
  <Name className="java.lang.String">side</Name>
  <Value className="java.lang.String">anti</Value>
</Feature>
<Feature>
  <Name className="java.lang.String">url</Name>
  <Value className="java.lang.String">http://www.nydailynews.com/opinions/2011/01/02/2011-01-02_death_panels_no_but_bad_medicine_anyway_obamacares_endoflife_mistake.html </Value>
</Feature>
</Annotation>
<Annotation Id="3" Type="arg" StartNode="1224" EndNode="1418">
<Feature>
  <Name className="java.lang.String">type</Name>
  <Value className="java.lang.String">label</Value>
</Feature>
<Feature>
  <Name className="java.lang.String">ss-label</Name>
  <Value className="java.lang.String">people_discouraged_from_seeking_care</Value>
</Feature>
<Feature>
  <Name className="java.lang.String">polarity</Name>
  <Value className="java.lang.String">negative</Value>
</Feature>
</Annotation>
<Annotation Id="4" Type="rel" StartNode="1420" EndNode="1757">
<Feature>
  <Name className="java.lang.String">type</Name>
  <Value className="java.lang.String">label</Value>
</Feature>
<Feature>
  <Name className="java.lang.String">ss-label</Name>
  <Value className="java.lang.String">people_discouraged_from_seeking_care</Value>
</Feature>
</Annotation>
<Annotation Id="5" Type="arg" StartNode="1763" EndNode="1835">
<Feature>
  <Name className="java.lang.String">unclear</Name>
  <Value className="java.lang.String">true</Value>
</Feature>
<Feature>
  <Name className="java.lang.String">ss-label</Name>
  <Value className="java.lang.String">restricts_healthcare_choice</Value>
</Feature>
<Feature>
  <Name className="java.lang.String">type</Name>
  <Value className="java.lang.String">label</Value>
</Feature>
<Feature>
  <Name className="java.lang.String">polarity</Name>
  <Value className="java.lang.String">both</Value>
</Feature>
<Feature>
  <Name className="java.lang.String">incomplete</Name>
  <Value className="java.lang.String">true</Value>
</Feature>
</Annotation>
<Annotation Id="6" Type="rel" StartNode="1970" EndNode="2376">
<Feature>
  <Name className="java.lang.String">type</Name>
  <Value className="java.lang.String">label</Value>
</Feature>
<Feature>
  <Name className="java.lang.String">ss-label</Name>
  <Value className="java.lang.String">restricts_healthcare_choice</Value>
</Feature>
</Annotation>
<Annotation Id="7" Type="rel" StartNode="2671" EndNode="2826">
<Feature>
  <Name className="java.lang.String">type</Name>
  <Value className="java.lang.String">label</Value>
</Feature>
<Feature>
  <Name className="java.lang.String">ss-label</Name>
  <Value className="java.lang.String">restricts_healthcare_choice</Value>
</Feature>
</Annotation>
<Annotation Id="8" Type="arg" StartNode="3369" EndNode="3488">
<Feature>
  <Name className="java.lang.String">type</Name>
  <Value className="java.lang.String">label</Value>
</Feature>
<Feature>
  <Name className="java.lang.String">ss-label</Name>
  <Value className="java.lang.String">restricts_healthcare_choice</Value>
</Feature>
<Feature>
  <Name className="java.lang.String">polarity</Name>
  <Value className="java.lang.String">negative</Value>
</Feature>
</Annotation>
<Annotation Id="9" Type="arg" StartNode="3490" EndNode="3564">
<Feature>
  <Name className="java.lang.String">unclear</Name>
  <Value className="java.lang.String">true</Value>
</Feature>
<Feature>
  <Name className="java.lang.String">ss-label</Name>
  <Value className="java.lang.String">restricts_healthcare_choice</Value>
</Feature>
<Feature>
  <Name className="java.lang.String">type</Name>
  <Value className="java.lang.String">label</Value>
</Feature>
<Feature>
  <Name className="java.lang.String">polarity</Name>
  <Value className="java.lang.String">negative</Value>
</Feature>
</Annotation>
<Annotation Id="10" Type="arg" StartNode="3621" EndNode="3727">
<Feature>
  <Name className="java.lang.String">ss-label</Name>
  <Value className="java.lang.String">expanding_coverage_is_too_costly</Value>
</Feature>
<Feature>
  <Name className="java.lang.String">type</Name>
  <Value className="java.lang.String">label</Value>
</Feature>
<Feature>
  <Name className="java.lang.String">polarity</Name>
  <Value className="java.lang.String">negative</Value>
</Feature>
<Feature>
  <Name className="java.lang.String">incomplete</Name>
  <Value className="java.lang.String">true</Value>
</Feature>
</Annotation>
<Annotation Id="11" Type="arg" StartNode="3945" EndNode="4094">
<Feature>
  <Name className="java.lang.String">type</Name>
  <Value className="java.lang.String">label</Value>
</Feature>
<Feature>
  <Name className="java.lang.String">ss-label</Name>
  <Value className="java.lang.String">people_discouraged_from_seeking_care</Value>
</Feature>
<Feature>
  <Name className="java.lang.String">polarity</Name>
  <Value className="java.lang.String">negative</Value>
</Feature>
</Annotation>
<Annotation Id="12" Type="arg" StartNode="3733" EndNode="3943">
<Feature>
  <Name className="java.lang.String">prospect</Name>
  <Value className="java.lang.String">loss</Value>
</Feature>
<Feature>
  <Name className="java.lang.String">ss-label</Name>
  <Value className="java.lang.String">diminishes_quality_of_care</Value>
</Feature>
<Feature>
  <Name className="java.lang.String">unclear</Name>
  <Value className="java.lang.String">true</Value>
</Feature>
<Feature>
  <Name className="java.lang.String">group</Name>
  <Value className="java.lang.String">self-group</Value>
</Feature>
<Feature>
  <Name className="java.lang.String">type</Name>
  <Value className="java.lang.String">label</Value>
</Feature>
<Feature>
  <Name className="java.lang.String">polarity</Name>
  <Value className="java.lang.String">negative</Value>
</Feature>
</Annotation>
</AnnotationSet>
<!-- Named annotation set -->

<AnnotationSet Name="Original markups">
<Annotation Id="0" Type="paragraph" StartNode="0" EndNode="4355">
</Annotation>
</AnnotationSet>
</GateDocument>
