<?xml version='1.0' encoding='US-ASCII'?>
<GateDocument>
<!-- The document's features-->

<GateDocumentFeatures>
<Feature>
  <Name className="java.lang.String">gate.SourceURL</Name>
  <Value className="java.lang.String">file:/home/conrada/Dropbox/healthcare_devel_data_final/hc034.txt</Value>
</Feature>
<Feature>
  <Name className="java.lang.String">MimeType</Name>
  <Value className="java.lang.String">text/plain</Value>
</Feature>
<Feature>
  <Name className="java.lang.String">docNewLineType</Name>
  <Value className="java.lang.String">CRLF</Value>
</Feature>
</GateDocumentFeatures>
<!-- The document content area with serialized nodes -->

<TextWithNodes><Node id="0" />The ObamaCare verdict: Constitution upheld
Thursday, December 16, 2010
 <Node id="72" />White House bluster didn't pass constitutional muster with a Virginia federal judge, who this week ruled that ObamaCare cannot force Americans to purchase health insurance by 2014.
<Node id="253" />
 <Node id="255" />In Virginia v. Sebelius, U.S. District Judge Henry Hudson shot holes through the legislation's "individual mandate."<Node id="371" /> To wit: "<Node id="381" />An individual's personal decision to purchase -- or decline purchase -- (of) health insurance from a private provider is beyond the historical reach of the U.S. Constitution.<Node id="555" /> <Node id="556" />No specifically constitutional authority exists to mandate the purchase of health insurance<Node id="647" />."
 <Node id="651" />Initially the Obama administration argued that the Commerce Clause was all the feds needed to force Americans to purchase health plans or face fines. 
 Losing its footing, the administration then insisted that the mandate is permissible under Congress' power to tax. 
 And this, after claiming that any resulting fine wasn't a tax.
<Node id="983" />
 Judge Hudson provides some much-needed clarity: "Salutatory goals and creative drafting have never been sufficient to offset an absence of enumerated powers."
 The fight will continue. 
 <Node id="1172" />About two dozen states including Pennsylvania have filed challenges to ObamaCare<Node id="1252" />, setting the stage for an inevitable showdown before the U.S. Supreme Court. 
 The sooner, the better.
<Node id="1356" /></TextWithNodes>
<!-- The default annotation set -->

<AnnotationSet>
<Annotation Id="1" Type="doc" StartNode="0" EndNode="1356">
<Feature>
  <Name className="java.lang.String">id</Name>
  <Value className="java.lang.String">hc034</Value>
</Feature>
<Feature>
  <Name className="java.lang.String">source</Name>
  <Value className="java.lang.String">Pittsburgh,Tribune-Review,Tribune,Review</Value>
</Feature>
<Feature>
  <Name className="java.lang.String">date</Name>
  <Value className="java.lang.String">20101216</Value>
</Feature>
<Feature>
  <Name className="java.lang.String">side</Name>
  <Value className="java.lang.String">anti</Value>
</Feature>
<Feature>
  <Name className="java.lang.String">url</Name>
  <Value className="java.lang.String">http://www.pittsburghlive.com/x/pittsburghtrib/opinion/s_713921.html </Value>
</Feature>
</Annotation>
<Annotation Id="2" Type="arg" StartNode="72" EndNode="253">
<Feature>
  <Name className="java.lang.String">type</Name>
  <Value className="java.lang.String">label</Value>
</Feature>
<Feature>
  <Name className="java.lang.String">ss-label</Name>
  <Value className="java.lang.String">unconstitutional</Value>
</Feature>
<Feature>
  <Name className="java.lang.String">polarity</Name>
  <Value className="java.lang.String">negative</Value>
</Feature>
</Annotation>
<Annotation Id="3" Type="arg" StartNode="255" EndNode="371">
<Feature>
  <Name className="java.lang.String">type</Name>
  <Value className="java.lang.String">label</Value>
</Feature>
<Feature>
  <Name className="java.lang.String">ss-label</Name>
  <Value className="java.lang.String">unconstitutional</Value>
</Feature>
<Feature>
  <Name className="java.lang.String">polarity</Name>
  <Value className="java.lang.String">negative</Value>
</Feature>
</Annotation>
<Annotation Id="6" Type="arg" StartNode="381" EndNode="555">
<Feature>
  <Name className="java.lang.String">id</Name>
  <Value className="java.lang.String"></Value>
</Feature>
<Feature>
  <Name className="java.lang.String">ss-label</Name>
  <Value className="java.lang.String">unconstitutional</Value>
</Feature>
<Feature>
  <Name className="java.lang.String">unclear</Name>
  <Value className="java.lang.String">true</Value>
</Feature>
<Feature>
  <Name className="java.lang.String">type</Name>
  <Value className="java.lang.String">label</Value>
</Feature>
<Feature>
  <Name className="java.lang.String">polarity</Name>
  <Value className="java.lang.String">negative</Value>
</Feature>
</Annotation>
<Annotation Id="7" Type="arg" StartNode="556" EndNode="647">
<Feature>
  <Name className="java.lang.String">type</Name>
  <Value className="java.lang.String">label</Value>
</Feature>
<Feature>
  <Name className="java.lang.String">ss-label</Name>
  <Value className="java.lang.String">unconstitutional</Value>
</Feature>
<Feature>
  <Name className="java.lang.String">polarity</Name>
  <Value className="java.lang.String">negative</Value>
</Feature>
</Annotation>
<Annotation Id="8" Type="rel" StartNode="651" EndNode="983">
<Feature>
  <Name className="java.lang.String">type</Name>
  <Value className="java.lang.String">label</Value>
</Feature>
<Feature>
  <Name className="java.lang.String">ss-label</Name>
  <Value className="java.lang.String">unconstitutional</Value>
</Feature>
</Annotation>
<Annotation Id="9" Type="arg" StartNode="1172" EndNode="1252">
<Feature>
  <Name className="java.lang.String">type</Name>
  <Value className="java.lang.String">label</Value>
</Feature>
<Feature>
  <Name className="java.lang.String">ss-label</Name>
  <Value className="java.lang.String">some_states_dislike</Value>
</Feature>
<Feature>
  <Name className="java.lang.String">polarity</Name>
  <Value className="java.lang.String">negative</Value>
</Feature>
</Annotation>
</AnnotationSet>

<!-- Named annotation set -->

<AnnotationSet Name="Original markups">
<Annotation Id="0" Type="paragraph" StartNode="0" EndNode="1356">
</Annotation>
</AnnotationSet>

</GateDocument>
