<?xml version='1.0' encoding='US-ASCII'?>
<GateDocument>
<!-- The document's features-->

<GateDocumentFeatures>
<Feature>
  <Name className="java.lang.String">gate.SourceURL</Name>
  <Value className="java.lang.String">file:/home/conrada/Dropbox/healthcare_devel_data_final/hc040.txt</Value>
</Feature>
<Feature>
  <Name className="java.lang.String">MimeType</Name>
  <Value className="java.lang.String">text/plain</Value>
</Feature>
<Feature>
  <Name className="java.lang.String">docNewLineType</Name>
  <Value className="java.lang.String">CRLF</Value>
</Feature>
</GateDocumentFeatures>
<!-- The document content area with serialized nodes -->

<TextWithNodes><Node id="0" />Swindling our seniors: AARP shills for White House on Obamacare
BY LAWRENCE HUNTER
Tuesday, August 3rd 2010, 4:00 AM
 For most of last year, <Node id="141" />AARP was the White House's designated huckster<Node id="187" /> with lawmakers on Capitol Hill to <Node id="222" />pass comprehensive health care reform legislation and cut Medicare by $500 billion. 
<Node id="307" />
 <Node id="309" />This calculated move by AARP, which <Node id="345" />will virtually destroy the popular Medicare Advantage program<Node id="406" />, will vastly increase the demand for medigap supplemental insurance - AARP's primary insurance product.
<Node id="511" />
 This was a cynical and calculated move for a non-profit organization that is supposed to be advocating for the elderly - not its own business interests.
 Today, Obamacare is the law of the land, and <Node id="712" />AARP has moved on to become the White House's chosen shill with older Americans, hawking Obamacare like some kind of midway carny to convince seniors that AARP and Obamacare work for them.
<Node id="901" />
 Despite its insistence that "We Never Stop Working for You," <Node id="964" />AARP works for the White House and on behalf of its own high-paid staff, not its members.
<Node id="1054" />
 In turn, <Node id="1065" />Obamacare works for liberal politicians<Node id="1104" /> and the government-corporate-nonprofit health care complex, which is composed of big government bureaucracies, labor unions, AARP, big pharma and big insurance companies. 
<Node id="1277" />
 <Node id="1279" />What was sold as a bold new path to universal coverage is, at least as far as AARP is concerned, a bait-and-switch snare designed to distract older people with token benefit enrichments. 
<Node id="1467" />
 Meanwhile, <Node id="1480" />structural changes to Medicare will ration health care, sending them out into the cold and, surely enough, to an early grave.
<Node id="1606" />
 The best evidence of AARP's treachery toward its members was its full-throated support of <Node id="1698" />Obamacare's $500 billion cuts to Medicare. <Node id="1741" />
 According to Heritage Foundation research by Bob Moffit, "Medicare Advantage plans, which currently attract almost one in four seniors, will see enrollment cut roughly in half over the next 10 years." 
 This despite repeated assurances by President Obama that, "No matter what you've heard, if you like your doctor or your current health care plan, you can keep it."
 Far from being able to keep their current health care plan, <Node id="2171" />many senior citizens will be forced to leave their Medicare Advantage plans and become more dependent on traditional Medicare. 
<Node id="2299" />
 That is to say, <Node id="2317" />seniors will have less generous benefit packages and fewer health care choices and will be herded into less desirable Medicare supplemental insurance plans<Node id="2472" /> - which, not coincidently, are the staple of AARP's billion-dollar insurance empire.
 <Node id="2559" />AARP's Medicare supplemental insurance products have had an increasingly difficult time competing with Medicare Advantage plans in recent years. 
<Node id="2705" />
 So, in the name of "working for seniors," <Node id="2749" />AARP worked with the White House to feather its own corporate nest by using the power of the federal government to destroy its Medicare Advantage competitor.
<Node id="2907" />
 <Node id="2909" />AARP's propaganda campaign to snooker the elderly into compliance while they are driven unceremoniously into AARP's insurance sweet spot is brazen and deceptive. 
<Node id="3072" />
 <Node id="3074" />For example, AARP's communications director in Ohio has been vocally insisting, despite overwhelming evidence to the contrary, that the changes taking place in Medicare under Obamacare are only to benefit seniors:
<Node id="3288" />
 "This new law gives seniors and their families greater savings, better benefits and higher-quality health care. 
 That's why it ensures accountability throughout the system so that seniors have greater control over the care that they receive. 
 And that's why it keeps Medicare strong and solvent - today and tomorrow."
 The facts are exactly the opposite. 
 With an unfunded liability of at least $86 trillion, Medicare is insolvent today by any standard measure of financial soundness, and it only gets worse under Obamacare. 
 <Node id="3820" />With the destruction of Medicare Advantage and the new rules to limit care and restrict doctor reimbursement, seniors will have fewer choices and less control over their health care.
<Node id="4003" />
 <Node id="4005" />The quality of health care will inevitably deteriorate, not improve, under the enormous pressures on doctors and health care providers that will be set in motion under Obamacare. 
<Node id="4185" />
 While AARP attempts to lull seniors into placid compliance with the new health care regime, <Node id="4279" />rationing is just around the bend.
<Node id="4314" />
 In fact, <Node id="4325" />the prospect of health care rationing and restricted choice is not merely an abstraction looming in the future; the injurious effects of Obamacare on seniors already are being felt.
<Node id="4507" />
 <Node id="4509" />Doctors, for one, are fleeing Medicare because of the anticipated fee-reimbursement squeeze they will face under Obamacare. 
<Node id="4634" />
 As Galen Institute health care expert Grace-Marie Turner reports, <Node id="4702" />there is a flood of physicians hiring financial planners to restructure their finances so they can retire in 2013, the year before Obamacare's main provisions take effect.
<Node id="4874" />
 Why? Because <Node id="4889" />come next January, physician reimbursement under Medicare is scheduled to be axed by 30%. 
<Node id="4980" />
 <Node id="4982" />Since Medicare payments hardly cover doctors' costs now, many physicians will end up losing money on patients they treat. 
<Node id="5105" />
 <Node id="5107" />The American Osteopathic Association, for example, reports that only about 40% of its physician members will continue seeing their current Medicare patients if these cuts occur. 
<Node id="5286" />
 In the past, when AARP spoke, senior citizens and members of Congress listened carefully because everyone thought AARP worked for and spoke on behalf of its members. 
 Today, we know better.
Hunter is president of the Social Security Institute, a nonprofit, nonpartisan seniors advocacy organization.
<Node id="5589" /></TextWithNodes>
<!-- The default annotation set -->

<AnnotationSet>
<Annotation Id="1" Type="doc" StartNode="0" EndNode="5589">
<Feature>
  <Name className="java.lang.String">id</Name>
  <Value className="java.lang.String">hc040</Value>
</Feature>
<Feature>
  <Name className="java.lang.String">author</Name>
  <Value className="java.lang.String">Lawrence,Hunter</Value>
</Feature>
<Feature>
  <Name className="java.lang.String">source</Name>
  <Value className="java.lang.String">nydailynews,New,York,Daily,News</Value>
</Feature>
<Feature>
  <Name className="java.lang.String">date</Name>
  <Value className="java.lang.String">20100803</Value>
</Feature>
<Feature>
  <Name className="java.lang.String">side</Name>
  <Value className="java.lang.String">anti</Value>
</Feature>
<Feature>
  <Name className="java.lang.String">url</Name>
  <Value className="java.lang.String">http://www.nydailynews.com/opinions/2010/08/03/2010-08-03_swindling_our_seniors_aarp_shills_for_white_house_on_obamacare.html </Value>
</Feature>
</Annotation>
<Annotation Id="2" Type="rel" StartNode="141" EndNode="187">
<Feature>
  <Name className="java.lang.String">type</Name>
  <Value className="java.lang.String">sside</Value>
</Feature>
</Annotation>
<Annotation Id="3" Type="arg" StartNode="222" EndNode="307">
<Feature>
  <Name className="java.lang.String">unclear</Name>
  <Value className="java.lang.String">true</Value>
</Feature>
<Feature>
  <Name className="java.lang.String">ss-label</Name>
  <Value className="java.lang.String">cuts_medicare</Value>
</Feature>
<Feature>
  <Name className="java.lang.String">type</Name>
  <Value className="java.lang.String">label</Value>
</Feature>
<Feature>
  <Name className="java.lang.String">polarity</Name>
  <Value className="java.lang.String">negative</Value>
</Feature>
</Annotation>
<Annotation Id="4" Type="arg" StartNode="345" EndNode="406">
<Feature>
  <Name className="java.lang.String">unclear</Name>
  <Value className="java.lang.String">true</Value>
</Feature>
<Feature>
  <Name className="java.lang.String">ss-label</Name>
  <Value className="java.lang.String">cuts_medicare</Value>
</Feature>
<Feature>
  <Name className="java.lang.String">type</Name>
  <Value className="java.lang.String">label</Value>
</Feature>
<Feature>
  <Name className="java.lang.String">polarity</Name>
  <Value className="java.lang.String">negative</Value>
</Feature>
<Feature>
  <Name className="java.lang.String">incomplete</Name>
  <Value className="java.lang.String">true</Value>
</Feature>
</Annotation>
<Annotation Id="5" Type="arg" StartNode="309" EndNode="511">
<Feature>
  <Name className="java.lang.String">ss-label</Name>
  <Value className="java.lang.String">organizations_support_bill_so_they_can_profit</Value>
</Feature>
<Feature>
  <Name className="java.lang.String">unclear</Name>
  <Value className="java.lang.String">true</Value>
</Feature>
<Feature>
  <Name className="java.lang.String">type</Name>
  <Value className="java.lang.String">label</Value>
</Feature>
<Feature>
  <Name className="java.lang.String">polarity</Name>
  <Value className="java.lang.String">negative</Value>
</Feature>
</Annotation>
<Annotation Id="6" Type="arg" StartNode="712" EndNode="901">
<Feature>
  <Name className="java.lang.String">unclear</Name>
  <Value className="java.lang.String">true</Value>
</Feature>
<Feature>
  <Name className="java.lang.String">ss-label</Name>
  <Value className="java.lang.String">organizations_support_bill_so_they_can_profit</Value>
</Feature>
<Feature>
  <Name className="java.lang.String">type</Name>
  <Value className="java.lang.String">label</Value>
</Feature>
<Feature>
  <Name className="java.lang.String">polarity</Name>
  <Value className="java.lang.String">negative</Value>
</Feature>
</Annotation>
<Annotation Id="7" Type="arg" StartNode="964" EndNode="1054">
<Feature>
  <Name className="java.lang.String">type</Name>
  <Value className="java.lang.String">label</Value>
</Feature>
<Feature>
  <Name className="java.lang.String">ss-label</Name>
  <Value className="java.lang.String">aarp_supports_bill_so_it_can_profit</Value>
</Feature>
<Feature>
  <Name className="java.lang.String">polarity</Name>
  <Value className="java.lang.String">negative</Value>
</Feature>
</Annotation>
<Annotation Id="8" Type="arg" StartNode="1065" EndNode="1104">
<Feature>
  <Name className="java.lang.String">type</Name>
  <Value className="java.lang.String">label</Value>
</Feature>
<Feature>
  <Name className="java.lang.String">ss-label</Name>
  <Value className="java.lang.String">bill_is_politically_motivated</Value>
</Feature>
<Feature>
  <Name className="java.lang.String">polarity</Name>
  <Value className="java.lang.String">negative</Value>
</Feature>
</Annotation>
<Annotation Id="9" Type="arg" StartNode="1065" EndNode="1277">
<Feature>
  <Name className="java.lang.String">type</Name>
  <Value className="java.lang.String">label</Value>
</Feature>
<Feature>
  <Name className="java.lang.String">ss-label</Name>
  <Value className="java.lang.String">organizations_support_bill_so_they_can_profit</Value>
</Feature>
<Feature>
  <Name className="java.lang.String">polarity</Name>
  <Value className="java.lang.String">negative</Value>
</Feature>
</Annotation>
<Annotation Id="11" Type="arg" StartNode="1480" EndNode="1606">
<Feature>
  <Name className="java.lang.String">type</Name>
  <Value className="java.lang.String">label</Value>
</Feature>
<Feature>
  <Name className="java.lang.String">ss-label</Name>
  <Value className="java.lang.String">healthcare_rationing</Value>
</Feature>
<Feature>
  <Name className="java.lang.String">polarity</Name>
  <Value className="java.lang.String">negative</Value>
</Feature>
</Annotation>
<Annotation Id="12" Type="arg" StartNode="1698" EndNode="1741">
<Feature>
  <Name className="java.lang.String">ss-label</Name>
  <Value className="java.lang.String">cuts_medicare</Value>
</Feature>
<Feature>
  <Name className="java.lang.String">type</Name>
  <Value className="java.lang.String">label</Value>
</Feature>
<Feature>
  <Name className="java.lang.String">polarity</Name>
  <Value className="java.lang.String">negative</Value>
</Feature>
<Feature>
  <Name className="java.lang.String">incomplete</Name>
  <Value className="java.lang.String">true</Value>
</Feature>
</Annotation>
<Annotation Id="13" Type="rel" StartNode="1279" EndNode="1467">
<Feature>
  <Name className="java.lang.String">type</Name>
  <Value className="java.lang.String">label</Value>
</Feature>
<Feature>
  <Name className="java.lang.String">ss-label</Name>
  <Value className="java.lang.String">organizations_support_bill_so_they_can_profit</Value>
</Feature>
</Annotation>
<Annotation Id="14" Type="arg" StartNode="2171" EndNode="2299">
<Feature>
  <Name className="java.lang.String">ss-label</Name>
  <Value className="java.lang.String">existing_plans_will_be_eliminated/cancelled</Value>
</Feature>
<Feature>
  <Name className="java.lang.String">unclear</Name>
  <Value className="java.lang.String">true</Value>
</Feature>
<Feature>
  <Name className="java.lang.String">type</Name>
  <Value className="java.lang.String">label</Value>
</Feature>
<Feature>
  <Name className="java.lang.String">polarity</Name>
  <Value className="java.lang.String">negative</Value>
</Feature>
</Annotation>
<Annotation Id="15" Type="arg" StartNode="2317" EndNode="2472">
<Feature>
  <Name className="java.lang.String">type</Name>
  <Value className="java.lang.String">label</Value>
</Feature>
<Feature>
  <Name className="java.lang.String">ss-label</Name>
  <Value className="java.lang.String">cuts_medicare</Value>
</Feature>
<Feature>
  <Name className="java.lang.String">polarity</Name>
  <Value className="java.lang.String">negative</Value>
</Feature>
</Annotation>
<Annotation Id="17" Type="rel" StartNode="2559" EndNode="2705">
<Feature>
  <Name className="java.lang.String">type</Name>
  <Value className="java.lang.String">label</Value>
</Feature>
<Feature>
  <Name className="java.lang.String">ss-label</Name>
  <Value className="java.lang.String">organizations_support_bill_so_they_can_profit</Value>
</Feature>
</Annotation>
<Annotation Id="16" Type="arg" StartNode="2749" EndNode="2907">
<Feature>
  <Name className="java.lang.String">type</Name>
  <Value className="java.lang.String">label</Value>
</Feature>
<Feature>
  <Name className="java.lang.String">ss-label</Name>
  <Value className="java.lang.String">organizations_support_bill_so_they_can_profit</Value>
</Feature>
<Feature>
  <Name className="java.lang.String">polarity</Name>
  <Value className="java.lang.String">negative</Value>
</Feature>
</Annotation>
<Annotation Id="19" Type="rel" StartNode="3074" EndNode="3288">
<Feature>
  <Name className="java.lang.String">type</Name>
  <Value className="java.lang.String">label</Value>
</Feature>
<Feature>
  <Name className="java.lang.String">ss-label</Name>
  <Value className="java.lang.String">organizations_support_bill_so_they_can_profit</Value>
</Feature>
</Annotation>
<Annotation Id="18" Type="arg" StartNode="2909" EndNode="3072">
<Feature>
  <Name className="java.lang.String">type</Name>
  <Value className="java.lang.String">label</Value>
</Feature>
<Feature>
  <Name className="java.lang.String">ss-label</Name>
  <Value className="java.lang.String">organizations_support_bill_so_they_can_profit</Value>
</Feature>
<Feature>
  <Name className="java.lang.String">polarity</Name>
  <Value className="java.lang.String">negative</Value>
</Feature>
</Annotation>
<Annotation Id="21" Type="arg" StartNode="4005" EndNode="4185">
<Feature>
  <Name className="java.lang.String">prospect</Name>
  <Value className="java.lang.String">loss</Value>
</Feature>
<Feature>
  <Name className="java.lang.String">ss-label</Name>
  <Value className="java.lang.String">diminishes_quality_of_care</Value>
</Feature>
<Feature>
  <Name className="java.lang.String">type</Name>
  <Value className="java.lang.String">label</Value>
</Feature>
<Feature>
  <Name className="java.lang.String">group</Name>
  <Value className="java.lang.String">self-group</Value>
</Feature>
<Feature>
  <Name className="java.lang.String">polarity</Name>
  <Value className="java.lang.String">negative</Value>
</Feature>
</Annotation>
<Annotation Id="20" Type="arg" StartNode="3820" EndNode="4003">
<Feature>
  <Name className="java.lang.String">prospect</Name>
  <Value className="java.lang.String">loss</Value>
</Feature>
<Feature>
  <Name className="java.lang.String">ss-label</Name>
  <Value className="java.lang.String">cuts_medicare</Value>
</Feature>
<Feature>
  <Name className="java.lang.String">type</Name>
  <Value className="java.lang.String">label</Value>
</Feature>
<Feature>
  <Name className="java.lang.String">group</Name>
  <Value className="java.lang.String">self-group</Value>
</Feature>
<Feature>
  <Name className="java.lang.String">polarity</Name>
  <Value className="java.lang.String">negative</Value>
</Feature>
</Annotation>
<Annotation Id="23" Type="arg" StartNode="4325" EndNode="4507">
<Feature>
  <Name className="java.lang.String">prospect</Name>
  <Value className="java.lang.String">loss</Value>
</Feature>
<Feature>
  <Name className="java.lang.String">ss-label</Name>
  <Value className="java.lang.String">diminishes_quality_of_care</Value>
</Feature>
<Feature>
  <Name className="java.lang.String">type</Name>
  <Value className="java.lang.String">label</Value>
</Feature>
<Feature>
  <Name className="java.lang.String">group</Name>
  <Value className="java.lang.String">self-group</Value>
</Feature>
<Feature>
  <Name className="java.lang.String">polarity</Name>
  <Value className="java.lang.String">negative</Value>
</Feature>
</Annotation>
<Annotation Id="22" Type="arg" StartNode="4279" EndNode="4314">
<Feature>
  <Name className="java.lang.String">prospect</Name>
  <Value className="java.lang.String">loss</Value>
</Feature>
<Feature>
  <Name className="java.lang.String">ss-label</Name>
  <Value className="java.lang.String">healthcare_rationing</Value>
</Feature>
<Feature>
  <Name className="java.lang.String">type</Name>
  <Value className="java.lang.String">label</Value>
</Feature>
<Feature>
  <Name className="java.lang.String">group</Name>
  <Value className="java.lang.String">self-group</Value>
</Feature>
<Feature>
  <Name className="java.lang.String">polarity</Name>
  <Value className="java.lang.String">negative</Value>
</Feature>
</Annotation>
<Annotation Id="25" Type="arg" StartNode="4702" EndNode="4874">
<Feature>
  <Name className="java.lang.String">type</Name>
  <Value className="java.lang.String">label</Value>
</Feature>
<Feature>
  <Name className="java.lang.String">ss-label</Name>
  <Value className="java.lang.String">doctors_will_retire</Value>
</Feature>
<Feature>
  <Name className="java.lang.String">polarity</Name>
  <Value className="java.lang.String">negative</Value>
</Feature>
</Annotation>
<Annotation Id="24" Type="arg" StartNode="4509" EndNode="4634">
<Feature>
  <Name className="java.lang.String">prospect</Name>
  <Value className="java.lang.String">loss</Value>
</Feature>
<Feature>
  <Name className="java.lang.String">ss-label</Name>
  <Value className="java.lang.String">medicare_will_stop_being_accepted</Value>
</Feature>
<Feature>
  <Name className="java.lang.String">type</Name>
  <Value className="java.lang.String">label</Value>
</Feature>
<Feature>
  <Name className="java.lang.String">group</Name>
  <Value className="java.lang.String">self-group</Value>
</Feature>
<Feature>
  <Name className="java.lang.String">polarity</Name>
  <Value className="java.lang.String">negative</Value>
</Feature>
</Annotation>
<Annotation Id="27" Type="rel" StartNode="4982" EndNode="5105">
<Feature>
  <Name className="java.lang.String">type</Name>
  <Value className="java.lang.String">label</Value>
</Feature>
<Feature>
  <Name className="java.lang.String">ss-label</Name>
  <Value className="java.lang.String">medicare_will_stop_being_accepted</Value>
</Feature>
</Annotation>
<Annotation Id="26" Type="arg" StartNode="4889" EndNode="4980">
<Feature>
  <Name className="java.lang.String">type</Name>
  <Value className="java.lang.String">label</Value>
</Feature>
<Feature>
  <Name className="java.lang.String">ss-label</Name>
  <Value className="java.lang.String">medicare_will_stop_being_accepted</Value>
</Feature>
<Feature>
  <Name className="java.lang.String">polarity</Name>
  <Value className="java.lang.String">negative</Value>
</Feature>
</Annotation>
<Annotation Id="28" Type="arg" StartNode="5107" EndNode="5286">
<Feature>
  <Name className="java.lang.String">unclear</Name>
  <Value className="java.lang.String">true</Value>
</Feature>
<Feature>
  <Name className="java.lang.String">ss-label</Name>
  <Value className="java.lang.String">medicare_will_stop_being_accepted</Value>
</Feature>
<Feature>
  <Name className="java.lang.String">type</Name>
  <Value className="java.lang.String">label</Value>
</Feature>
<Feature>
  <Name className="java.lang.String">polarity</Name>
  <Value className="java.lang.String">negative</Value>
</Feature>
<Feature>
  <Name className="java.lang.String">incomplete</Name>
  <Value className="java.lang.String">true</Value>
</Feature>
</Annotation>
</AnnotationSet>

<!-- Named annotation set -->

<AnnotationSet Name="Original markups">
<Annotation Id="0" Type="paragraph" StartNode="0" EndNode="5589">
</Annotation>
</AnnotationSet>

</GateDocument>
