<?xml version='1.0' encoding='US-ASCII'?>
<GateDocument>
<!-- The document's features-->

<GateDocumentFeatures>
<Feature>
  <Name className="java.lang.String">gate.SourceURL</Name>
  <Value className="java.lang.String">file:/home/conrada/Dropbox/healthcare_devel_data_final/hc042.txt</Value>
</Feature>
<Feature>
  <Name className="java.lang.String">MimeType</Name>
  <Value className="java.lang.String">text/plain</Value>
</Feature>
<Feature>
  <Name className="java.lang.String">docNewLineType</Name>
  <Value className="java.lang.String">CRLF</Value>
</Feature>
</GateDocumentFeatures>
<!-- The document content area with serialized nodes -->

<TextWithNodes><Node id="0" />Medicare cuts and other D.C. fairy tales: <Node id="42" />Obama's so-called 'savings' are pure political fantasy
<Node id="97" />
BY DR. DAVID GRATZER
Thursday, December 3rd 2009, 4:00 AM
 It's that time of year again: Washington is talking about cuts to Medicare. 
 President Obama's health-care reforms depend on them - up to $400 billion worth over 10 years.
 As a psychiatrist, I'll break the bad news gently: <Node id="382" />Medicare cuts are like Santa Claus and his flying reindeers - often talked about, never actually seen.
<Node id="485" />
 The federal government has long fought to control Medicare spending. 
 Today's Medicare program costs taxpayers twice what it did 10 years ago. 
 But <Node id="637" />whenever lawmakers from either party agree to savings, Congress reverses course, fearing cuts will anger voters on Election Day.
<Node id="766" />
 <Node id="768" />Congress reversed planned cuts in 1999. 
 And 2005. And 2004. And 2006. 
 In fact, since 1997, when members of both parties agreed to automatic cuts if spending rose faster than population and economic growth, the program has been cut just once, in 2002.
 At one point, Congress voted to postpone a 10% cut in Medicare doctors' fees from December 2007 until mid-summer 2008. 
 Just weeks later, House Speaker Nancy Pelosi attacked the rescheduled savings as "exactly the wrong medicine."
 So come July 2008, despite massive deficit projections, Congress voted to abandon the planned savings altogether. President George Bush vetoed that decision - only to have Congress, both parties, override him.
<Node id="1467" />
 Turns out, there are only two <Node id="1499" />ways to credibly cut Medicare costs<Node id="1534" />. 
 Option one: <Node id="1550" />reengineer the program with a focus on cutting demand by improving the overall wellness of beneficiaries. 
<Node id="1657" />
 <Node id="1659" />This is a vital, longer-term project that so far nobody is touching with a 10-foot pole.
<Node id="1748" />
 Option two: cut supply by rationing care, which makes patients - namely, politically active elderly voters - angry. 
 So it's no surprise that the cycle of cuts and reversals has continued with almost comic certainty. 
 In fact, just days ago, the House of Representatives passed a bill reversing Medicare cuts slated for 2010, with White House support.
 Yet as you read this, <Node id="2127" />President Obama and Democrats in Congress insist they can pay for half of Obamacare's new spending on health care with . . . you guessed it: future, unspecified, scheduled cuts to Medicare doctors' fees, drug payments and hospital reimbursements. 
<Node id="2375" />
 Pelosi has put aside last year's worries; now she believes Washington can find $400 billion over 10 years - without the likes of herself interfering.
 How? 
 <Node id="2535" />Obamacare is built on a gimmick. 
<Node id="2569" />
 <Node id="2571" />The White House apparently believes America's grandmothers won't mind hundreds of billions of dollars worth of Medicare cuts if a committee of health-care bureaucrats is in charge, deflecting responsibility for ruthless decisions that politicians and doctors can't be trusted to make. 
<Node id="2857" />
 In the Senate bill, the committee is called <Node id="2903" />the Independent Medicare Advisory Board.
 This strategy has already failed in Britain<Node id="2988" />, where <Node id="2996" />politicians desperate to tame rising health costs created a National Institute for Health and Clinical Effectiveness. 
 Several NICE rulings to cut coverage for expensive treatments have since been challenged or reversed. 
 And as a result, health inflation lives on in Britain, because their officials, just like ours, don't have the guts to tell millions of grandmothers to suffer just to balance a budget.
<Node id="3405" />
 And <Node id="3411" />so, supporters of Obama-care who think their plan is paid for with Medicare savings, beware. <Node id="3504" />
 Don't worry about leaving the milk and cookies out: He's not coming, and neither are the cuts.
Gratzer, a physician, is a senior fellow at the Manhattan Institute and author of "Why Obama's Government Takeover of Health Care Will Be a Disaster."
<Node id="3752" /></TextWithNodes>
<!-- The default annotation set -->

<AnnotationSet>
<Annotation Id="1" Type="doc" StartNode="0" EndNode="3752">
<Feature>
  <Name className="java.lang.String">id</Name>
  <Value className="java.lang.String">hc042</Value>
</Feature>
<Feature>
  <Name className="java.lang.String">author</Name>
  <Value className="java.lang.String">David,Gratzer</Value>
</Feature>
<Feature>
  <Name className="java.lang.String">source</Name>
  <Value className="java.lang.String">nydailynews,New,York,Daily,News</Value>
</Feature>
<Feature>
  <Name className="java.lang.String">date</Name>
  <Value className="java.lang.String">20091203</Value>
</Feature>
<Feature>
  <Name className="java.lang.String">side</Name>
  <Value className="java.lang.String">anti</Value>
</Feature>
<Feature>
  <Name className="java.lang.String">url</Name>
  <Value className="java.lang.String">http://www.nydailynews.com/opinions/2009/12/03/2009-12-03_medicare_cuts_and_other_dc_fairy_tales.html </Value>
</Feature>
</Annotation>
<Annotation Id="2" Type="arg" StartNode="42" EndNode="97">
<Feature>
  <Name className="java.lang.String">type</Name>
  <Value className="java.lang.String">label</Value>
</Feature>
<Feature>
  <Name className="java.lang.String">ss-label</Name>
  <Value className="java.lang.String">does_not_control_healthcare_costs</Value>
</Feature>
<Feature>
  <Name className="java.lang.String">polarity</Name>
  <Value className="java.lang.String">negative</Value>
</Feature>
</Annotation>
<Annotation Id="3" Type="arg" StartNode="382" EndNode="485">
<Feature>
  <Name className="java.lang.String">unclear</Name>
  <Value className="java.lang.String">true</Value>
</Feature>
<Feature>
  <Name className="java.lang.String">ss-label</Name>
  <Value className="java.lang.String">proposed_cuts_will_not_actually_happen</Value>
</Feature>
<Feature>
  <Name className="java.lang.String">type</Name>
  <Value className="java.lang.String">label</Value>
</Feature>
<Feature>
  <Name className="java.lang.String">polarity</Name>
  <Value className="java.lang.String">negative</Value>
</Feature>
<Feature>
  <Name className="java.lang.String">incomplete</Name>
  <Value className="java.lang.String">true</Value>
</Feature>
</Annotation>
<Annotation Id="4" Type="arg" StartNode="637" EndNode="766">
<Feature>
  <Name className="java.lang.String">type</Name>
  <Value className="java.lang.String">label</Value>
</Feature>
<Feature>
  <Name className="java.lang.String">ss-label</Name>
  <Value className="java.lang.String">proposed_cuts_will_not_actually_happen</Value>
</Feature>
<Feature>
  <Name className="java.lang.String">polarity</Name>
  <Value className="java.lang.String">negative</Value>
</Feature>
</Annotation>
<Annotation Id="5" Type="rel" StartNode="768" EndNode="1467">
<Feature>
  <Name className="java.lang.String">type</Name>
  <Value className="java.lang.String">label</Value>
</Feature>
<Feature>
  <Name className="java.lang.String">ss-label</Name>
  <Value className="java.lang.String">proposed_cuts_will_not_actually_happen</Value>
</Feature>
</Annotation>
<Annotation Id="6" Type="rel" StartNode="1499" EndNode="1534">
<Feature>
  <Name className="java.lang.String">id</Name>
  <Value className="java.lang.String">r1</Value>
</Feature>
</Annotation>
<Annotation Id="7" Type="arg" StartNode="1550" EndNode="1657">
<Feature>
  <Name className="java.lang.String">ss-label</Name>
  <Value className="java.lang.String">dealing_with_unhealthy_lifestyles_more_effective</Value>
</Feature>
<Feature>
  <Name className="java.lang.String">type</Name>
  <Value className="java.lang.String">label</Value>
</Feature>
<Feature>
  <Name className="java.lang.String">about-rel</Name>
  <Value className="java.lang.String">r1</Value>
</Feature>
<Feature>
  <Name className="java.lang.String">polarity</Name>
  <Value className="java.lang.String">positive</Value>
</Feature>
</Annotation>
<Annotation Id="8" Type="rel" StartNode="1659" EndNode="1748">
<Feature>
  <Name className="java.lang.String">type</Name>
  <Value className="java.lang.String">label</Value>
</Feature>
<Feature>
  <Name className="java.lang.String">ss-label</Name>
  <Value className="java.lang.String">dealing_with_unhealthy_lifestyles_more_effective</Value>
</Feature>
</Annotation>
<Annotation Id="9" Type="arg" StartNode="2127" EndNode="2375">
<Feature>
  <Name className="java.lang.String">unclear</Name>
  <Value className="java.lang.String">true</Value>
</Feature>
<Feature>
  <Name className="java.lang.String">ss-label</Name>
  <Value className="java.lang.String">proposed_cuts_will_not_actually_happen</Value>
</Feature>
<Feature>
  <Name className="java.lang.String">type</Name>
  <Value className="java.lang.String">label</Value>
</Feature>
<Feature>
  <Name className="java.lang.String">polarity</Name>
  <Value className="java.lang.String">negative</Value>
</Feature>
</Annotation>
<Annotation Id="10" Type="arg" StartNode="2535" EndNode="2569">
<Feature>
  <Name className="java.lang.String">unclear</Name>
  <Value className="java.lang.String">true</Value>
</Feature>
<Feature>
  <Name className="java.lang.String">ss-label</Name>
  <Value className="java.lang.String">will_cost_more_than_anticipated</Value>
</Feature>
<Feature>
  <Name className="java.lang.String">type</Name>
  <Value className="java.lang.String">label</Value>
</Feature>
<Feature>
  <Name className="java.lang.String">polarity</Name>
  <Value className="java.lang.String">negative</Value>
</Feature>
</Annotation>
<Annotation Id="11" Type="arg" StartNode="2903" EndNode="2988">
<Feature>
  <Name className="java.lang.String">type</Name>
  <Value className="java.lang.String">label</Value>
</Feature>
<Feature>
  <Name className="java.lang.String">ss-label</Name>
  <Value className="java.lang.String">similar_programs_have_failed_abroad</Value>
</Feature>
<Feature>
  <Name className="java.lang.String">polarity</Name>
  <Value className="java.lang.String">negative</Value>
</Feature>
</Annotation>
<Annotation Id="12" Type="rel" StartNode="2996" EndNode="3405">
<Feature>
  <Name className="java.lang.String">type</Name>
  <Value className="java.lang.String">label</Value>
</Feature>
<Feature>
  <Name className="java.lang.String">ss-label</Name>
  <Value className="java.lang.String">similar_programs_have_failed_abroad</Value>
</Feature>
</Annotation>
<Annotation Id="13" Type="arg" StartNode="3411" EndNode="3504">
<Feature>
  <Name className="java.lang.String">ss-label</Name>
  <Value className="java.lang.String">proposed_cuts_will_not_actually_happen</Value>
</Feature>
<Feature>
  <Name className="java.lang.String">unclear</Name>
  <Value className="java.lang.String">true</Value>
</Feature>
<Feature>
  <Name className="java.lang.String">type</Name>
  <Value className="java.lang.String">label</Value>
</Feature>
<Feature>
  <Name className="java.lang.String">polarity</Name>
  <Value className="java.lang.String">negative</Value>
</Feature>
</Annotation>
<Annotation Id="14" Type="rel" StartNode="2571" EndNode="2857">
<Feature>
  <Name className="java.lang.String">type</Name>
  <Value className="java.lang.String">label</Value>
</Feature>
<Feature>
  <Name className="java.lang.String">ss-label</Name>
  <Value className="java.lang.String">proposed_cuts_will_not_actually_happen</Value>
</Feature>
</Annotation>
</AnnotationSet>

<!-- Named annotation set -->

<AnnotationSet Name="Original markups">
<Annotation Id="0" Type="paragraph" StartNode="0" EndNode="3752">
</Annotation>
</AnnotationSet>

</GateDocument>
