<?xml version='1.0' encoding='US-ASCII'?>
<GateDocument>
<!-- The document's features-->

<GateDocumentFeatures>
<Feature>
  <Name className="java.lang.String">gate.SourceURL</Name>
  <Value className="java.lang.String">file:/home/conrada/Dropbox/healthcare_devel_data_final/hc045.txt</Value>
</Feature>
<Feature>
  <Name className="java.lang.String">MimeType</Name>
  <Value className="java.lang.String">text/plain</Value>
</Feature>
<Feature>
  <Name className="java.lang.String">docNewLineType</Name>
  <Value className="java.lang.String">CRLF</Value>
</Feature>
</GateDocumentFeatures>
<!-- The document content area with serialized nodes -->

<TextWithNodes><Node id="0" />Jay Ambrose: MacDonald's gives lesson in ObamaCare
01:00 AM EDT on Saturday, October 30, 2010
By Jay Ambrose
DENVER
 Given their specialty of hamburgers, their drive-through catering to people in a hurry, their trans-fat retreat in response to <Node id="244" />activists wanting to dictate how the rest of us eat<Node id="295" />, McDonald's restaurants sum up many things American. 
 Add this to the list - a brush with the <Node id="391" />business-busting insanity of Obamacare.
<Node id="431" />
 It's true and still another signal among many that it's time to retire the power abusers who gave us this travesty parading as rescue. 
 The story is this. 
 McDonald's and 29 other entities faced having to drop a total of a million people from any insurance coverage at all to avoid a demand by the new health law that they otherwise increase benefits for low-wage employees. 
 They couldn't afford it and the government provided waivers negating its demands.
 <Node id="895" />The incident recalls what House Speaker Nancy Pelosi once said - that the health-care remake had to be passed so everyone could find out what was in it. 
<Node id="1049" />
 Even before enactment, with thousands of details still hidden, it was clear the concoction was going to be a massive mess, but the revelations since then have outdone the direst predictions. 
 The capacity of this law for mayhem? Endless.
 The McDonald's perplexity is just a start, but is worth focusing on for a second. 
 <Node id="1375" />Insurance benefits for the workers in question are meager, but the idea that the remedy is simply to force businesses to spend more is economic idiocy of the first order. 
<Node id="1547" />
 The consequence could be layoffs or even eventual business failure, only <Node id="1622" />here we also had the option of no employer-provided insurance at all, meaning that a law meant to extend coverage to more people could have eliminated coverage for many.
<Node id="1792" />
 In four years, <Node id="1809" />employers bowing out of such requirements would instead pay a lesser penalty helping to finance alternative organizations providing insurance. 
<Node id="1953" />
 If that sounds like everything would then be hunky-dory, consider that <Node id="2026" />the exchanges would also be heavily subsidized by the government, part of a new entitlement on top of the old entitlements of Medicare, Social Security and Medicaid already threatening an economy-devastating debt crisis.
<Node id="2247" />
 The reprieve for McDonald's and the other businesses is just for a year, and meanwhile, <Node id="2337" />some other companies big and small are already taking a hit financially while still others are inhibited from expansion by fear of how this law would then punish them even more. 
<Node id="2516" />
 <Node id="2518" />All of this comes at the worst possible time, helping to keep high jobless rates intact<Node id="2605" /> - but wait, there's more.
 <Node id="2633" />The demands of this law are pushing numbers of physician-owned and charitable hospitals to either fold their tents or become part of much bigger outfits. 
<Node id="2788" />
 It's also reported that <Node id="2814" />bankruptcies are likely to flow from attempts by Obamacare to transform insurance companies into welfare agencies. 
<Node id="2930" />
 <Node id="2932" />Premiums are going up partly in response to the law and will probably go up considerably more if insurance companies are to stay alive. 
<Node id="3069" />
 <Node id="3071" />States that already have their backs to the wall are also going to have to pay a ton more into Medicaid.
<Node id="3176" />
 Let's agree that the law does some good while agreeing as well that <Node id="3246" />we could have gotten where we needed to go by prudent, relatively inexpensive, non-intrusive steps such as tort reform, allowing national insurance-company competition and gradually redirecting government subsidies of employer-provided insurance to individuals. 
<Node id="3509" />
 <Node id="3511" />Virtually everyone could have improved insurance at far less cost to consumers, businesses and the government than what we will get with <Node id="3648" />Obamacare<Node id="3657" />, an extravagant welfare-state expansion<Node id="3697" /> of the sort much of Europe is now trying to undo before Europe itself is undone.
<Node id="3779" />
Jay Ambrose ( SpeaktoJay@aol.com), formerly Washington director of editorial policy for Scripps Howard Newspapers, is a columnist living in Colorado.
<Node id="3930" /></TextWithNodes>
<!-- The default annotation set -->

<AnnotationSet>
<Annotation Id="1" Type="doc" StartNode="0" EndNode="3930">
<Feature>
  <Name className="java.lang.String">id</Name>
  <Value className="java.lang.String">hc045</Value>
</Feature>
<Feature>
  <Name className="java.lang.String">author</Name>
  <Value className="java.lang.String">Jay,Ambrose</Value>
</Feature>
<Feature>
  <Name className="java.lang.String">date</Name>
  <Value className="java.lang.String">20101030</Value>
</Feature>
<Feature>
  <Name className="java.lang.String">source</Name>
  <Value className="java.lang.String">The,Providence,Journal,projo</Value>
</Feature>
<Feature>
  <Name className="java.lang.String">side</Name>
  <Value className="java.lang.String">anti</Value>
</Feature>
<Feature>
  <Name className="java.lang.String">url</Name>
  <Value className="java.lang.String">http://www.projo.com/opinion/contributors/content/CT_ambrose30_10-30-10_SGKJTTU_v17.275827c.html </Value>
</Feature>
</Annotation>
<Annotation Id="2" Type="rel" StartNode="244" EndNode="295">
<Feature>
  <Name className="java.lang.String">type</Name>
  <Value className="java.lang.String">sside</Value>
</Feature>
</Annotation>
<Annotation Id="3" Type="arg" StartNode="391" EndNode="431">
<Feature>
  <Name className="java.lang.String">ss-label</Name>
  <Value className="java.lang.String">bill_will_hurt_healthcare_system</Value>
</Feature>
<Feature>
  <Name className="java.lang.String">type</Name>
  <Value className="java.lang.String">label</Value>
</Feature>
<Feature>
  <Name className="java.lang.String">polarity</Name>
  <Value className="java.lang.String">negative</Value>
</Feature>
<Feature>
  <Name className="java.lang.String">incomplete</Name>
  <Value className="java.lang.String">true</Value>
</Feature>
</Annotation>
<Annotation Id="4" Type="arg" StartNode="895" EndNode="1049">
<Feature>
  <Name className="java.lang.String">ss-label</Name>
  <Value className="java.lang.String">bill_pushed_through_too_quickly</Value>
</Feature>
<Feature>
  <Name className="java.lang.String">unclear</Name>
  <Value className="java.lang.String">true</Value>
</Feature>
<Feature>
  <Name className="java.lang.String">type</Name>
  <Value className="java.lang.String">label</Value>
</Feature>
<Feature>
  <Name className="java.lang.String">polarity</Name>
  <Value className="java.lang.String">negative</Value>
</Feature>
</Annotation>
<Annotation Id="5" Type="arg" StartNode="3648" EndNode="3697">
<Feature>
  <Name className="java.lang.String">type</Name>
  <Value className="java.lang.String">label</Value>
</Feature>
<Feature>
  <Name className="java.lang.String">ss-label</Name>
  <Value className="java.lang.String">goal_is_to_expand_entitlements</Value>
</Feature>
<Feature>
  <Name className="java.lang.String">polarity</Name>
  <Value className="java.lang.String">negative</Value>
</Feature>
</Annotation>
<Annotation Id="6" Type="arg" StartNode="3648" EndNode="3779">
<Feature>
  <Name className="java.lang.String">type</Name>
  <Value className="java.lang.String">label</Value>
</Feature>
<Feature>
  <Name className="java.lang.String">ss-label</Name>
  <Value className="java.lang.String">similar_programs_have_failed_abroad</Value>
</Feature>
<Feature>
  <Name className="java.lang.String">polarity</Name>
  <Value className="java.lang.String">negative</Value>
</Feature>
</Annotation>
<Annotation Id="8" Type="arg" StartNode="1375" EndNode="1547">
<Feature>
  <Name className="java.lang.String">unclear</Name>
  <Value className="java.lang.String">true</Value>
</Feature>
<Feature>
  <Name className="java.lang.String">ss-label</Name>
  <Value className="java.lang.String">hurts_businesses</Value>
</Feature>
<Feature>
  <Name className="java.lang.String">type</Name>
  <Value className="java.lang.String">label</Value>
</Feature>
<Feature>
  <Name className="java.lang.String">polarity</Name>
  <Value className="java.lang.String">negative</Value>
</Feature>
<Feature>
  <Name className="java.lang.String">incomplete</Name>
  <Value className="java.lang.String">true</Value>
</Feature>
</Annotation>
<Annotation Id="9" Type="arg" StartNode="1622" EndNode="1792">
<Feature>
  <Name className="java.lang.String">type</Name>
  <Value className="java.lang.String">label</Value>
</Feature>
<Feature>
  <Name className="java.lang.String">ss-label</Name>
  <Value className="java.lang.String">businesses_will_stop_offering_insurance_to_employees</Value>
</Feature>
<Feature>
  <Name className="java.lang.String">polarity</Name>
  <Value className="java.lang.String">negative</Value>
</Feature>
</Annotation>
<Annotation Id="11" Type="rel" StartNode="1809" EndNode="1953">
<Feature>
  <Name className="java.lang.String">type</Name>
  <Value className="java.lang.String">label</Value>
</Feature>
<Feature>
  <Name className="java.lang.String">ss-label</Name>
  <Value className="java.lang.String">businesses_will_stop_offering_insurance_to_employees</Value>
</Feature>
</Annotation>
<Annotation Id="12" Type="arg" StartNode="2026" EndNode="2247">
<Feature>
  <Name className="java.lang.String">unclear</Name>
  <Value className="java.lang.String">true</Value>
</Feature>
<Feature>
  <Name className="java.lang.String">ss-label</Name>
  <Value className="java.lang.String">deficit_greater_threat</Value>
</Feature>
<Feature>
  <Name className="java.lang.String">type</Name>
  <Value className="java.lang.String">label</Value>
</Feature>
<Feature>
  <Name className="java.lang.String">polarity</Name>
  <Value className="java.lang.String">negative</Value>
</Feature>
</Annotation>
<Annotation Id="13" Type="arg" StartNode="2337" EndNode="2516">
<Feature>
  <Name className="java.lang.String">type</Name>
  <Value className="java.lang.String">label</Value>
</Feature>
<Feature>
  <Name className="java.lang.String">ss-label</Name>
  <Value className="java.lang.String">hurts_businesses</Value>
</Feature>
<Feature>
  <Name className="java.lang.String">polarity</Name>
  <Value className="java.lang.String">negative</Value>
</Feature>
</Annotation>
<Annotation Id="14" Type="arg" StartNode="2518" EndNode="2605">
<Feature>
  <Name className="java.lang.String">unclear</Name>
  <Value className="java.lang.String">true</Value>
</Feature>
<Feature>
  <Name className="java.lang.String">ss-label</Name>
  <Value className="java.lang.String">causes_unemployment</Value>
</Feature>
<Feature>
  <Name className="java.lang.String">type</Name>
  <Value className="java.lang.String">label</Value>
</Feature>
<Feature>
  <Name className="java.lang.String">polarity</Name>
  <Value className="java.lang.String">negative</Value>
</Feature>
<Feature>
  <Name className="java.lang.String">incomplete</Name>
  <Value className="java.lang.String">true</Value>
</Feature>
</Annotation>
<Annotation Id="15" Type="arg" StartNode="2633" EndNode="2788">
<Feature>
  <Name className="java.lang.String">unclear</Name>
  <Value className="java.lang.String">true</Value>
</Feature>
<Feature>
  <Name className="java.lang.String">ss-label</Name>
  <Value className="java.lang.String">reduces_availability_of_medical_care</Value>
</Feature>
<Feature>
  <Name className="java.lang.String">type</Name>
  <Value className="java.lang.String">label</Value>
</Feature>
<Feature>
  <Name className="java.lang.String">polarity</Name>
  <Value className="java.lang.String">negative</Value>
</Feature>
</Annotation>
<Annotation Id="17" Type="arg" StartNode="2932" EndNode="3069">
<Feature>
  <Name className="java.lang.String">prospect</Name>
  <Value className="java.lang.String">loss</Value>
</Feature>
<Feature>
  <Name className="java.lang.String">ss-label</Name>
  <Value className="java.lang.String">individuals_will_pay_more</Value>
</Feature>
<Feature>
  <Name className="java.lang.String">type</Name>
  <Value className="java.lang.String">label</Value>
</Feature>
<Feature>
  <Name className="java.lang.String">group</Name>
  <Value className="java.lang.String">self-group</Value>
</Feature>
<Feature>
  <Name className="java.lang.String">polarity</Name>
  <Value className="java.lang.String">negative</Value>
</Feature>
</Annotation>
<Annotation Id="16" Type="arg" StartNode="2814" EndNode="2930">
<Feature>
  <Name className="java.lang.String">type</Name>
  <Value className="java.lang.String">label</Value>
</Feature>
<Feature>
  <Name className="java.lang.String">ss-label</Name>
  <Value className="java.lang.String">will_eliminate_private_insurance</Value>
</Feature>
<Feature>
  <Name className="java.lang.String">polarity</Name>
  <Value className="java.lang.String">negative</Value>
</Feature>
</Annotation>
<Annotation Id="19" Type="arg" StartNode="3246" EndNode="3509">
<Feature>
  <Name className="java.lang.String">type</Name>
  <Value className="java.lang.String">label</Value>
</Feature>
<Feature>
  <Name className="java.lang.String">ss-label</Name>
  <Value className="java.lang.String">other_reforms_more_effective</Value>
</Feature>
<Feature>
  <Name className="java.lang.String">polarity</Name>
  <Value className="java.lang.String">positive</Value>
</Feature>
</Annotation>
<Annotation Id="18" Type="arg" StartNode="3071" EndNode="3176">
<Feature>
  <Name className="java.lang.String">type</Name>
  <Value className="java.lang.String">label</Value>
</Feature>
<Feature>
  <Name className="java.lang.String">ss-label</Name>
  <Value className="java.lang.String">spends_too_much_on_medicaid</Value>
</Feature>
<Feature>
  <Name className="java.lang.String">polarity</Name>
  <Value className="java.lang.String">negative</Value>
</Feature>
</Annotation>
<Annotation Id="20" Type="arg" StartNode="3511" EndNode="3657">
<Feature>
  <Name className="java.lang.String">type</Name>
  <Value className="java.lang.String">label</Value>
</Feature>
<Feature>
  <Name className="java.lang.String">ss-label</Name>
  <Value className="java.lang.String">other_reforms_more_effective</Value>
</Feature>
<Feature>
  <Name className="java.lang.String">polarity</Name>
  <Value className="java.lang.String">both</Value>
</Feature>
</Annotation>
</AnnotationSet>

<!-- Named annotation set -->

<AnnotationSet Name="Original markups">
<Annotation Id="0" Type="paragraph" StartNode="0" EndNode="3930">
</Annotation>
</AnnotationSet>

</GateDocument>
