<?xml version='1.0' encoding='US-ASCII'?>
<GateDocument>
<!-- The document's features-->

<GateDocumentFeatures>
<Feature>
  <Name className="java.lang.String">MimeType</Name>
  <Value className="java.lang.String">text/plain</Value>
</Feature>
<Feature>
  <Name className="java.lang.String">gate.SourceURL</Name>
  <Value className="java.lang.String">file:/home/conrada/Dropbox/healthcare_devel_data_final/hc046.txt</Value>
</Feature>
<Feature>
  <Name className="java.lang.String">docNewLineType</Name>
  <Value className="java.lang.String">CRLF</Value>
</Feature>
</GateDocumentFeatures>
<!-- The document content area with serialized nodes -->

<TextWithNodes><Node id="0" />Making preventive care attainable: Kathleen Sebelius
Published: Friday, July 23, 2010, 3:00 AM
By Kathleen Sebelius
 Today, our health care system is more like a sick care system. 
 Chronic diseases like heart disease, cancer, and diabetes are responsible for seven of 10 deaths among Americans each year and account for 75 percent of the nation's health spending. 
 But <Node id="371" />too many Americans fail to get the screenings and visits they need to help them prevent these conditions and stay healthy in the first place.
<Node id="513" />
 That's why <Node id="526" />the Obama administration has made it a top priority to ensure that more Americans get access to life-saving preventive care. 
<Node id="652" />
 From the historic investments in prevention in the Recovery Act, to the first lady's Let's Move Campaign to end childhood obesity, to the Affordable Care Act, <Node id="813" />the administration is laying the foundation for a health care system that focuses on keeping every American healthy.
<Node id="930" />
 Last week, we took another step forward. 
 As part of the Affordable Care Act, we announced that <Node id="1029" />beginning Sept. 23, all new private health insurance plans will have to cover a wide range of basic <Node id="1129" />preventive services <Node id="1149" />without charging a deductible, copayment or coinsurance.
<Node id="1206" />
 <Node id="1208" />Eliminating cost-sharing for these services will help save lives. 
<Node id="1275" />
 Even with insurance, out-of-pocket costs for screenings, visits and vaccines can add up quickly. 
 Now, <Node id="1381" />Americans hit hard by the economic downturn won't have to think twice about whether they can afford a recommended mammogram or counseling with their doctor to help them quit smoking or lose weight.
<Node id="1579" />
 Just last week, I had the privilege of meeting some of those Americans whose lives would have been forever changed if their insurance had not covered the preventive services they needed.
 When Maggie's little boy John was born, she knew how important it was to take him to all of his well-child visits -- especially critical during the first year of life. 
 At his one-year visit, the pediatrician felt a mass in John's stomach.
 Maggie's otherwise completely normal, happy and healthy baby had a stage 3 neuroblastoma that had spread throughout his midsection. 
 There is no way that Maggie and her husband would have caught John's cancer in time without the routine well-child check-up her son was able to receive.
 Twelve years later, John is healthy and in remission. 
 But every year, Maggie and John return to the children's hospital for his checkups -- and Maggie says it is heartbreaking to see the children there who were not as lucky as John to have their cancer caught in time.
 <Node id="2571" />Under the Affordable Care Act, more Americans will have the same fighting chance to beat cancer or avoid the onset of chronic diseases -- improving their quality of life and reducing health care costs.
<Node id="2773" />
 The <Node id="2779" />preventive services that must be covered by new health policies beginning on or after Sept. 23 include services for Americans at every stage of life, from counseling and screening to ensure healthy pregnancies, to regular well-child visits and immunizations, to blood pressure, diabetes and cholesterol tests, as well as counseling on quitting smoking, losing weight and eating better.
<Node id="3165" />
 Studies show that <Node id="3185" />cost-sharing for preventive services keeps people from using them. 
<Node id="3253" />
 <Node id="3255" />When access to colonoscopies and mammograms cost hundreds of dollars, these important services can become out of reach for many working families or seniors on a limited income. 
<Node id="3433" />
 That is why <Node id="3447" />the Affordable Care Act will also make it easier for seniors on Medicare and Americans enrolled in Medicaid to access critical prevention services.
<Node id="3595" />
 And we're not stopping there. 
 <Node id="3629" />The Affordable Care Act created the Prevention and Public Health Fund which is investing in community-based prevention initiatives and, this year, expanding the number of primary care professionals<Node id="3826" /> because you can't get a cancer screening if you can't find a doctor to administer it. 
 <Node id="3915" />A new Prevention, Health Promotion and Public Health Council, comprised of top officials from across the federal government, is creating a National Prevention and Health Promotion Strategy to help us become a healthier nation.
<Node id="4142" />
 Together, <Node id="4154" />our new investment in prevention is going to yield significant dividends for both the health and pocketbooks of Americans. 
<Node id="4278" />
 <Node id="4280" />Keeping people healthy, and catching diseases early, can help lower health care costs. 
<Node id="4368" />
 <Node id="4370" />This will translate into savings for taxpayers -- and in reduced health insurance premiums over the long run.
<Node id="4480" />
 But most importantly, preventive care can save lives -- like that of Maggie's son John. 
 And those savings are priceless.
Kathleen Sebelius is the U.S. Secretary of Health and Human Services.
<Node id="4675" /></TextWithNodes>
<!-- The default annotation set -->

<AnnotationSet>
<Annotation Id="1" Type="doc" StartNode="0" EndNode="4675">
<Feature>
  <Name className="java.lang.String">id</Name>
  <Value className="java.lang.String">hc046</Value>
</Feature>
<Feature>
  <Name className="java.lang.String">author</Name>
  <Value className="java.lang.String">Kathleen,Sebelius</Value>
</Feature>
<Feature>
  <Name className="java.lang.String">source</Name>
  <Value className="java.lang.String">cleveland.com</Value>
</Feature>
<Feature>
  <Name className="java.lang.String">date</Name>
  <Value className="java.lang.String">20100723</Value>
</Feature>
<Feature>
  <Name className="java.lang.String">side</Name>
  <Value className="java.lang.String">pro</Value>
</Feature>
<Feature>
  <Name className="java.lang.String">url</Name>
  <Value className="java.lang.String">http://www.cleveland.com/opinion/index.ssf/2010/07/making_preventive_care_attaina.html </Value>
</Feature>
</Annotation>
<Annotation Id="2" Type="arg" StartNode="371" EndNode="513">
<Feature>
  <Name className="java.lang.String">type</Name>
  <Value className="java.lang.String">label</Value>
</Feature>
<Feature>
  <Name className="java.lang.String">ss-label</Name>
  <Value className="java.lang.String">preventative_care_underutilized</Value>
</Feature>
<Feature>
  <Name className="java.lang.String">polarity</Name>
  <Value className="java.lang.String">negative</Value>
</Feature>
</Annotation>
<Annotation Id="3" Type="arg" StartNode="526" EndNode="652">
<Feature>
  <Name className="java.lang.String">prospect</Name>
  <Value className="java.lang.String">gain</Value>
</Feature>
<Feature>
  <Name className="java.lang.String">ss-label</Name>
  <Value className="java.lang.String">expands/guarantees_access_to_preventative_care</Value>
</Feature>
<Feature>
  <Name className="java.lang.String">group</Name>
  <Value className="java.lang.String">self-group</Value>
</Feature>
<Feature>
  <Name className="java.lang.String">type</Name>
  <Value className="java.lang.String">label</Value>
</Feature>
<Feature>
  <Name className="java.lang.String">polarity</Name>
  <Value className="java.lang.String">positive</Value>
</Feature>
</Annotation>
<Annotation Id="4" Type="arg" StartNode="813" EndNode="930">
<Feature>
  <Name className="java.lang.String">type</Name>
  <Value className="java.lang.String">label</Value>
</Feature>
<Feature>
  <Name className="java.lang.String">ss-label</Name>
  <Value className="java.lang.String">improves_health_of_nation</Value>
</Feature>
<Feature>
  <Name className="java.lang.String">polarity</Name>
  <Value className="java.lang.String">positive</Value>
</Feature>
</Annotation>
<Annotation Id="5" Type="arg" StartNode="1029" EndNode="1206">
<Feature>
  <Name className="java.lang.String">ss-label</Name>
  <Value className="java.lang.String">expands/guarantees_access_to_preventative_care</Value>
</Feature>
<Feature>
  <Name className="java.lang.String">unclear</Name>
  <Value className="java.lang.String">true</Value>
</Feature>
<Feature>
  <Name className="java.lang.String">type</Name>
  <Value className="java.lang.String">label</Value>
</Feature>
<Feature>
  <Name className="java.lang.String">polarity</Name>
  <Value className="java.lang.String">positive</Value>
</Feature>
</Annotation>
<Annotation Id="6" Type="rel" StartNode="1129" EndNode="1149">
<Feature>
  <Name className="java.lang.String">id</Name>
  <Value className="java.lang.String">r1</Value>
</Feature>
</Annotation>
<Annotation Id="7" Type="arg" StartNode="1208" EndNode="1275">
<Feature>
  <Name className="java.lang.String">type</Name>
  <Value className="java.lang.String">label</Value>
</Feature>
<Feature>
  <Name className="java.lang.String">ss-label</Name>
  <Value className="java.lang.String">expands/guarantees_access_to_preventative_care</Value>
</Feature>
<Feature>
  <Name className="java.lang.String">polarity</Name>
  <Value className="java.lang.String">positive</Value>
</Feature>
</Annotation>
<Annotation Id="8" Type="rel" StartNode="1381" EndNode="1579">
<Feature>
  <Name className="java.lang.String">type</Name>
  <Value className="java.lang.String">label</Value>
</Feature>
<Feature>
  <Name className="java.lang.String">ss-label</Name>
  <Value className="java.lang.String">expands/guarantees_access_to_preventative_care</Value>
</Feature>
</Annotation>
<Annotation Id="9" Type="arg" StartNode="2571" EndNode="2773">
<Feature>
  <Name className="java.lang.String">prospect</Name>
  <Value className="java.lang.String">gain</Value>
</Feature>
<Feature>
  <Name className="java.lang.String">ss-label</Name>
  <Value className="java.lang.String">improves_health_of_nation</Value>
</Feature>
<Feature>
  <Name className="java.lang.String">group</Name>
  <Value className="java.lang.String">self-group</Value>
</Feature>
<Feature>
  <Name className="java.lang.String">type</Name>
  <Value className="java.lang.String">label</Value>
</Feature>
<Feature>
  <Name className="java.lang.String">polarity</Name>
  <Value className="java.lang.String">positive</Value>
</Feature>
</Annotation>
<Annotation Id="10" Type="rel" StartNode="2779" EndNode="3165">
<Feature>
  <Name className="java.lang.String">type</Name>
  <Value className="java.lang.String">label</Value>
</Feature>
<Feature>
  <Name className="java.lang.String">ss-label</Name>
  <Value className="java.lang.String">expands/guarantees_access_to_preventative_care</Value>
</Feature>
</Annotation>
<Annotation Id="11" Type="arg" StartNode="3185" EndNode="3253">
<Feature>
  <Name className="java.lang.String">type</Name>
  <Value className="java.lang.String">label</Value>
</Feature>
<Feature>
  <Name className="java.lang.String">ss-label</Name>
  <Value className="java.lang.String">preventative_care_underutilized</Value>
</Feature>
<Feature>
  <Name className="java.lang.String">polarity</Name>
  <Value className="java.lang.String">negative</Value>
</Feature>
</Annotation>
<Annotation Id="12" Type="rel" StartNode="3255" EndNode="3433">
<Feature>
  <Name className="java.lang.String">type</Name>
  <Value className="java.lang.String">label</Value>
</Feature>
<Feature>
  <Name className="java.lang.String">ss-label</Name>
  <Value className="java.lang.String">preventative_care_underutilized</Value>
</Feature>
</Annotation>
<Annotation Id="13" Type="arg" StartNode="3447" EndNode="3595">
<Feature>
  <Name className="java.lang.String">type</Name>
  <Value className="java.lang.String">label</Value>
</Feature>
<Feature>
  <Name className="java.lang.String">ss-label</Name>
  <Value className="java.lang.String">expands/guarantees_access_to_preventative_care</Value>
</Feature>
<Feature>
  <Name className="java.lang.String">polarity</Name>
  <Value className="java.lang.String">positive</Value>
</Feature>
</Annotation>
<Annotation Id="14" Type="arg" StartNode="3629" EndNode="3826">
<Feature>
  <Name className="java.lang.String">prospect</Name>
  <Value className="java.lang.String">gain</Value>
</Feature>
<Feature>
  <Name className="java.lang.String">ss-label</Name>
  <Value className="java.lang.String">increases_supply_of_healthcare</Value>
</Feature>
<Feature>
  <Name className="java.lang.String">group</Name>
  <Value className="java.lang.String">self-group</Value>
</Feature>
<Feature>
  <Name className="java.lang.String">type</Name>
  <Value className="java.lang.String">label</Value>
</Feature>
<Feature>
  <Name className="java.lang.String">polarity</Name>
  <Value className="java.lang.String">positive</Value>
</Feature>
</Annotation>
<Annotation Id="15" Type="arg" StartNode="3915" EndNode="4142">
<Feature>
  <Name className="java.lang.String">type</Name>
  <Value className="java.lang.String">label</Value>
</Feature>
<Feature>
  <Name className="java.lang.String">ss-label</Name>
  <Value className="java.lang.String">improves_health_of_nation</Value>
</Feature>
<Feature>
  <Name className="java.lang.String">polarity</Name>
  <Value className="java.lang.String">positive</Value>
</Feature>
</Annotation>
<Annotation Id="17" Type="arg" StartNode="4154" EndNode="4278">
<Feature>
  <Name className="java.lang.String">prospect</Name>
  <Value className="java.lang.String">gain</Value>
</Feature>
<Feature>
  <Name className="java.lang.String">ss-label</Name>
  <Value className="java.lang.String">limits_out_of_pocket_expenses</Value>
</Feature>
<Feature>
  <Name className="java.lang.String">group</Name>
  <Value className="java.lang.String">self-group</Value>
</Feature>
<Feature>
  <Name className="java.lang.String">type</Name>
  <Value className="java.lang.String">label</Value>
</Feature>
<Feature>
  <Name className="java.lang.String">polarity</Name>
  <Value className="java.lang.String">positive</Value>
</Feature>
</Annotation>
<Annotation Id="16" Type="arg" StartNode="4280" EndNode="4368">
<Feature>
  <Name className="java.lang.String">type</Name>
  <Value className="java.lang.String">label</Value>
</Feature>
<Feature>
  <Name className="java.lang.String">ss-label</Name>
  <Value className="java.lang.String">controls_healthcare_costs</Value>
</Feature>
<Feature>
  <Name className="java.lang.String">polarity</Name>
  <Value className="java.lang.String">positive</Value>
</Feature>
</Annotation>
<Annotation Id="18" Type="arg" StartNode="4370" EndNode="4480">
<Feature>
  <Name className="java.lang.String">ss-label</Name>
  <Value className="java.lang.String">controls_healthcare_costs</Value>
</Feature>
<Feature>
  <Name className="java.lang.String">type</Name>
  <Value className="java.lang.String">label</Value>
</Feature>
<Feature>
  <Name className="java.lang.String">polarity</Name>
  <Value className="java.lang.String">positive</Value>
</Feature>
<Feature>
  <Name className="java.lang.String">incomplete</Name>
  <Value className="java.lang.String">true</Value>
</Feature>
</Annotation>
</AnnotationSet>

<!-- Named annotation set -->

<AnnotationSet Name="Original markups">
<Annotation Id="0" Type="paragraph" StartNode="0" EndNode="4675">
</Annotation>
</AnnotationSet>

</GateDocument>
