<?xml version='1.0' encoding='windows-1252'?>
<GateDocument>
<!-- The document's features-->

<GateDocumentFeatures>
<Feature>
  <Name className="java.lang.String">MimeType</Name>
  <Value className="java.lang.String">text/plain</Value>
</Feature>
<Feature>
  <Name className="java.lang.String">gate.SourceURL</Name>
  <Value className="java.lang.String">file:/E:/Users/conrada/Documents/My%20Dropbox/healthcare_data/training_2/hc054.txt</Value>
</Feature>
<Feature>
  <Name className="java.lang.String">docNewLineType</Name>
  <Value className="java.lang.String">CRLF</Value>
</Feature>
</GateDocumentFeatures>
<!-- The document content area with serialized nodes -->

<TextWithNodes><Node id="0" />Obamacare: Polls Continue to Sink<Node id="33" />&#xd;
Friday, December 16, 2011, 2:52 PM&#xd;
Wesley J. Smith&#xd;
<Node id="88" />&#xd;
<Node id="90" />Obamacarians told us that the more we learned about the law, the more it went into effect, the more popular it would be.  Wrong.  <Node id="220" />Rasumussen has consistently shown that about 55% of likely voters want it repealed<Node id="302" />.  Now the AP Poll reports that <Node id="334" />the law&#x2019;s popularity is also sinking it its poll of adults<Node id="392" />.  From the story:&#xd;
<Node id="412" />&#xd;
    <Node id="418" />The poll found unpopularity for last year&#x2019;s health care reform bill<Node id="485" />, one of  Obama&#x2019;s major accomplishments. <Node id="526" />About half of the respondents oppose the health  care law and support for it dipped to 29 percent from 36 percent in June<Node id="647" />. <Node id="649" />Just  15 percent said the federal government should have the power to require all  Americans to buy health insurance<Node id="765" />. Even among Democrats,<Node id="788" /> the health care law has tepid support<Node id="826" />. <Node id="828" />Fifty percent of  Democrats supported the health care law, compared with 59 percent of Democrats  last June<Node id="935" />. Only about a quarter of independents back the law.&#xd;
<Node id="989" />&#xd;
<Node id="991" />That&#x2019;s a remarkable political failure<Node id="1028" />, even as the law continues to be implimented.&#xd;
<Node id="1076" />&#xd;
<Node id="1078" />Obamacare should be one of the biggest issues in next year&#x2019;s election.  <Node id="1150" />It was stuffed down the unwilling collective throat of the American people<Node id="1224" /> <Node id="1225" />through a cynical and profoundly dishonest political process<Node id="1285" />. The Supremes will tell us either in June, or perhaps October, whether the individual mandate is constitutional.  <Node id="1400" />At some point, the politicians will have to listen to the will of the American people.<Node id="1486" /> &#xd;
<Node id="1489" /></TextWithNodes>
<!-- The default annotation set -->

<AnnotationSet>
<Annotation Id="5" Type="doc" StartNode="0" EndNode="1489">
<Feature>
  <Name className="java.lang.String">id</Name>
  <Value className="java.lang.String">hc054</Value>
</Feature>
<Feature>
  <Name className="java.lang.String">author</Name>
  <Value className="java.lang.String">wesley,smith</Value>
</Feature>
<Feature>
  <Name className="java.lang.String">source</Name>
  <Value className="java.lang.String">first,things</Value>
</Feature>
<Feature>
  <Name className="java.lang.String">date</Name>
  <Value className="java.lang.String">20111216</Value>
</Feature>
<Feature>
  <Name className="java.lang.String">side</Name>
  <Value className="java.lang.String">anti</Value>
</Feature>
<Feature>
  <Name className="java.lang.String">url</Name>
  <Value className="java.lang.String">http://www.firstthings.com/blogs/secondhandsmoke/2011/12/16/obamacare-polls-continue-to-sink/</Value>
</Feature>
</Annotation>
<Annotation Id="6" Type="arg" StartNode="0" EndNode="33">
<Feature>
  <Name className="java.lang.String">type</Name>
  <Value className="java.lang.String">label</Value>
</Feature>
<Feature>
  <Name className="java.lang.String">ss-label</Name>
  <Value className="java.lang.String">unpopular</Value>
</Feature>
<Feature>
  <Name className="java.lang.String">polarity</Name>
  <Value className="java.lang.String">negative</Value>
</Feature>
</Annotation>
<Annotation Id="7" Type="arg" StartNode="220" EndNode="302">
<Feature>
  <Name className="java.lang.String">type</Name>
  <Value className="java.lang.String">label</Value>
</Feature>
<Feature>
  <Name className="java.lang.String">ss-label</Name>
  <Value className="java.lang.String">unpopular_among_public</Value>
</Feature>
<Feature>
  <Name className="java.lang.String">polarity</Name>
  <Value className="java.lang.String">negative</Value>
</Feature>
</Annotation>
<Annotation Id="8" Type="arg" StartNode="418" EndNode="485">
<Feature>
  <Name className="java.lang.String">type</Name>
  <Value className="java.lang.String">label</Value>
</Feature>
<Feature>
  <Name className="java.lang.String">ss-label</Name>
  <Value className="java.lang.String">unpopular_among_public</Value>
</Feature>
<Feature>
  <Name className="java.lang.String">polarity</Name>
  <Value className="java.lang.String">negative</Value>
</Feature>
</Annotation>
<Annotation Id="9" Type="arg" StartNode="1400" EndNode="1486">
<Feature>
  <Name className="java.lang.String">type</Name>
  <Value className="java.lang.String">label</Value>
</Feature>
<Feature>
  <Name className="java.lang.String">ss-label</Name>
  <Value className="java.lang.String">unpopular_among_public</Value>
</Feature>
<Feature>
  <Name className="java.lang.String">polarity</Name>
  <Value className="java.lang.String">positive</Value>
</Feature>
</Annotation>
<Annotation Id="10" Type="arg" StartNode="1150" EndNode="1224">
<Feature>
  <Name className="java.lang.String">type</Name>
  <Value className="java.lang.String">label</Value>
</Feature>
<Feature>
  <Name className="java.lang.String">ss-label</Name>
  <Value className="java.lang.String">unpopular_among_public</Value>
</Feature>
<Feature>
  <Name className="java.lang.String">polarity</Name>
  <Value className="java.lang.String">negative</Value>
</Feature>
</Annotation>
<Annotation Id="11" Type="arg" StartNode="1225" EndNode="1285">
<Feature>
  <Name className="java.lang.String">ss-label</Name>
  <Value className="java.lang.String">not_ethically_negotiated</Value>
</Feature>
<Feature>
  <Name className="java.lang.String">type</Name>
  <Value className="java.lang.String">label</Value>
</Feature>
<Feature>
  <Name className="java.lang.String">polarity</Name>
  <Value className="java.lang.String">negative</Value>
</Feature>
<Feature>
  <Name className="java.lang.String">incomplete</Name>
  <Value className="java.lang.String">true</Value>
</Feature>
</Annotation>
<Annotation Id="12" Type="arg" StartNode="788" EndNode="826">
<Feature>
  <Name className="java.lang.String">type</Name>
  <Value className="java.lang.String">label</Value>
</Feature>
<Feature>
  <Name className="java.lang.String">ss-label</Name>
  <Value className="java.lang.String">unpopular</Value>
</Feature>
<Feature>
  <Name className="java.lang.String">polarity</Name>
  <Value className="java.lang.String">negative</Value>
</Feature>
</Annotation>
<Annotation Id="13" Type="arg" StartNode="334" EndNode="392">
<Feature>
  <Name className="java.lang.String">type</Name>
  <Value className="java.lang.String">label</Value>
</Feature>
<Feature>
  <Name className="java.lang.String">ss-label</Name>
  <Value className="java.lang.String">unpopular_among_public</Value>
</Feature>
<Feature>
  <Name className="java.lang.String">polarity</Name>
  <Value className="java.lang.String">negative</Value>
</Feature>
</Annotation>
<Annotation Id="19" Type="arg" StartNode="526" EndNode="647">
<Feature>
  <Name className="java.lang.String">ss-label</Name>
  <Value className="java.lang.String">unpopular_among_public</Value>
</Feature>
<Feature>
  <Name className="java.lang.String">type</Name>
  <Value className="java.lang.String">label</Value>
</Feature>
<Feature>
  <Name className="java.lang.String">polarity</Name>
  <Value className="java.lang.String">negative</Value>
</Feature>
<Feature>
  <Name className="java.lang.String">incomplete</Name>
  <Value className="java.lang.String"></Value>
</Feature>
</Annotation>
<Annotation Id="21" Type="rel" StartNode="828" EndNode="935">
<Feature>
  <Name className="java.lang.String">type</Name>
  <Value className="java.lang.String">label</Value>
</Feature>
<Feature>
  <Name className="java.lang.String">ss-label</Name>
  <Value className="java.lang.String">unpopular</Value>
</Feature>
</Annotation>
<Annotation Id="20" Type="arg" StartNode="649" EndNode="765">
<Feature>
  <Name className="java.lang.String">type</Name>
  <Value className="java.lang.String">label</Value>
</Feature>
<Feature>
  <Name className="java.lang.String">ss-label</Name>
  <Value className="java.lang.String">mandate_unpopular</Value>
</Feature>
<Feature>
  <Name className="java.lang.String">polarity</Name>
  <Value className="java.lang.String">negative</Value>
</Feature>
</Annotation>
<Annotation Id="22" Type="arg" StartNode="991" EndNode="1028">
<Feature>
  <Name className="java.lang.String">ss-label</Name>
  <Value className="java.lang.String">unpopular</Value>
</Feature>
<Feature>
  <Name className="java.lang.String">type</Name>
  <Value className="java.lang.String">label</Value>
</Feature>
<Feature>
  <Name className="java.lang.String">polarity</Name>
  <Value className="java.lang.String">negative</Value>
</Feature>
<Feature>
  <Name className="java.lang.String">incomplete</Name>
  <Value className="java.lang.String">true</Value>
</Feature>
</Annotation>
</AnnotationSet>

<!-- Named annotation set -->

<AnnotationSet Name="Original markups">
<Annotation Id="0" Type="paragraph" StartNode="0" EndNode="88">
</Annotation>
<Annotation Id="1" Type="paragraph" StartNode="90" EndNode="412">
</Annotation>
<Annotation Id="2" Type="paragraph" StartNode="418" EndNode="989">
</Annotation>
<Annotation Id="3" Type="paragraph" StartNode="991" EndNode="1076">
</Annotation>
<Annotation Id="4" Type="paragraph" StartNode="1078" EndNode="1489">
</Annotation>
</AnnotationSet>

</GateDocument>
