<?xml version='1.0' encoding='windows-1252'?>
<GateDocument>
<!-- The document's features-->

<GateDocumentFeatures>
<Feature>
  <Name className="java.lang.String">gate.SourceURL</Name>
  <Value className="java.lang.String">file:/E:/Users/conrada/Documents/My%20Dropbox/healthcare_data/training_2/hc051.txt</Value>
</Feature>
<Feature>
  <Name className="java.lang.String">MimeType</Name>
  <Value className="java.lang.String">text/plain</Value>
</Feature>
<Feature>
  <Name className="java.lang.String">docNewLineType</Name>
  <Value className="java.lang.String">CRLF</Value>
</Feature>
</GateDocumentFeatures>
<!-- The document content area with serialized nodes -->

<TextWithNodes><Node id="0" />December 16, 2011&#xd;
defining ideas&#xd;
<Node id="35" />Obamacare&#x2019;s Other Unconstitutional Provision&#xd;<Node id="80" />
by Clint Bolick (Research Fellow)&#xd;
<Node id="116" />An agency uncontrollable by Congress, unreviewable by the courts, and virtually unrepealable.&#xd;<Node id="210" />
<Node id="211" />&#xd;
<Node id="213" />Following the passage of the massive federal health-care bill, inquiring minds wanted to know the dimensions of the new bureaucracy it had created.<Node id="360" /> So the question was put to the Congressional Research Service (CRS): How many new agencies, boards, and commissions were created by the law? Estimates ranged from fifty to the low hundreds. The CRS, with perhaps more research resources available to it than any other entity on earth, scoured the bill and its surrounding context, and finally came up with an answer: <Node id="727" />The number of new agencies created by Obamacare is &#x201c;unknowable.&#x201d;&#xd;<Node id="792" />
<Node id="793" />&#xd;
<Node id="795" />That is a scary pronouncement. <Node id="826" />Not only don&#x2019;t we know the number of new agencies, but we don&#x2019;t know which ones are the same or separate entities, what the contours of their jurisdictions are, or the extent to which they will intrude upon some of the most important and intimate decisions we make as individuals.&#xd;<Node id="1107" />
 Obamacare's other unconstitutional provision  &#xd;
 Illustration by Barbara Kelley&#xd;
<Node id="1190" />&#xd;
<Node id="1192" />But even scarier is what we do know: that <Node id="1234" />one of the agencies created by Obamacare has the most sweeping, unchecked powers of any regulatory entity ever created by the U.S. government.<Node id="1376" /> Its name&#x2014;the Independent Payment Advisory Board (IPAB)&#x2014;sounds benign, but it is anything but.&#xd;
<Node id="1472" />&#xd;
<Node id="1474" />Central to the passage of the federal health-care law was the Obama administration&#x2019;s assertion&#x2014;ludicrous on its face yet convincing to enough members of Congress to provide the bill&#x2019;s razor-thin margin of victory&#x2014;that the law would contain health-care costs.<Node id="1732" /> Central to that assertion, in turn, is IPAB.&#xd;
<Node id="1779" />&#xd;
<Node id="1781" />Congress invested IPAB with broad powers to control Medicare costs&#x2014;powers with virtually no limits. <Node id="1881" />Three features combine to make IPAB&#x2019;s regulatory power unprecedented: its decisions are largely uncontrollable by Congress, its actions are unreviewable by the courts, and&#x2014;amazingly&#x2014;the agency&#x2019;s existence is virtually unrepealable.<Node id="2112" />&#xd;
<Node id="2114" />&#xd;
<Node id="2116" />Ordinarily, the delegation of legislative power to regulatory agencies is accompanied by numerous safeguards. First, as a matter of separation of powers, courts require that the delegation of regulatory powers be guided and restricted by &#x201c;intelligible standards.&#x201d; Second, most regulatory powers are exercised through the administrative rule-making process, which provides for public notice and comment. Third, both Congress and the courts can review the rules. Finally, of course, Congress can repeal the agency or change the delegation of power.<Node id="2662" /> None of those safeguards are present with IPAB.&#xd;<Node id="2711" />
<Node id="2712" />&#xd;
<Node id="2714" />The judiciary is forbidden from reviewing the board's actions.&#xd;
<Node id="2778" />&#xd;
<Node id="2780" />The law directs IPAB&#x2014;a 15-member commission appointed by the president with Senate confirmation, and whose composition (unlike most other agencies) need not be bipartisan&#x2014;to make annual &#x201c;legislative proposals&#x201d; starting in 2014 that will result in reducing the per capita rate of growth in Medicare. The law says that certain proposals are off-limits, including any that &#x201c;ration health care, raise revenues or increase Medicare beneficiary cost sharing (including deductibles, coinsurance, and copayments), or otherwise restrict benefits or modify eligibility requirements.&#x201d;&#xd;
<Node id="3355" />&#xd;
<Node id="3357" />There are three whopping problems with this directive. First, <Node id="3419" />if Medicare beneficiaries cannot be required to pay more and their benefits cannot be reduced, there is only one way to achieve cost-containment: to reduce payments to physicians and hospitals.<Node id="3612" /> <Node id="3613" />Those reductions will further diminish the number of Medicare providers and/or reduce the quality of care&#x2014;in essence, creating precisely the de facto rationing of health-care services the bill supposedly prohibits.<Node id="3827" />&#xd;
<Node id="3829" />&#xd;
<Node id="3831" />Second, crucial terms such as &#x201c;rationing&#x201d; are undefined, and the requirements are confusing and contradictory.<Node id="3941" /> Elsewhere, the law directs IPAB to &#x201c;protect and improve Medicare beneficiaries&#x2019; access to necessary and evidence-based items and services.&#x201d; <Node id="4082" />So IPAB is not allowed to ration health care, but it must decide which services are &#x201c;necessary and evidence-based&#x201d;&#x2014;which, of course, is rationing.&#xd;<Node id="4229" />
<Node id="4230" />&#xd;
<Node id="4232" />Finally, even if the vague statutory constraints on IPAB have any meaning, there is no entity, not the Congress nor the courts, that can effectively police them. IPAB is exempt from normal administrative procedures or safeguards. Congress has an abbreviated period during which to review IPAB proposals; it can only change them in limited ways; and it must do so by a three-fifths majority. If Congress fails to overcome those obstacles, IPAB&#x2019;s proposals automatically become law. And the judiciary is forbidden from reviewing IPAB&#x2019;s actions.&#xd;
<Node id="4776" />&#xd;
<Node id="4778" />Theoretically, Congress can repeal IPAB&#x2014;but the law appears to limit its ability to do so in bizarre and severe ways. Under the statute, any bill to repeal IPAB must be introduced within the one-month period between January 1 and February 1, 2017. If introduced, it must be enacted by a three-fifths super-majority no later than August 15, 2017. If passed, the IPAB repeal will not become effective until 2020&#x2014;leaving an out-of-control agency in operation for three years after Congress votes to abolish it.&#xd;
<Node id="5287" />&#xd;
<Node id="5289" />IPAB&#x2019;s defenders point to other agencies, such as the Base Closure and Realignment Commission, which were exempt from ordinary administrative processes and had abbreviated congressional reviews of their proposals. But <Node id="5507" />no agency in our nation&#x2019;s history has been given the power to make binding law in a manner so unaccountable, uncontrollable, or unreviewable as IPAB&#x2014;and none has been essentially immunized against its own demise<Node id="5718" />.&#xd;
<Node id="5721" />&#xd;
<Node id="5723" />Unlike most other agencies, IPAB's membership does not need to be bipartisan.&#xd;
<Node id="5802" />&#xd;
<Node id="5804" />Even advocacy groups that otherwise supported Obamacare raised concerns about IPAB. After all, if the agency rations health care or further reduces the number of physicians and hospitals that accept Medicare, it will adversely affect many people who need health care. <Node id="6072" />The American Medical Association (AMA), which supported the bill, warned that IPAB is &#x201c;an independent body comprised of un-elected officials, with broad discretionary authority to make radical changes in the structure of the Medicare program.&#x201d;<Node id="6315" />  The AMA was joined in its opposition by 74 groups representing millions of Medicare beneficiaries and service providers, along with over 100 members of Congress from both parties who expressed their concerns about the erosion of congressional authority over Medicare in a letter to then-House Speaker Nancy Pelosi. Retiring Rep. Barney Frank (D-MA) recently signed on to a Republican-sponsored bill to repeal IPAB. &#xd;
<Node id="6734" />&#xd;
<Node id="6736" />Then why doesn&#x2019;t Congress simply repeal IPAB? After all, one Congress cannot bind a subsequent Congress, right? While that is&#x2014;or should be&#x2014;true, the problem is that efforts to repeal IPAB outside of the narrow parameters provided by the health-care law can be ruled out of order by congressional parliamentarians. The same is true of congressional efforts to control IPAB&#x2019;s actions.&#xd;
<Node id="7120" />&#xd;
<Node id="7122" />Because of those limits, the Goldwater Institute filed a lawsuit in federal district court in Phoenix to challenge IPAB. <Node id="7243" />By limiting its repeal, Congress unconstitutionally &#x201c;entrenched&#x201d; IPAB, preventing members of Congress from effectively representing their constituents<Node id="7393" />. As Thomas Jefferson explained, were a legislature to &#x201c;pass any act, and declare it shall be irrevocable by subsequent assemblies, the declaration is merely void, and the act repealable, as other acts are.&#x201d; The Supreme Court affirmed Jefferson&#x2019;s admonition in an 1879 case, proclaiming, &#x201c;It is vital to the public welfare that each [legislature] should be able at all times to do whatever the varying circumstances and present exigencies touching the subject involved may require. A different result would be fraught with evil.&#x201d;&#xd;
<Node id="7924" />&#xd;
<Node id="7926" />The Goldwater Institute&#x2019;s lawsuit challenges IPAB&#x2019;s very existence as an unlawful delegation of congressional power<Node id="8041" />. Although most of the legal challenges to Obamacare have focused on the individual mandate to purchase government-prescribed health insurance, IPAB is no less central to the overall regulatory scheme. Many members of Congress voted for Obamacare only when convinced of the dubious premise that the law would constrain health-care costs. <Node id="8379" />If IPAB is removed, the flimsy cost-containment rationale will disappear as well<Node id="8459" />.&#xd;
<Node id="8462" />&#xd;
<Node id="8464" />The district court will hear arguments over the constitutionality of IPAB in the coming months. Central to those arguments is Justice Antonin Scalia&#x2019;s clairvoyant warning 22 years ago that <Node id="8653" />unless the constitutional prohibition against the delegation of legislative power was enforced, Congress could create &#x201c;&#x2018;expert&#x2019; bodies, insulated from the political process, to which Congress [could] delegate various portions of its lawmaking responsibility.&#x201d;<Node id="8912" />&#xd;
<Node id="8914" />&#xd;
<Node id="8916" />&#x201c;How tempting,&#x201d; Scalia wrote, &#x201c;to create an expert Medical Commission . . . to dispose of such thorny, &#x2018;no-win&#x2019; political issues as the withholding of life-support systems in federally funded hospitals.&#x201d;<Node id="9119" />&#xd;
<Node id="9121" />&#xd;
<Node id="9123" />Scalia&#x2019;s not-so-hypothetical musing is today&#x2019;s reality. As my colleague Diane Cohen, the lead lawyer in the Goldwater Institute&#x2019;s lawsuit, has testified before Congress, IPAB is &#x201c;&#x2018;independent&#x2019; in the worst sense of the word: it is independent of Congress, the President, the judiciary and the American people.&#x201d; <Node id="9434" />IPAB is a death panel not only by virtue of its awesome powers to control health-care decisions for millions of Americans<Node id="9555" />, but because <Node id="9569" />its creation and existence are antithetical to our republican form of government and the freedoms it was designed to protect.<Node id="9694" /> &#xd;
<Node id="9697" />&#xd;
<Node id="9699" />Clint Bolick is a research fellow at the Hoover Institution and also serves as the director of the Goldwater Institute Center for Constitutional Litigation in Phoenix. Before joining the Goldwater Institute in 2007, Bolick was litigation director of the Institute for Justice, a libertarian public interest firm that he cofounded in 1991, and president of the Alliance for School Choice, a national nonprofit educational policy group advocating school choice programs across the country.&#xd;
Letters to the editor may be sent to definingideas@stanford.edu. Editors reserve the right to reject or publish (and edit) letters.&#xd;
<Node id="10321" /></TextWithNodes>
<!-- The default annotation set -->

<AnnotationSet>
<Annotation Id="34" Type="arg" StartNode="3419" EndNode="3612">
<Feature>
  <Name className="java.lang.String">ss-label</Name>
  <Value className="java.lang.String">medicare_will_stop_being_accepted</Value>
</Feature>
<Feature>
  <Name className="java.lang.String">unclear</Name>
  <Value className="java.lang.String">true</Value>
</Feature>
<Feature>
  <Name className="java.lang.String">type</Name>
  <Value className="java.lang.String">label</Value>
</Feature>
<Feature>
  <Name className="java.lang.String">polarity</Name>
  <Value className="java.lang.String">negative</Value>
</Feature>
</Annotation>
<Annotation Id="35" Type="arg" StartNode="4082" EndNode="4229">
<Feature>
  <Name className="java.lang.String">type</Name>
  <Value className="java.lang.String">label</Value>
</Feature>
<Feature>
  <Name className="java.lang.String">ss-label</Name>
  <Value className="java.lang.String">healthcare_rationing</Value>
</Feature>
<Feature>
  <Name className="java.lang.String">polarity</Name>
  <Value className="java.lang.String">negative</Value>
</Feature>
</Annotation>
<Annotation Id="32" Type="arg" StartNode="2662" EndNode="2711">
<Feature>
  <Name className="java.lang.String">type</Name>
  <Value className="java.lang.String">label</Value>
</Feature>
<Feature>
  <Name className="java.lang.String">ss-label</Name>
  <Value className="java.lang.String">govt_reaching_beyond_authority</Value>
</Feature>
<Feature>
  <Name className="java.lang.String">polarity</Name>
  <Value className="java.lang.String">negative</Value>
</Feature>
</Annotation>
<Annotation Id="33" Type="arg" StartNode="3613" EndNode="3827">
<Feature>
  <Name className="java.lang.String">type</Name>
  <Value className="java.lang.String">label</Value>
</Feature>
<Feature>
  <Name className="java.lang.String">ss-label</Name>
  <Value className="java.lang.String">healthcare_rationing</Value>
</Feature>
<Feature>
  <Name className="java.lang.String">polarity</Name>
  <Value className="java.lang.String">negative</Value>
</Feature>
</Annotation>
<Annotation Id="38" Type="rel" StartNode="6072" EndNode="6315">
<Feature>
  <Name className="java.lang.String">type</Name>
  <Value className="java.lang.String">label</Value>
</Feature>
<Feature>
  <Name className="java.lang.String">ss-label</Name>
  <Value className="java.lang.String">govt_reaching_beyond_authority</Value>
</Feature>
<Feature>
  <Name className="java.lang.String">polarity</Name>
  <Value className="java.lang.String">negative</Value>
</Feature>
</Annotation>
<Annotation Id="39" Type="arg" StartNode="7243" EndNode="7393">
<Feature>
  <Name className="java.lang.String">type</Name>
  <Value className="java.lang.String">label</Value>
</Feature>
<Feature>
  <Name className="java.lang.String">ss-label</Name>
  <Value className="java.lang.String">unconstitutional</Value>
</Feature>
<Feature>
  <Name className="java.lang.String">polarity</Name>
  <Value className="java.lang.String">negative</Value>
</Feature>
</Annotation>
<Annotation Id="36" Type="arg" StartNode="3831" EndNode="3941">
<Feature>
  <Name className="java.lang.String">unclear</Name>
  <Value className="java.lang.String">true</Value>
</Feature>
<Feature>
  <Name className="java.lang.String">ss-label</Name>
  <Value className="java.lang.String">healthcare_rationing</Value>
</Feature>
<Feature>
  <Name className="java.lang.String">type</Name>
  <Value className="java.lang.String">label</Value>
</Feature>
<Feature>
  <Name className="java.lang.String">polarity</Name>
  <Value className="java.lang.String">negative</Value>
</Feature>
</Annotation>
<Annotation Id="37" Type="arg" StartNode="5507" EndNode="5718">
<Feature>
  <Name className="java.lang.String">type</Name>
  <Value className="java.lang.String">label</Value>
</Feature>
<Feature>
  <Name className="java.lang.String">ss-label</Name>
  <Value className="java.lang.String">expands_govt</Value>
</Feature>
<Feature>
  <Name className="java.lang.String">polarity</Name>
  <Value className="java.lang.String">negative</Value>
</Feature>
</Annotation>
<Annotation Id="42" Type="rel" StartNode="7926" EndNode="8041">
<Feature>
  <Name className="java.lang.String">type</Name>
  <Value className="java.lang.String">label</Value>
</Feature>
<Feature>
  <Name className="java.lang.String">ss-label</Name>
  <Value className="java.lang.String">unconstitutional</Value>
</Feature>
<Feature>
  <Name className="java.lang.String">polarity</Name>
  <Value className="java.lang.String">negative</Value>
</Feature>
</Annotation>
<Annotation Id="43" Type="arg" StartNode="8379" EndNode="8459">
<Feature>
  <Name className="java.lang.String">ss-label</Name>
  <Value className="java.lang.String">does_not_control_healthcare_costs</Value>
</Feature>
<Feature>
  <Name className="java.lang.String">unclear</Name>
  <Value className="java.lang.String">true</Value>
</Feature>
<Feature>
  <Name className="java.lang.String">type</Name>
  <Value className="java.lang.String">label</Value>
</Feature>
<Feature>
  <Name className="java.lang.String">polarity</Name>
  <Value className="java.lang.String">negative</Value>
</Feature>
</Annotation>
<Annotation Id="46" Type="arg" StartNode="9434" EndNode="9555">
<Feature>
  <Name className="java.lang.String">type</Name>
  <Value className="java.lang.String">label</Value>
</Feature>
<Feature>
  <Name className="java.lang.String">ss-label</Name>
  <Value className="java.lang.String">healthcare_rationing</Value>
</Feature>
<Feature>
  <Name className="java.lang.String">polarity</Name>
  <Value className="java.lang.String">negative</Value>
</Feature>
</Annotation>
<Annotation Id="47" Type="arg" StartNode="9569" EndNode="9694">
<Feature>
  <Name className="java.lang.String">type</Name>
  <Value className="java.lang.String">label</Value>
</Feature>
<Feature>
  <Name className="java.lang.String">ss-label</Name>
  <Value className="java.lang.String">govt_reaching_beyond_authority</Value>
</Feature>
<Feature>
  <Name className="java.lang.String">polarity</Name>
  <Value className="java.lang.String">negative</Value>
</Feature>
</Annotation>
<Annotation Id="44" Type="arg" StartNode="8653" EndNode="8912">
<Feature>
  <Name className="java.lang.String">ss-label</Name>
  <Value className="java.lang.String">govt_reaching_beyond_authority</Value>
</Feature>
<Feature>
  <Name className="java.lang.String">unclear</Name>
  <Value className="java.lang.String">true</Value>
</Feature>
<Feature>
  <Name className="java.lang.String">type</Name>
  <Value className="java.lang.String">label</Value>
</Feature>
<Feature>
  <Name className="java.lang.String">polarity</Name>
  <Value className="java.lang.String">negative</Value>
</Feature>
</Annotation>
<Annotation Id="45" Type="rel" StartNode="8916" EndNode="9119">
<Feature>
  <Name className="java.lang.String">type</Name>
  <Value className="java.lang.String">label</Value>
</Feature>
<Feature>
  <Name className="java.lang.String">ss-label</Name>
  <Value className="java.lang.String">healthcare_rationing</Value>
</Feature>
<Feature>
  <Name className="java.lang.String">polarity</Name>
  <Value className="java.lang.String">negative</Value>
</Feature>
</Annotation>
<Annotation Id="23" Type="doc" StartNode="0" EndNode="10321">
<Feature>
  <Name className="java.lang.String">id</Name>
  <Value className="java.lang.String">hc051</Value>
</Feature>
<Feature>
  <Name className="java.lang.String">author</Name>
  <Value className="java.lang.String">clint,bolick</Value>
</Feature>
<Feature>
  <Name className="java.lang.String">date</Name>
  <Value className="java.lang.String">20111216</Value>
</Feature>
<Feature>
  <Name className="java.lang.String">source</Name>
  <Value className="java.lang.String">defining,ideas</Value>
</Feature>
<Feature>
  <Name className="java.lang.String">side</Name>
  <Value className="java.lang.String">anti</Value>
</Feature>
<Feature>
  <Name className="java.lang.String">url</Name>
  <Value className="java.lang.String">http://www.hoover.org/publications/defining-ideas/article/103021</Value>
</Feature>
</Annotation>
<Annotation Id="25" Type="rel" StartNode="116" EndNode="210">
<Feature>
  <Name className="java.lang.String">type</Name>
  <Value className="java.lang.String">label</Value>
</Feature>
<Feature>
  <Name className="java.lang.String">ss-label</Name>
  <Value className="java.lang.String">unconstitutional</Value>
</Feature>
</Annotation>
<Annotation Id="24" Type="arg" StartNode="35" EndNode="80">
<Feature>
  <Name className="java.lang.String">type</Name>
  <Value className="java.lang.String">label</Value>
</Feature>
<Feature>
  <Name className="java.lang.String">ss-label</Name>
  <Value className="java.lang.String">unconstitutional</Value>
</Feature>
<Feature>
  <Name className="java.lang.String">polarity</Name>
  <Value className="java.lang.String">negative</Value>
</Feature>
</Annotation>
<Annotation Id="27" Type="arg" StartNode="213" EndNode="360">
<Feature>
  <Name className="java.lang.String">type</Name>
  <Value className="java.lang.String">label</Value>
</Feature>
<Feature>
  <Name className="java.lang.String">unclear</Name>
  <Value className="java.lang.String">true</Value>
</Feature>
<Feature>
  <Name className="java.lang.String">ss-label</Name>
  <Value className="java.lang.String">expands_govt</Value>
</Feature>
</Annotation>
<Annotation Id="26" Type="arg" StartNode="727" EndNode="792">
<Feature>
  <Name className="java.lang.String">type</Name>
  <Value className="java.lang.String">label</Value>
</Feature>
<Feature>
  <Name className="java.lang.String">ss-label</Name>
  <Value className="java.lang.String">expands_govt</Value>
</Feature>
<Feature>
  <Name className="java.lang.String">polarity</Name>
  <Value className="java.lang.String">negative</Value>
</Feature>
</Annotation>
<Annotation Id="29" Type="arg" StartNode="1234" EndNode="1376">
<Feature>
  <Name className="java.lang.String">type</Name>
  <Value className="java.lang.String">label</Value>
</Feature>
<Feature>
  <Name className="java.lang.String">ss-label</Name>
  <Value className="java.lang.String">expands_govt</Value>
</Feature>
<Feature>
  <Name className="java.lang.String">polarity</Name>
  <Value className="java.lang.String">negative</Value>
</Feature>
</Annotation>
<Annotation Id="28" Type="arg" StartNode="826" EndNode="1107">
<Feature>
  <Name className="java.lang.String">ss-label</Name>
  <Value className="java.lang.String">expands_govt</Value>
</Feature>
<Feature>
  <Name className="java.lang.String">unclear</Name>
  <Value className="java.lang.String"></Value>
</Feature>
<Feature>
  <Name className="java.lang.String">type</Name>
  <Value className="java.lang.String">label</Value>
</Feature>
<Feature>
  <Name className="java.lang.String">polarity</Name>
  <Value className="java.lang.String">negative</Value>
</Feature>
</Annotation>
<Annotation Id="31" Type="rel" StartNode="1881" EndNode="2112">
<Feature>
  <Name className="java.lang.String">type</Name>
  <Value className="java.lang.String">label</Value>
</Feature>
<Feature>
  <Name className="java.lang.String">ss-label</Name>
  <Value className="java.lang.String">centralizes_healthcare_control</Value>
</Feature>
</Annotation>
<Annotation Id="30" Type="arg" StartNode="1474" EndNode="1732">
<Feature>
  <Name className="java.lang.String">ss-label</Name>
  <Value className="java.lang.String">increases_govt_spending</Value>
</Feature>
<Feature>
  <Name className="java.lang.String">unclear</Name>
  <Value className="java.lang.String"></Value>
</Feature>
<Feature>
  <Name className="java.lang.String">type</Name>
  <Value className="java.lang.String">label</Value>
</Feature>
<Feature>
  <Name className="java.lang.String">polarity</Name>
  <Value className="java.lang.String">negative</Value>
</Feature>
</Annotation>
</AnnotationSet>

<!-- Named annotation set -->

<AnnotationSet Name="Original markups">
<Annotation Id="0" Type="paragraph" StartNode="0" EndNode="211">
</Annotation>
<Annotation Id="1" Type="paragraph" StartNode="213" EndNode="793">
</Annotation>
<Annotation Id="2" Type="paragraph" StartNode="795" EndNode="1190">
</Annotation>
<Annotation Id="3" Type="paragraph" StartNode="1192" EndNode="1472">
</Annotation>
<Annotation Id="4" Type="paragraph" StartNode="1474" EndNode="1779">
</Annotation>
<Annotation Id="5" Type="paragraph" StartNode="1781" EndNode="2114">
</Annotation>
<Annotation Id="6" Type="paragraph" StartNode="2116" EndNode="2712">
</Annotation>
<Annotation Id="7" Type="paragraph" StartNode="2714" EndNode="2778">
</Annotation>
<Annotation Id="8" Type="paragraph" StartNode="2780" EndNode="3355">
</Annotation>
<Annotation Id="9" Type="paragraph" StartNode="3357" EndNode="3829">
</Annotation>
<Annotation Id="10" Type="paragraph" StartNode="3831" EndNode="4230">
</Annotation>
<Annotation Id="11" Type="paragraph" StartNode="4232" EndNode="4776">
</Annotation>
<Annotation Id="12" Type="paragraph" StartNode="4778" EndNode="5287">
</Annotation>
<Annotation Id="13" Type="paragraph" StartNode="5289" EndNode="5721">
</Annotation>
<Annotation Id="14" Type="paragraph" StartNode="5723" EndNode="5802">
</Annotation>
<Annotation Id="15" Type="paragraph" StartNode="5804" EndNode="6734">
</Annotation>
<Annotation Id="17" Type="paragraph" StartNode="7122" EndNode="7924">
</Annotation>
<Annotation Id="16" Type="paragraph" StartNode="6736" EndNode="7120">
</Annotation>
<Annotation Id="19" Type="paragraph" StartNode="8464" EndNode="8914">
</Annotation>
<Annotation Id="18" Type="paragraph" StartNode="7926" EndNode="8462">
</Annotation>
<Annotation Id="21" Type="paragraph" StartNode="9123" EndNode="9697">
</Annotation>
<Annotation Id="20" Type="paragraph" StartNode="8916" EndNode="9121">
</Annotation>
<Annotation Id="22" Type="paragraph" StartNode="9699" EndNode="10321">
</Annotation>
</AnnotationSet>

</GateDocument>
