<?xml version='1.0' encoding='windows-1252'?>
<GateDocument>
<!-- The document's features-->

<GateDocumentFeatures>
<Feature>
  <Name className="java.lang.String">MimeType</Name>
  <Value className="java.lang.String">text/plain</Value>
</Feature>
<Feature>
  <Name className="java.lang.String">gate.SourceURL</Name>
  <Value className="java.lang.String">file:/E:/Users/conrada/Documents/My%20Dropbox/healthcare_data/training_2/hc050.txt</Value>
</Feature>
<Feature>
  <Name className="java.lang.String">docNewLineType</Name>
  <Value className="java.lang.String">CRLF</Value>
</Feature>
</GateDocumentFeatures>
<!-- The document content area with serialized nodes -->

<TextWithNodes><Node id="0" />Obamacare Abominations<Node id="22" />&#xd;
<Node id="24" />&#xd;
    <Node id="30" />John Stossel&#xd;
    John Stossel&#xd;
     &#xd;
<Node id="69" />&#xd;
<Node id="71" />Dec 21, 2011&#xd;
<Node id="85" />&#xd;
<Node id="87" />President Obama says his health care "reform" will be good for business.&#xd;
<Node id="161" />&#xd;
<Node id="163" />Business has learned the truth.&#xd;
<Node id="196" />&#xd;
<Node id="198" />Three successful businessmen explained to me how <Node id="247" />Obamacare is a reason that unemployment stays high<Node id="297" />. <Node id="299" />Its length and complexity make businessmen wary of expanding<Node id="359" />.&#xd;
<Node id="362" />&#xd;
<Node id="364" />Mike Whalen, CEO of Heart of America Group, which runs hotels and restaurants, said that when he asked his company's health insurance experts to summarize the impact of Obamacare, "the three of them kind of looked at each other and said, 'We've gone to seminar after seminar, and, Mike, we can't tell you.' <Node id="671" />I think that just kind of sums up the uncertainty<Node id="720" />."&#xd;
<Node id="724" />&#xd;
<Node id="726" />Brad Anderson, CEO of Best Buy, added that <Node id="769" />Obamacare makes it impossible to achieve even basic certainty about future personnel costs<Node id="859" />:&#xd;
<Node id="862" />&#xd;
<Node id="864" />"If I was trying to get you to fund a new business I had started and you asked me what my payroll was going to be three years from now per employee, if I went to the deepest specialist in the industry, he can't tell me what it's actually going to cost, let alone what I'm going to be responsible for."&#xd;
<Node id="1167" />&#xd;
<Node id="1169" />You would think <Node id="1185" />a piece of legislation more than a thousand pages long<Node id="1239" /> would at least be clear about the specifics. But a lot of those pages say: "The secretary will determine ..." That means <Node id="1361" />the secretary of health and human services will announce the rules sometime in the future<Node id="1450" />. <Node id="1452" />How can a business make plans in such a fog?<Node id="1496" />&#xd;
<Node id="1498" />&#xd;
<Node id="1500" />John Allison, former CEO of BB&amp;T, the 12th biggest bank in America, pointed out how <Node id="1584" />Obamacare encourages employers not to insure their employees<Node id="1644" />. Under the law, an employer would be fined for that. But <Node id="1702" />the penalty at present -- about $2,000 -- is lower than the cost of a policy.<Node id="1779" />&#xd;
<Node id="1781" />&#xd;
<Node id="1783" />"<Node id="1784" />What that means is in theory every company ought to dump their plan on the government plan and pay the penalty<Node id="1894" />," he said. "So you don't really know what the cost is because it's designed to fail."&#xd;
<Node id="1982" />&#xd;
<Node id="1984" />Of course, <Node id="1995" />then every employee would turn to the government-subsidized health insurance<Node id="2071" />. <Node id="2073" />Maybe that was the central planners' intention all along<Node id="2129" />.&#xd;
<Node id="2132" />&#xd;
<Node id="2134" />An owner of 12 IHOPS told me that <Node id="2168" />he can't expand his business because he can't afford the burden of Obamacare<Node id="2244" />. Many of his waitresses work part time or change jobs every few months. He hadn't been insuring them, but Obamacare requires him to. He says <Node id="2386" />he can't make money paying a $2,000 penalty for every waitress, so he's cancelled his plans to expand<Node id="2487" />. It's one more reason why job growth hasn't picked up post-recession.&#xd;
<Node id="2559" />&#xd;
<Node id="2561" />Of course, we were told that government health care would increase hiring. After all, European companies don't have to pay for their employees' health insurance. If every American employer paid the $2,000 penalty and their workers turned to government for insurance, American companies would be better able to compete with European ones. They might save $10,000 per employee.&#xd;
<Node id="2938" />&#xd;
<Node id="2940" />That sounded good, but like so many politicians' promises, <Node id="2999" />it leaves out the hidden costs<Node id="3029" />. <Node id="3031" />When countries move to a government-funded system, taxes rise to crushing levels, as they have in Europe.<Node id="3136" />&#xd;
<Node id="3138" />&#xd;
<Node id="3140" />Whalen sees Obamacare as a crossing of the Rubicon.&#xd;
<Node id="3193" />&#xd;
<Node id="3195" />"We've had an agreement in this country, kind of unwritten, for the last 50 years, that we would spend about 18 to 19 percent of GDP (gross domestic product) on the federal government. This is a tipping point. This takes us to 25 to 30 percent. And <Node id="3444" />that money comes out of the private sector<Node id="3486" />. <Node id="3488" />That means fewer jobs<Node id="3509" />. This is a game-changer."&#xd;
<Node id="3537" />&#xd;
<Node id="3539" />He means it's a game-changer because of the cost. But <Node id="3593" />the law's impenetrable complication does almost as much damage.<Node id="3656" /> Robert Higgs of the Independent Institute is right: <Node id="3709" />If you wonder why businesspeople are not investing and reviving the economy, the answer lies in all the question marks that Obamacare and other new regulations confront them with.<Node id="3888" /> Higgs calls this "regime uncertainty." It's also what prolonged the Great Depression.&#xd;
<Node id="3976" />&#xd;
<Node id="3978" />No one who understands the nature of government as the wielder of force -- as opposed to <Node id="4067" />the peaceful persuasion of the free market<Node id="4109" /> -- is surprised by this.&#xd;
Tags: Health Care , Small Business , Individual Mandate , Obamacare&#xd;
John Stossel&#xd;
John Stossel&#xd;
John Stossel is host of "Stossel" on the Fox Business Network. He's the author of "Give Me a Break" and of "Myth, Lies, and Downright Stupidity." To find out more about John Stossel, visit his site at johnstossel.com.&#xd;
<Node id="4452" />&#xd;
<Node id="4454" />�Creators Syndicate <Node id="4474" /></TextWithNodes>
<!-- The default annotation set -->

<AnnotationSet>
<Annotation Id="34" Type="arg" StartNode="769" EndNode="859">
<Feature>
  <Name className="java.lang.String">type</Name>
  <Value className="java.lang.String">label</Value>
</Feature>
<Feature>
  <Name className="java.lang.String">ss-label</Name>
  <Value className="java.lang.String">leads_to_economic_uncertainty</Value>
</Feature>
<Feature>
  <Name className="java.lang.String">polarity</Name>
  <Value className="java.lang.String">negative</Value>
</Feature>
</Annotation>
<Annotation Id="35" Type="rel" StartNode="1185" EndNode="1239">
<Feature>
  <Name className="java.lang.String">type</Name>
  <Value className="java.lang.String">label</Value>
</Feature>
<Feature>
  <Name className="java.lang.String">ss-label</Name>
  <Value className="java.lang.String">too_long</Value>
</Feature>
</Annotation>
<Annotation Id="32" Type="arg" StartNode="0" EndNode="22">
<Feature>
  <Name className="java.lang.String">ss-label</Name>
  <Value className="java.lang.String">bill_should_be_defunded/not_passed</Value>
</Feature>
<Feature>
  <Name className="java.lang.String">unclear</Name>
  <Value className="java.lang.String">true</Value>
</Feature>
<Feature>
  <Name className="java.lang.String">type</Name>
  <Value className="java.lang.String">label</Value>
</Feature>
<Feature>
  <Name className="java.lang.String">polarity</Name>
  <Value className="java.lang.String">negative</Value>
</Feature>
<Feature>
  <Name className="java.lang.String">incomplete</Name>
  <Value className="java.lang.String">true</Value>
</Feature>
</Annotation>
<Annotation Id="33" Type="arg" StartNode="671" EndNode="720">
<Feature>
  <Name className="java.lang.String">ss-label</Name>
  <Value className="java.lang.String">leads_to_economic_uncertainty</Value>
</Feature>
<Feature>
  <Name className="java.lang.String">unclear</Name>
  <Value className="java.lang.String">true</Value>
</Feature>
<Feature>
  <Name className="java.lang.String">type</Name>
  <Value className="java.lang.String">label</Value>
</Feature>
<Feature>
  <Name className="java.lang.String">polarity</Name>
  <Value className="java.lang.String">negative</Value>
</Feature>
<Feature>
  <Name className="java.lang.String">incomplete</Name>
  <Value className="java.lang.String">true</Value>
</Feature>
</Annotation>
<Annotation Id="38" Type="rel" StartNode="1361" EndNode="1450">
<Feature>
  <Name className="java.lang.String">type</Name>
  <Value className="java.lang.String">label</Value>
</Feature>
<Feature>
  <Name className="java.lang.String">ss-label</Name>
  <Value className="java.lang.String">leads_to_economic_uncertainty</Value>
</Feature>
</Annotation>
<Annotation Id="39" Type="arg" StartNode="1784" EndNode="1894">
<Feature>
  <Name className="java.lang.String">type</Name>
  <Value className="java.lang.String">label</Value>
</Feature>
<Feature>
  <Name className="java.lang.String">ss-label</Name>
  <Value className="java.lang.String">businesses_will_stop_offering_insurance_to_employees</Value>
</Feature>
<Feature>
  <Name className="java.lang.String">polarity</Name>
  <Value className="java.lang.String">negative</Value>
</Feature>
</Annotation>
<Annotation Id="36" Type="arg" StartNode="299" EndNode="359">
<Feature>
  <Name className="java.lang.String">ss-label</Name>
  <Value className="java.lang.String">leads_to_economic_uncertainty</Value>
</Feature>
<Feature>
  <Name className="java.lang.String">type</Name>
  <Value className="java.lang.String">label</Value>
</Feature>
<Feature>
  <Name className="java.lang.String">polarity</Name>
  <Value className="java.lang.String">negative</Value>
</Feature>
<Feature>
  <Name className="java.lang.String">incomplete</Name>
  <Value className="java.lang.String">true</Value>
</Feature>
</Annotation>
<Annotation Id="37" Type="arg" StartNode="1452" EndNode="1496">
<Feature>
  <Name className="java.lang.String">type</Name>
  <Value className="java.lang.String">label</Value>
</Feature>
<Feature>
  <Name className="java.lang.String">ss-label</Name>
  <Value className="java.lang.String">leads_to_economic_uncertainty</Value>
</Feature>
<Feature>
  <Name className="java.lang.String">polarity</Name>
  <Value className="java.lang.String">negative</Value>
</Feature>
</Annotation>
<Annotation Id="42" Type="arg" StartNode="2999" EndNode="3029">
<Feature>
  <Name className="java.lang.String">ss-label</Name>
  <Value className="java.lang.String">will_cost_more_than_anticipated</Value>
</Feature>
<Feature>
  <Name className="java.lang.String">type</Name>
  <Value className="java.lang.String">label</Value>
</Feature>
<Feature>
  <Name className="java.lang.String">polarity</Name>
  <Value className="java.lang.String">negative</Value>
</Feature>
<Feature>
  <Name className="java.lang.String">incomplete</Name>
  <Value className="java.lang.String">true</Value>
</Feature>
</Annotation>
<Annotation Id="43" Type="arg" StartNode="4067" EndNode="4109">
<Feature>
  <Name className="java.lang.String">ss-label</Name>
  <Value className="java.lang.String">market_controls_costs_better_than_govt</Value>
</Feature>
<Feature>
  <Name className="java.lang.String">unclear</Name>
  <Value className="java.lang.String">true</Value>
</Feature>
<Feature>
  <Name className="java.lang.String">type</Name>
  <Value className="java.lang.String">label</Value>
</Feature>
<Feature>
  <Name className="java.lang.String">polarity</Name>
  <Value className="java.lang.String">positive</Value>
</Feature>
<Feature>
  <Name className="java.lang.String">incomplete</Name>
  <Value className="java.lang.String">true</Value>
</Feature>
</Annotation>
<Annotation Id="40" Type="rel" StartNode="2073" EndNode="2129">
<Feature>
  <Name className="java.lang.String">type</Name>
  <Value className="java.lang.String">label</Value>
</Feature>
<Feature>
  <Name className="java.lang.String">ss-label</Name>
  <Value className="java.lang.String">goal_is_to_expand_entitlements</Value>
</Feature>
</Annotation>
<Annotation Id="41" Type="arg" StartNode="2386" EndNode="2487">
<Feature>
  <Name className="java.lang.String">ss-label</Name>
  <Value className="java.lang.String">hurts_businesses</Value>
</Feature>
<Feature>
  <Name className="java.lang.String">unclear</Name>
  <Value className="java.lang.String">true</Value>
</Feature>
<Feature>
  <Name className="java.lang.String">type</Name>
  <Value className="java.lang.String">label</Value>
</Feature>
<Feature>
  <Name className="java.lang.String">polarity</Name>
  <Value className="java.lang.String">negative</Value>
</Feature>
</Annotation>
<Annotation Id="21" Type="doc" StartNode="0" EndNode="4474">
<Feature>
  <Name className="java.lang.String">id</Name>
  <Value className="java.lang.String">hc050</Value>
</Feature>
<Feature>
  <Name className="java.lang.String">author</Name>
  <Value className="java.lang.String">john,stossel</Value>
</Feature>
<Feature>
  <Name className="java.lang.String">source</Name>
  <Value className="java.lang.String">townhall</Value>
</Feature>
<Feature>
  <Name className="java.lang.String">date</Name>
  <Value className="java.lang.String">20111221</Value>
</Feature>
<Feature>
  <Name className="java.lang.String">side</Name>
  <Value className="java.lang.String">anti</Value>
</Feature>
<Feature>
  <Name className="java.lang.String">url</Name>
  <Value className="java.lang.String">http://townhall.com/columnists/johnstossel/2011/12/21/creators_oped/page/full/</Value>
</Feature>
</Annotation>
<Annotation Id="23" Type="arg" StartNode="1584" EndNode="1644">
<Feature>
  <Name className="java.lang.String">type</Name>
  <Value className="java.lang.String">label</Value>
</Feature>
<Feature>
  <Name className="java.lang.String">ss-label</Name>
  <Value className="java.lang.String">businesses_will_stop_offering_insurance_to_employees</Value>
</Feature>
<Feature>
  <Name className="java.lang.String">polarity</Name>
  <Value className="java.lang.String">negative</Value>
</Feature>
</Annotation>
<Annotation Id="22" Type="arg" StartNode="247" EndNode="297">
<Feature>
  <Name className="java.lang.String">type</Name>
  <Value className="java.lang.String">label</Value>
</Feature>
<Feature>
  <Name className="java.lang.String">ss-label</Name>
  <Value className="java.lang.String">causes_unemployment</Value>
</Feature>
<Feature>
  <Name className="java.lang.String">polarity</Name>
  <Value className="java.lang.String">negative</Value>
</Feature>
</Annotation>
<Annotation Id="25" Type="arg" StartNode="1995" EndNode="2071">
<Feature>
  <Name className="java.lang.String">unclear</Name>
  <Value className="java.lang.String">true</Value>
</Feature>
<Feature>
  <Name className="java.lang.String">ss-label</Name>
  <Value className="java.lang.String">goal_is_to_expand_entitlements</Value>
</Feature>
<Feature>
  <Name className="java.lang.String">type</Name>
  <Value className="java.lang.String">label</Value>
</Feature>
<Feature>
  <Name className="java.lang.String">polarity</Name>
  <Value className="java.lang.String">negative</Value>
</Feature>
</Annotation>
<Annotation Id="24" Type="rel" StartNode="1702" EndNode="1779">
<Feature>
  <Name className="java.lang.String">type</Name>
  <Value className="java.lang.String">label</Value>
</Feature>
<Feature>
  <Name className="java.lang.String">unclear</Name>
  <Value className="java.lang.String">true</Value>
</Feature>
<Feature>
  <Name className="java.lang.String">ss-label</Name>
  <Value className="java.lang.String">businesses_will_stop_offering_insurance_to_employees</Value>
</Feature>
</Annotation>
<Annotation Id="27" Type="arg" StartNode="3031" EndNode="3136">
<Feature>
  <Name className="java.lang.String">type</Name>
  <Value className="java.lang.String">label</Value>
</Feature>
<Feature>
  <Name className="java.lang.String">ss-label</Name>
  <Value className="java.lang.String">similar_programs_have_failed_abroad</Value>
</Feature>
<Feature>
  <Name className="java.lang.String">polarity</Name>
  <Value className="java.lang.String">negative</Value>
</Feature>
</Annotation>
<Annotation Id="26" Type="arg" StartNode="2168" EndNode="2244">
<Feature>
  <Name className="java.lang.String">type</Name>
  <Value className="java.lang.String">label</Value>
</Feature>
<Feature>
  <Name className="java.lang.String">ss-label</Name>
  <Value className="java.lang.String">hurts_businesses</Value>
</Feature>
<Feature>
  <Name className="java.lang.String">polarity</Name>
  <Value className="java.lang.String">negative</Value>
</Feature>
</Annotation>
<Annotation Id="29" Type="arg" StartNode="3488" EndNode="3509">
<Feature>
  <Name className="java.lang.String">ss-label</Name>
  <Value className="java.lang.String">hurts_economy</Value>
</Feature>
<Feature>
  <Name className="java.lang.String">type</Name>
  <Value className="java.lang.String">label</Value>
</Feature>
<Feature>
  <Name className="java.lang.String">polarity</Name>
  <Value className="java.lang.String">negative</Value>
</Feature>
<Feature>
  <Name className="java.lang.String">incomplete</Name>
  <Value className="java.lang.String">true</Value>
</Feature>
</Annotation>
<Annotation Id="28" Type="arg" StartNode="3444" EndNode="3486">
<Feature>
  <Name className="java.lang.String">unclear</Name>
  <Value className="java.lang.String"></Value>
</Feature>
<Feature>
  <Name className="java.lang.String">ss-label</Name>
  <Value className="java.lang.String">hurts_economy</Value>
</Feature>
<Feature>
  <Name className="java.lang.String">type</Name>
  <Value className="java.lang.String">label</Value>
</Feature>
<Feature>
  <Name className="java.lang.String">polarity</Name>
  <Value className="java.lang.String">negative</Value>
</Feature>
<Feature>
  <Name className="java.lang.String">incomplete</Name>
  <Value className="java.lang.String">true</Value>
</Feature>
</Annotation>
<Annotation Id="31" Type="arg" StartNode="3709" EndNode="3888">
<Feature>
  <Name className="java.lang.String">type</Name>
  <Value className="java.lang.String">label</Value>
</Feature>
<Feature>
  <Name className="java.lang.String">ss-label</Name>
  <Value className="java.lang.String">hurts_economy</Value>
</Feature>
<Feature>
  <Name className="java.lang.String">polarity</Name>
  <Value className="java.lang.String">negative</Value>
</Feature>
</Annotation>
<Annotation Id="30" Type="arg" StartNode="3593" EndNode="3656">
<Feature>
  <Name className="java.lang.String">type</Name>
  <Value className="java.lang.String">label</Value>
</Feature>
<Feature>
  <Name className="java.lang.String">ss-label</Name>
  <Value className="java.lang.String">too_long</Value>
</Feature>
<Feature>
  <Name className="java.lang.String">polarity</Name>
  <Value className="java.lang.String">negative</Value>
</Feature>
</Annotation>
</AnnotationSet>

<!-- Named annotation set -->

<AnnotationSet Name="Original markups">
<Annotation Id="0" Type="paragraph" StartNode="0" EndNode="24">
</Annotation>
<Annotation Id="1" Type="paragraph" StartNode="30" EndNode="69">
</Annotation>
<Annotation Id="2" Type="paragraph" StartNode="71" EndNode="85">
</Annotation>
<Annotation Id="3" Type="paragraph" StartNode="87" EndNode="161">
</Annotation>
<Annotation Id="4" Type="paragraph" StartNode="163" EndNode="196">
</Annotation>
<Annotation Id="5" Type="paragraph" StartNode="198" EndNode="362">
</Annotation>
<Annotation Id="6" Type="paragraph" StartNode="364" EndNode="724">
</Annotation>
<Annotation Id="7" Type="paragraph" StartNode="726" EndNode="862">
</Annotation>
<Annotation Id="8" Type="paragraph" StartNode="864" EndNode="1167">
</Annotation>
<Annotation Id="9" Type="paragraph" StartNode="1169" EndNode="1498">
</Annotation>
<Annotation Id="10" Type="paragraph" StartNode="1500" EndNode="1781">
</Annotation>
<Annotation Id="11" Type="paragraph" StartNode="1783" EndNode="1982">
</Annotation>
<Annotation Id="12" Type="paragraph" StartNode="1984" EndNode="2132">
</Annotation>
<Annotation Id="13" Type="paragraph" StartNode="2134" EndNode="2559">
</Annotation>
<Annotation Id="14" Type="paragraph" StartNode="2561" EndNode="2938">
</Annotation>
<Annotation Id="15" Type="paragraph" StartNode="2940" EndNode="3138">
</Annotation>
<Annotation Id="17" Type="paragraph" StartNode="3195" EndNode="3537">
</Annotation>
<Annotation Id="16" Type="paragraph" StartNode="3140" EndNode="3193">
</Annotation>
<Annotation Id="19" Type="paragraph" StartNode="3978" EndNode="4452">
</Annotation>
<Annotation Id="18" Type="paragraph" StartNode="3539" EndNode="3976">
</Annotation>
<Annotation Id="20" Type="paragraph" StartNode="4454" EndNode="4474">
</Annotation>
</AnnotationSet>

</GateDocument>
