<?xml version='1.0' encoding='windows-1252'?>
<GateDocument>
<!-- The document's features-->

<GateDocumentFeatures>
<Feature>
  <Name className="java.lang.String">gate.SourceURL</Name>
  <Value className="java.lang.String">file:/E:/Users/conrada/Documents/My%20Dropbox/healthcare_data/training_2/hc065.txt</Value>
</Feature>
<Feature>
  <Name className="java.lang.String">MimeType</Name>
  <Value className="java.lang.String">text/plain</Value>
</Feature>
<Feature>
  <Name className="java.lang.String">docNewLineType</Name>
  <Value className="java.lang.String">CRLF</Value>
</Feature>
</GateDocumentFeatures>
<!-- The document content area with serialized nodes -->

<TextWithNodes><Node id="0" />The 10 Dumbest Arguments Against Health-Care Reform<Node id="51" />&#xd;
<Node id="53" />&#xd;
<Node id="55" />Paul Waldman&#xd;
<Node id="69" />&#xd;
<Node id="71" />July 27, 2009&#xd;
<Node id="86" />&#xd;
<Node id="88" />The health-care debate has been overwhelmed by grumbling resistance. Too bad the complaints are largely groundless.&#xd;
1&#xd;
Donate Email Print Send to Instapaper&#xd;
<Node id="247" />&#xd;
<Node id="249" />In order to reap democracy's fruits, we have to endure many sacrifices. The cost of enjoying the freedom to express our views is that we must tolerate the despicable views of others. Giving everyone the freedom to worship as they wish means that beliefs that could probably warrant intervention with powerful psychopharmacology are instead accorded the utmost respect. And a legislature made up of popularly elected representatives means that our laws are made by bodies that include no small number of liars, knaves, and fools. This is the democratic bargain. It's worth every penny, but there are times when it makes you want to scream.&#xd;
<Node id="889" />&#xd;
<Node id="891" />As the latest iteration of our once-every-generation-or-so effort to reform our disaster of a health-care system reaches its climax, we find ourselves at one of those times. <Node id="1065" />The opponents of reform are getting serious now, and they've turned the volume on their megaphones of mendacity up to 11<Node id="1185" />.&#xd;
<Node id="1188" />&#xd;
<Node id="1190" />Herewith, then, <Node id="1206" />we have the 10 dumbest arguments currently circulating against health-care reform<Node id="1287" />.&#xd;
<Node id="1290" />&#xd;
<Node id="1292" />What we really need is a "bipartisan" health-reform bill -- and if Democrats act properly, they could get one. The myth that "bipartisan" legislation works better than partisan legislation is widespread, but virtually no real evidence supports it. For every successful program passed with support from both parties, you can find another one that failed. There are also plenty of popular programs that enjoyed the support of only one side. Republicans aren't afraid to attack Medicare because some party members voted for it in 1965; they're afraid to attack Medicare because it has been hugely successful at achieving its goal of providing quality, affordable health care to seniors. The future popularity of the current health-care reform will be a function of whether the program works, not how many Republicans voted for it.&#xd;
<Node id="2121" />&#xd;
<Node id="2123" />More important, <Node id="2139" />Republicans are not going to vote for this health-care reform, no matter what the final bill looks like<Node id="2242" />. <Node id="2244" />Chances are it will get zero Republican votes in the House and maybe two Republican votes in the Senate, tops<Node id="2353" />. Anyone who thinks more optimistically has been partaking of too many free samples from pharmaceutical lobbyists.&#xd;
<Node id="2469" />&#xd;
<Node id="2471" />Whatever we do, we shouldn't ruin "the best health-care system in the world." Progressives confronted with this common argument often respond with incredulity. "Are you kidding me?" they shout. <Node id="2665" />Fifty million uninsured<Node id="2688" />, <Node id="2690" />the highest per-capita costs in the world<Node id="2731" />, <Node id="2733" />millions of people pushed into bankruptcy by medical bills<Node id="2791" />, <Node id="2793" />worse health outcomes than most of the industrialized world?<Node id="2853" /> Are you kidding me?&#xd;
<Node id="2875" />&#xd;
<Node id="2877" />But this is not a practical argument -- it's a moral argument. Those who make it believe that our system is the best precisely because of its inequality. <Node id="3031" />Systems like those of our European friends, in which everyone has access to high-quality care at a reasonable price<Node id="3146" />, just don't sit right with many conservative Republicans. If a captain of industry can't buy better health care than the guy who cuts his lawn can, then the world just isn't functioning as it should.&#xd;
<Node id="3348" />&#xd;
<Node id="3350" />This health reform is moving too fast. We've heard from lots of Republicans -- and a few conservative Democrats -- that the best thing to do is just take our time, lest we be too hasty about fixing our broken system. But there's a simple question I haven't heard asked: Why?&#xd;
<Node id="3626" />&#xd;
<Node id="3628" />It isn't as though these GOP members of Congress have been pulling one all-nighter after another hammering out details of reform, and they just need a couple more weeks to get all their work done<Node id="3823" />. Instead, <Node id="3834" />the people making this argument are for the most part reform's bitterest opponents, who have no goal other than to kill the effort<Node id="3964" />.&#xd;
<Node id="3967" />&#xd;
<Node id="3969" />If we can find an anecdote about a Canadian or Brit who had an unhappy medical experience, that means we shouldn't reform our own system. This argument is everywhere, particularly on talk radio and Fox News. <Node id="4177" />While there is a case to be made both for and against a completely socialized system like they have in England -- where the hospitals are owned by the government, and all the doctors and nurses are government employees -- or a socialized insurance scheme like they have in Canada, nothing remotely like that is being debated here<Node id="4506" />. This argument is like saying that you shouldn't buy a Honda because Volkswagens don't get good gas mileage.&#xd;
<Node id="4617" />&#xd;
<Node id="4619" />If this health reform passes, some bureaucrat might be able to dictate what care you can get, standing between you and your doctor. This may well be the most widespread and pernicious of all the dumb arguments against health-care reform. It certainly has some intuitive appeal, as long as you don't think about it for more than three or four seconds. Who wants some snotty bureaucrat telling my doctor what to do? That would be awful!&#xd;
<Node id="5055" />&#xd;
<Node id="5057" />So true -- you'd never want a government bureaucrat getting between you and your doctor. <Node id="5146" />Much better to have your care controlled by an entire team of insurance-company bureaucrats, whose bonuses and promotions depend on denying your claims and limiting your care<Node id="5320" />. That is, <Node id="5331" />if you have a plan in the first case, what with their denial of your pre-existing conditions and their attempts to kick you off your policy if you actually get sick<Node id="5495" />. That's so much better than letting some government bureaucrat get involved.&#xd;
<Node id="5574" />&#xd;
<Node id="5576" />Reform is all well and good, but we need to make sure it doesn't increase the deficit. This is the argument made most notably by the "Blue Dog" conservative Democrats, and it should be called what it is: a charade. <Node id="5791" />The Blue Dogs claim to be deeply concerned about fiscal responsibility, but the truth is that they are motivated almost entirely by ideology<Node id="5931" />. Nothing wrong with that, but don't try to tell us their only concern is deficits. <Node id="6015" />Were that the case, they would be pushing not just for a public option to be part of the bill but for it to be open to every American citizen or company that wants it, because that would save the most money<Node id="6221" />. But of course, they aren't, because the public option is "big government," and they don't like that. And if they were only concerned about fiscal responsibility, they would have opposed the Bush tax cuts, supported tax increases to pay for the Iraq War, or opposed the war and its $2 trillion price tag entirely. But of course they didn't. What they oppose is progressive legislation that provides benefits to regular Americans.&#xd;
Related Articles&#xd;
<Node id="6671" />&#xd;
    <Node id="6677" />Protest and Possibility&#xd;
    Nov 01, 2011&#xd;
    The Ties That Blind&#xd;
    Oct 31, 2011&#xd;
    The Medicare Bind&#xd;
    Oct 12, 2011&#xd;
    Death Watch for Health Clinics&#xd;
    Oct 06, 2011&#xd;
    Noted&#xd;
    Sep 30, 2011&#xd;
<Node id="6887" />&#xd;
<Node id="6889" />If you can make a flow chart with lots of boxes and arrows on it, that means health reform will be terrible. <Node id="6998" />As a group, Republican representatives are not known for their intelligence or dignity, but this has to be among their more ridiculous exercises in a while: They made themselves a fancy chart purporting to show how complex the Democrats' health plan is, in the hopes that we'd all shriek madly and run in the other direction<Node id="7322" />. According to Roll Call, about 50 GOP members of Congress have blandished the chart during their floor speeches or put it on their Web site.&#xd;
<Node id="7465" />&#xd;
<Node id="7467" />In truth, their chart bears almost no relationship to the way reform would actually work systemically, not to mention how absurd is the contention that ordinary Americans' health care would be made more complicated by, say, the existence of a training program for nurses<Node id="7737" />. It looks like it was put together by a group of fifth-graders, which it kind of was.&#xd;
<Node id="7825" />&#xd;
<Node id="7827" />If we could only make it illegal for people to sue when their surgeon amputates the wrong leg, we could get costs under control. You can sympathize with doctors who are afraid of being sued by patients who didn't like the outcome of their cases. But <Node id="8077" />the idea that the solution to rising costs is capping malpractice awards is just ridiculous<Node id="8168" />.&#xd;
<Node id="8171" />&#xd;
<Node id="8173" />In Atul Gawande's justly celebrated New Yorker article, he relates how he asked a group of doctors in the now-notorious city of McAllen, Texas, why medical costs there are higher than anywhere else in the country. They began to complain about lawsuits, until Gawande pointed out, "Several years ago, Texas passed a tough malpractice law that capped pain-and-suffering awards at two hundred and fifty thousand dollars. Didn't lawsuits go down?" One of the doctors admitted, "Practically to zero."&#xd;
<Node id="8670" />&#xd;
<Node id="8672" />Reform might make me lose my current health coverage. <Node id="8726" />Here is a list of some things that could make you completely lose your current health coverage: Losing your job<Node id="8837" />. Leaving your job for a different one. <Node id="8877" />Poor earnings for your employer, which makes them decide to cut benefits<Node id="8949" />. Trying to start your own small business. Getting a serious illness.&#xd;
<Node id="9020" />&#xd;
<Node id="9022" />You want to meet people who have absolutely no need to worry about losing their coverage? Talk to a senior on Medicare, or a veteran who gets his care from the V.A. Those rotten government programs don't kick people off.&#xd;
<Node id="9244" />&#xd;
<Node id="9246" />Health-care reform will literally kill you. <Node id="9290" />This is the level of absurdity to which conservatives have actually descended<Node id="9367" />. As Steve Benen observed, "<Node id="9395" />As Republican desperation has become more palpable, there's a preoccupation with the &#x2018;reform = literal death' meme<Node id="9509" />." The examples are legion, but here are a couple to give you the flavor. Louie Gohmert of Texas delivered a bizarre rant on the House floor in which he claimed, "One in five people have to die because they went to socialized medicine! Now I've got three daughters and a wife. I would hate to think that among five women, one of them is going to die because we go to socialized care." When Bill O'Reilly asked Dick Morris (who, let's be honest, is probably upset that the public option won't cover therapeutic visits to prostitutes who let you suck their toes) what the plan would mean for a regular guy, Morris responded, "Obama's plan is gonna kill you."&#xd;
<Node id="10167" />&#xd;
<Node id="10169" />This is just part of the hurricane of idiocy the administration must struggle through if it is to pass health-care reform<Node id="10290" />. Don't get me wrong -- there are some very good reasons to remain optimistic about the odds of reform succeeding. On the other hand, if in our national debate you always bet that the side offering the most dim-witted, disingenuous arguments will triumph, most of the time you'll be right.&#xd;
<Node id="10581" />&#xd;
<Node id="10583" />Correction: A previous version of this article suggested that the Canadian health-care system was wholly socialized. In Canada, doctors are not government employees. They are private fee for service practitioners, as in the United States.&#xd;
<Node id="10823" /></TextWithNodes>
<!-- The default annotation set -->

<AnnotationSet>
<Annotation Id="27" Type="doc" StartNode="0" EndNode="10823">
<Feature>
  <Name className="java.lang.String">id</Name>
  <Value className="java.lang.String">hc065</Value>
</Feature>
<Feature>
  <Name className="java.lang.String">author</Name>
  <Value className="java.lang.String">paul,waldman</Value>
</Feature>
<Feature>
  <Name className="java.lang.String">date</Name>
  <Value className="java.lang.String">20090727</Value>
</Feature>
<Feature>
  <Name className="java.lang.String">source</Name>
  <Value className="java.lang.String">american,prospect</Value>
</Feature>
<Feature>
  <Name className="java.lang.String">side</Name>
  <Value className="java.lang.String">pro</Value>
</Feature>
<Feature>
  <Name className="java.lang.String">url</Name>
  <Value className="java.lang.String">http://prospect.org/article/10-dumbest-arguments-against-health-care-reform</Value>
</Feature>
</Annotation>
<Annotation Id="29" Type="arg" StartNode="1065" EndNode="1185">
<Feature>
  <Name className="java.lang.String">type</Name>
  <Value className="java.lang.String">label</Value>
</Feature>
<Feature>
  <Name className="java.lang.String">ss-label</Name>
  <Value className="java.lang.String">opposition_demagogues_bill</Value>
</Feature>
<Feature>
  <Name className="java.lang.String">polarity</Name>
  <Value className="java.lang.String">negative</Value>
</Feature>
</Annotation>
<Annotation Id="28" Type="arg" StartNode="0" EndNode="51">
<Feature>
  <Name className="java.lang.String">type</Name>
  <Value className="java.lang.String">label</Value>
</Feature>
<Feature>
  <Name className="java.lang.String">ss-label</Name>
  <Value className="java.lang.String">bill_should_be_passed</Value>
</Feature>
<Feature>
  <Name className="java.lang.String">polarity</Name>
  <Value className="java.lang.String">negative</Value>
</Feature>
</Annotation>
<Annotation Id="31" Type="arg" StartNode="2139" EndNode="2242">
<Feature>
  <Name className="java.lang.String">type</Name>
  <Value className="java.lang.String">label</Value>
</Feature>
<Feature>
  <Name className="java.lang.String">ss-label</Name>
  <Value className="java.lang.String">opposition_demagogues_bill</Value>
</Feature>
<Feature>
  <Name className="java.lang.String">polarity</Name>
  <Value className="java.lang.String">negative</Value>
</Feature>
</Annotation>
<Annotation Id="30" Type="arg" StartNode="1206" EndNode="1287">
<Feature>
  <Name className="java.lang.String">type</Name>
  <Value className="java.lang.String">label</Value>
</Feature>
<Feature>
  <Name className="java.lang.String">ss-label</Name>
  <Value className="java.lang.String">bill_should_not_be_defunded</Value>
</Feature>
<Feature>
  <Name className="java.lang.String">polarity</Name>
  <Value className="java.lang.String">negative</Value>
</Feature>
</Annotation>
<Annotation Id="34" Type="arg" StartNode="2665" EndNode="2688">
<Feature>
  <Name className="java.lang.String">ss-label</Name>
  <Value className="java.lang.String">many_currently_without_insurance</Value>
</Feature>
<Feature>
  <Name className="java.lang.String">type</Name>
  <Value className="java.lang.String">label</Value>
</Feature>
<Feature>
  <Name className="java.lang.String">polarity</Name>
  <Value className="java.lang.String">negative</Value>
</Feature>
<Feature>
  <Name className="java.lang.String">incomplete</Name>
  <Value className="java.lang.String">true</Value>
</Feature>
</Annotation>
<Annotation Id="35" Type="arg" StartNode="2733" EndNode="2791">
<Feature>
  <Name className="java.lang.String">ss-label</Name>
  <Value className="java.lang.String">protects_individuals_from_medical_bankrupcy</Value>
</Feature>
<Feature>
  <Name className="java.lang.String">type</Name>
  <Value className="java.lang.String">label</Value>
</Feature>
<Feature>
  <Name className="java.lang.String">polarity</Name>
  <Value className="java.lang.String">negative</Value>
</Feature>
<Feature>
  <Name className="java.lang.String">incomplete</Name>
  <Value className="java.lang.String">true</Value>
</Feature>
</Annotation>
<Annotation Id="32" Type="rel" StartNode="2244" EndNode="2353">
<Feature>
  <Name className="java.lang.String">type</Name>
  <Value className="java.lang.String">label</Value>
</Feature>
<Feature>
  <Name className="java.lang.String">ss-label</Name>
  <Value className="java.lang.String">opposition_demagogues_bill</Value>
</Feature>
</Annotation>
<Annotation Id="33" Type="arg" StartNode="2793" EndNode="2853">
<Feature>
  <Name className="java.lang.String">prospect</Name>
  <Value className="java.lang.String"></Value>
</Feature>
<Feature>
  <Name className="java.lang.String">ss-label</Name>
  <Value className="java.lang.String">healthcare_quality_currently_not_good</Value>
</Feature>
<Feature>
  <Name className="java.lang.String">type</Name>
  <Value className="java.lang.String">label</Value>
</Feature>
<Feature>
  <Name className="java.lang.String">polarity</Name>
  <Value className="java.lang.String">negative</Value>
</Feature>
<Feature>
  <Name className="java.lang.String">incomplete</Name>
  <Value className="java.lang.String">true</Value>
</Feature>
</Annotation>
<Annotation Id="38" Type="arg" StartNode="3628" EndNode="3823">
<Feature>
  <Name className="java.lang.String">ss-label</Name>
  <Value className="java.lang.String">opposition_demagogues_bill</Value>
</Feature>
<Feature>
  <Name className="java.lang.String">unclear</Name>
  <Value className="java.lang.String">true</Value>
</Feature>
<Feature>
  <Name className="java.lang.String">type</Name>
  <Value className="java.lang.String">label</Value>
</Feature>
<Feature>
  <Name className="java.lang.String">polarity</Name>
  <Value className="java.lang.String">negative</Value>
</Feature>
</Annotation>
<Annotation Id="39" Type="arg" StartNode="3834" EndNode="3964">
<Feature>
  <Name className="java.lang.String">ss-label</Name>
  <Value className="java.lang.String">opposition_demagogues_bill</Value>
</Feature>
<Feature>
  <Name className="java.lang.String">unclear</Name>
  <Value className="java.lang.String">true</Value>
</Feature>
<Feature>
  <Name className="java.lang.String">type</Name>
  <Value className="java.lang.String">label</Value>
</Feature>
<Feature>
  <Name className="java.lang.String">polarity</Name>
  <Value className="java.lang.String">negative</Value>
</Feature>
</Annotation>
<Annotation Id="36" Type="arg" StartNode="2690" EndNode="2731">
<Feature>
  <Name className="java.lang.String">type</Name>
  <Value className="java.lang.String">label</Value>
</Feature>
<Feature>
  <Name className="java.lang.String">ss-label</Name>
  <Value className="java.lang.String">healthcare_costs_out-of-control</Value>
</Feature>
<Feature>
  <Name className="java.lang.String">polarity</Name>
  <Value className="java.lang.String">negative</Value>
</Feature>
</Annotation>
<Annotation Id="37" Type="arg" StartNode="3031" EndNode="3146">
<Feature>
  <Name className="java.lang.String">ss-label</Name>
  <Value className="java.lang.String">most_other_industrialized_countries_guarentee_healthcare</Value>
</Feature>
<Feature>
  <Name className="java.lang.String">type</Name>
  <Value className="java.lang.String">label</Value>
</Feature>
<Feature>
  <Name className="java.lang.String">polarity</Name>
  <Value className="java.lang.String">positive</Value>
</Feature>
<Feature>
  <Name className="java.lang.String">incomplete</Name>
  <Value className="java.lang.String">true</Value>
</Feature>
</Annotation>
<Annotation Id="42" Type="arg" StartNode="5146" EndNode="5320">
<Feature>
  <Name className="java.lang.String">ss-label</Name>
  <Value className="java.lang.String">current_system_leads_to_corporate_exploitation</Value>
</Feature>
<Feature>
  <Name className="java.lang.String">unclear</Name>
  <Value className="java.lang.String">true</Value>
</Feature>
<Feature>
  <Name className="java.lang.String">type</Name>
  <Value className="java.lang.String">label</Value>
</Feature>
<Feature>
  <Name className="java.lang.String">polarity</Name>
  <Value className="java.lang.String">negative</Value>
</Feature>
</Annotation>
<Annotation Id="43" Type="arg" StartNode="5331" EndNode="5495">
<Feature>
  <Name className="java.lang.String">ss-label</Name>
  <Value className="java.lang.String">pre-existing_conditions_currently_block_coverage</Value>
</Feature>
<Feature>
  <Name className="java.lang.String">type</Name>
  <Value className="java.lang.String">label</Value>
</Feature>
<Feature>
  <Name className="java.lang.String">polarity</Name>
  <Value className="java.lang.String">negative</Value>
</Feature>
<Feature>
  <Name className="java.lang.String">incomplete</Name>
  <Value className="java.lang.String">true</Value>
</Feature>
</Annotation>
<Annotation Id="40" Type="arg" StartNode="4177" EndNode="4506">
<Feature>
  <Name className="java.lang.String">ss-label</Name>
  <Value className="java.lang.String">opposition_demagogues_bill</Value>
</Feature>
<Feature>
  <Name className="java.lang.String">unclear</Name>
  <Value className="java.lang.String">true</Value>
</Feature>
<Feature>
  <Name className="java.lang.String">type</Name>
  <Value className="java.lang.String">label</Value>
</Feature>
<Feature>
  <Name className="java.lang.String">polarity</Name>
  <Value className="java.lang.String">negative</Value>
</Feature>
<Feature>
  <Name className="java.lang.String">incomplete</Name>
  <Value className="java.lang.String">true</Value>
</Feature>
</Annotation>
<Annotation Id="41" Type="arg" StartNode="5791" EndNode="5931">
<Feature>
  <Name className="java.lang.String">id</Name>
  <Value className="java.lang.String">a1</Value>
</Feature>
<Feature>
  <Name className="java.lang.String">ss-label</Name>
  <Value className="java.lang.String">opposition_demagogues_bill</Value>
</Feature>
<Feature>
  <Name className="java.lang.String">type</Name>
  <Value className="java.lang.String">label</Value>
</Feature>
<Feature>
  <Name className="java.lang.String">polarity</Name>
  <Value className="java.lang.String">negative</Value>
</Feature>
</Annotation>
<Annotation Id="46" Type="arg" StartNode="7467" EndNode="7737">
<Feature>
  <Name className="java.lang.String">type</Name>
  <Value className="java.lang.String">label</Value>
</Feature>
<Feature>
  <Name className="java.lang.String">ss-label</Name>
  <Value className="java.lang.String">opposition_demagogues_bill</Value>
</Feature>
<Feature>
  <Name className="java.lang.String">polarity</Name>
  <Value className="java.lang.String">negative</Value>
</Feature>
</Annotation>
<Annotation Id="47" Type="arg" StartNode="8077" EndNode="8168">
<Feature>
  <Name className="java.lang.String">type</Name>
  <Value className="java.lang.String">label</Value>
</Feature>
<Feature>
  <Name className="java.lang.String">ss-label</Name>
  <Value className="java.lang.String">tort_reform_not_answer</Value>
</Feature>
<Feature>
  <Name className="java.lang.String">polarity</Name>
  <Value className="java.lang.String">negative</Value>
</Feature>
</Annotation>
<Annotation Id="44" Type="rel" StartNode="6015" EndNode="6221">
<Feature>
  <Name className="java.lang.String">about-rel</Name>
  <Value className="java.lang.String">a1</Value>
</Feature>
</Annotation>
<Annotation Id="45" Type="arg" StartNode="6998" EndNode="7322">
<Feature>
  <Name className="java.lang.String">type</Name>
  <Value className="java.lang.String">label</Value>
</Feature>
<Feature>
  <Name className="java.lang.String">ss-label</Name>
  <Value className="java.lang.String">opposition_demagogues_bill</Value>
</Feature>
<Feature>
  <Name className="java.lang.String">polarity</Name>
  <Value className="java.lang.String">negative</Value>
</Feature>
</Annotation>
<Annotation Id="51" Type="arg" StartNode="9395" EndNode="9509">
<Feature>
  <Name className="java.lang.String">type</Name>
  <Value className="java.lang.String">label</Value>
</Feature>
<Feature>
  <Name className="java.lang.String">ss-label</Name>
  <Value className="java.lang.String">opposition_demagogues_bill</Value>
</Feature>
<Feature>
  <Name className="java.lang.String">polarity</Name>
  <Value className="java.lang.String">negative</Value>
</Feature>
</Annotation>
<Annotation Id="50" Type="arg" StartNode="9290" EndNode="9367">
<Feature>
  <Name className="java.lang.String">ss-label</Name>
  <Value className="java.lang.String">opposition_demagogues_bill</Value>
</Feature>
<Feature>
  <Name className="java.lang.String">type</Name>
  <Value className="java.lang.String">label</Value>
</Feature>
<Feature>
  <Name className="java.lang.String">polarity</Name>
  <Value className="java.lang.String">negative</Value>
</Feature>
<Feature>
  <Name className="java.lang.String">incomplete</Name>
  <Value className="java.lang.String">true</Value>
</Feature>
</Annotation>
<Annotation Id="49" Type="arg" StartNode="8877" EndNode="8949">
<Feature>
  <Name className="java.lang.String">ss-label</Name>
  <Value className="java.lang.String">makes_insurance_independent_of_job</Value>
</Feature>
<Feature>
  <Name className="java.lang.String">type</Name>
  <Value className="java.lang.String">label</Value>
</Feature>
<Feature>
  <Name className="java.lang.String">polarity</Name>
  <Value className="java.lang.String">negative</Value>
</Feature>
<Feature>
  <Name className="java.lang.String">incomplete</Name>
  <Value className="java.lang.String">true</Value>
</Feature>
</Annotation>
<Annotation Id="48" Type="arg" StartNode="8726" EndNode="8837">
<Feature>
  <Name className="java.lang.String">type</Name>
  <Value className="java.lang.String">label</Value>
</Feature>
<Feature>
  <Name className="java.lang.String">ss-label</Name>
  <Value className="java.lang.String">makes_insurance_independent_of_job</Value>
</Feature>
<Feature>
  <Name className="java.lang.String">polarity</Name>
  <Value className="java.lang.String">negative</Value>
</Feature>
</Annotation>
<Annotation Id="52" Type="arg" StartNode="10169" EndNode="10290">
<Feature>
  <Name className="java.lang.String">type</Name>
  <Value className="java.lang.String">label</Value>
</Feature>
<Feature>
  <Name className="java.lang.String">ss-label</Name>
  <Value className="java.lang.String">opposition_demagogues_bill</Value>
</Feature>
<Feature>
  <Name className="java.lang.String">polarity</Name>
  <Value className="java.lang.String">negative</Value>
</Feature>
</Annotation>
</AnnotationSet>

<!-- Named annotation set -->

<AnnotationSet Name="Original markups">
<Annotation Id="0" Type="paragraph" StartNode="0" EndNode="53">
</Annotation>
<Annotation Id="1" Type="paragraph" StartNode="55" EndNode="69">
</Annotation>
<Annotation Id="2" Type="paragraph" StartNode="71" EndNode="86">
</Annotation>
<Annotation Id="3" Type="paragraph" StartNode="88" EndNode="247">
</Annotation>
<Annotation Id="4" Type="paragraph" StartNode="249" EndNode="889">
</Annotation>
<Annotation Id="5" Type="paragraph" StartNode="891" EndNode="1188">
</Annotation>
<Annotation Id="6" Type="paragraph" StartNode="1190" EndNode="1290">
</Annotation>
<Annotation Id="7" Type="paragraph" StartNode="1292" EndNode="2121">
</Annotation>
<Annotation Id="8" Type="paragraph" StartNode="2123" EndNode="2469">
</Annotation>
<Annotation Id="9" Type="paragraph" StartNode="2471" EndNode="2875">
</Annotation>
<Annotation Id="10" Type="paragraph" StartNode="2877" EndNode="3348">
</Annotation>
<Annotation Id="11" Type="paragraph" StartNode="3350" EndNode="3626">
</Annotation>
<Annotation Id="12" Type="paragraph" StartNode="3628" EndNode="3967">
</Annotation>
<Annotation Id="13" Type="paragraph" StartNode="3969" EndNode="4617">
</Annotation>
<Annotation Id="14" Type="paragraph" StartNode="4619" EndNode="5055">
</Annotation>
<Annotation Id="15" Type="paragraph" StartNode="5057" EndNode="5574">
</Annotation>
<Annotation Id="17" Type="paragraph" StartNode="6677" EndNode="6887">
</Annotation>
<Annotation Id="16" Type="paragraph" StartNode="5576" EndNode="6671">
</Annotation>
<Annotation Id="19" Type="paragraph" StartNode="7467" EndNode="7825">
</Annotation>
<Annotation Id="18" Type="paragraph" StartNode="6889" EndNode="7465">
</Annotation>
<Annotation Id="21" Type="paragraph" StartNode="8173" EndNode="8670">
</Annotation>
<Annotation Id="20" Type="paragraph" StartNode="7827" EndNode="8171">
</Annotation>
<Annotation Id="23" Type="paragraph" StartNode="9022" EndNode="9244">
</Annotation>
<Annotation Id="22" Type="paragraph" StartNode="8672" EndNode="9020">
</Annotation>
<Annotation Id="25" Type="paragraph" StartNode="10169" EndNode="10581">
</Annotation>
<Annotation Id="24" Type="paragraph" StartNode="9246" EndNode="10167">
</Annotation>
<Annotation Id="26" Type="paragraph" StartNode="10583" EndNode="10823">
</Annotation>
</AnnotationSet>

</GateDocument>
