<?xml version='1.0' encoding='UTF-8'?>
<GateDocument>
<!-- The document's features-->

<GateDocumentFeatures>
<Feature>
  <Name className="java.lang.String">MimeType</Name>
  <Value className="java.lang.String">text/plain</Value>
</Feature>
<Feature>
  <Name className="java.lang.String">gate.SourceURL</Name>
  <Value className="java.lang.String">file:/E:/Users/conrada/Documents/My%20Dropbox/healthcare_data/training_3/hc077.txt</Value>
</Feature>
<Feature>
  <Name className="java.lang.String">docNewLineType</Name>
  <Value className="java.lang.String">CRLF</Value>
</Feature>
</GateDocumentFeatures>
<!-- The document content area with serialized nodes -->

<TextWithNodes><Node id="0" />Diagnosing ObamaCare&#xd;
The president's cousin passes his considered judgment in First Do No Harm.&#xd;
<Node id="98" />&#xd;
<Node id="100" />by&#xd;
Dr. Peter Weiss&#xd;
<Node id="121" />&#xd;
<Node id="123" />Bio&#xd;
April 28, 2011 - 12:00 am&#xd;
Email&#xd;
Print&#xd;
Decrease Font Size Increase Font Size&#xd;
<Node id="208" />&#xd;
<Node id="210" />First Do No Harm: <Node id="228" />The President’s Cousin Explains Why His Hippocratic Oath Requires Him to Oppose ObamaCare<Node id="317" />&#xd;
<Node id="319" />&#xd;
<Node id="321" />Milton R. Wolf, M.D.&#xd;
<Node id="343" />&#xd;
<Node id="345" />HarperCollins (April 19, 2011)&#xd;
<Node id="377" />&#xd;
<Node id="379" />Review by Peter Weiss, M.D.&#xd;
<Node id="408" />&#xd;
&#xd;
<Node id="412" />For the past two years I have publicly debated the pros and cons of our health care system. <Node id="504" />I have debated against the implementation of ObamaCare<Node id="558" /> — to no avail.&#xd;
<Node id="575" />&#xd;
<Node id="577" />I have been on too many health care panels to remember. I have met with senators, congressmen, governors, and more. The debates feel like the reenactment of the trench warfare of the First World War, with neither side making any headway in battle.&#xd;
<Node id="826" />&#xd;
<Node id="828" />Now comes First Do No Harm — a concise, clear delineation of ObamaCare and some possible health care solutions. What makes this book — part of a new Tea Party series from HarperCollins — all the more intriguing is that it comes from President Obama’s cousin (okay, second cousin, once removed). Dr. Milton Wolf likes to say that he is the “only Tea Partier the president knows.”&#xd;
<Node id="1208" />&#xd;
<Node id="1210" />Both Dr. Wolf and the president lost a parent at an early age — Dr. Wolf’s father from pancreatic cancer, the president’s mother from ovarian cancer. (As an aside, my mother died from breast cancer when I was 16.) <Node id="1424" />Interestingly, the president’s mother was diagnosed with ovarian cancer in Indonesia, yet she chose to come back to the USA for treatment — first at Sloan-Kettering in New York and later in Hawaii<Node id="1620" />.&#xd;
<Node id="1623" />&#xd;
<Node id="1625" />The president and Dr. Wolf took different lessons from their experiences. <Node id="1699" />Dr. Wolf was grateful for having the best health care system in the world<Node id="1772" />; the president lamented the costs. <Node id="1808" />Yet even though Obama’s mother was not wealthy, she still received care at Sloan-Kettering, one of the best institutions in the world<Node id="1941" />.&#xd;
<Node id="1944" />&#xd;
<Node id="1946" />First Do No Harm also reviews how government involved itself in health care from 1929 to 2003, with all well-meaning actions resulting in increasing costs<Node id="2100" />. Dr. Wolf astutely points out how health care became very political in the 1980s. State mandates “re-routed health care dollars not to the most necessary and innovative treatments, but instead to whomever had the best lobbyists.” This was the start of our current health care downfall.&#xd;
<Node id="2388" />&#xd;
<Node id="2390" />Remember HillaryCare? Dr. Wolf rightly has no kind words for President Bush either. Medicare prescription coverage of 2003 was a political move to garner senior votes.&#xd;
<Node id="2559" />&#xd;
<Node id="2561" />The bottom line of First Do No Harm is this: “<Node id="2607" />At the very core of ObamaCare is a flawed belief that government can spend your money more effectively than you can yourself<Node id="2731" />.” There is an ideological divide between those in favor of the plan and those opposed.&#xd;
<Node id="2820" />&#xd;
<Node id="2822" />I admire the Tea Party greatly. Health care should not be a political line-item agenda — just as I can not tell a patient of mine what he or she must do. I can only give advice and recommendations. I can not force my patients to stop smoking or drinking, or to lose weight. Nor can President Obama mandate health.&#xd;
<Node id="3137" />&#xd;
<Node id="3139" />To be fair, First Do No Harm does state that ObamaCare promises some nice things, such as no denial of coverage for pre-existing conditions, coverage for “children” up to age 26, and no lifetime limit on benefits. These all sound great, and on paper they are.&#xd;
<Node id="3400" />&#xd;
<Node id="3402" />I would also like the government to buy me a home, give me a car (nothing less than 6 cylinder), and put food on my table. In a Utopian world, we all live forever and will have world peace. One critical aspect of a good physician is being honest even when the news is bad. Dr. Wolf is a good physician. <Node id="3705" />He gives a very strong argument against ObamaCare in a concise, easy-to-follow manner<Node id="3790" />. He offers some solutions, but still a lot more are needed to address the current situation. Those he does offer are well worth entertaining and are well thought out. I, of course, like many other physicians, have solutions, too, some of which I have expressed in these pages before.&#xd;
<Node id="4076" />&#xd;
<Node id="4078" />I equate Dr. Wolf with a good doctor who is able to explain to a patient and his or her family what is wrong. He then takes the time to listen and gives his opinion as to what you should do. This is a doctor you feel you can trust. <Node id="4310" />Under the Obama system, that doctor will be a thing of the past<Node id="4373" />. <Node id="4375" />Your new physician will be spending half of his or her time doing data entry at point of service, checking off boxes on the state-mandated questionnaire before inputting the data to determine what medication the system will allow<Node id="4604" />. Never mind you only want to talk about your headaches.&#xd;
<Node id="4662" />&#xd;
<Node id="4664" />Most physicians take either the oath of Hippocrates or the oath of Maimonides. With these two time-honored oaths, we promise to be our individual patients’ champion and, above all, to do no harm. <Node id="4860" />Under ObamaCare, the physician’s oath will be “to the health of the state” — and to the individual patient no longer<Node id="4976" />.&#xd;
Peter Weiss M.D., F.A.C.O.G., is Director and Founder of The Rodeo Drive Women's Health Center and The Rodeo Drive Health and Wellness Centers. He is also Assistant Clinical Professor of OB/GYN at The David Geffen School of Medicine at UCLA.He was health care adviser to John McCain's presidential campaign.<Node id="5286" /></TextWithNodes>
<!-- The default annotation set -->

<AnnotationSet>
<Annotation Id="21" Type="arg" StartNode="228" EndNode="317">
<Feature>
  <Name className="java.lang.String">type</Name>
  <Value className="java.lang.String">label</Value>
</Feature>
<Feature>
  <Name className="java.lang.String">ss-label</Name>
  <Value className="java.lang.String">unpopular_among_doctors</Value>
</Feature>
<Feature>
  <Name className="java.lang.String">polarity</Name>
  <Value className="java.lang.String">negative</Value>
</Feature>
</Annotation>
<Annotation Id="20" Type="doc" StartNode="0" EndNode="5286">
<Feature>
  <Name className="java.lang.String">id</Name>
  <Value className="java.lang.String">hc077</Value>
</Feature>
<Feature>
  <Name className="java.lang.String">author</Name>
  <Value className="java.lang.String">milton,r,wolf</Value>
</Feature>
<Feature>
  <Name className="java.lang.String">date</Name>
  <Value className="java.lang.String">20110419</Value>
</Feature>
<Feature>
  <Name className="java.lang.String">source</Name>
  <Value className="java.lang.String">pj,media</Value>
</Feature>
<Feature>
  <Name className="java.lang.String">side</Name>
  <Value className="java.lang.String">anti</Value>
</Feature>
<Feature>
  <Name className="java.lang.String">url</Name>
  <Value className="java.lang.String">http://pjmedia.com/blog/diagnosing-obamacare/?singlepage=true</Value>
</Feature>
</Annotation>
<Annotation Id="23" Type="rel" StartNode="1424" EndNode="1620">
<Feature>
  <Name className="java.lang.String">type</Name>
  <Value className="java.lang.String">label</Value>
</Feature>
<Feature>
  <Name className="java.lang.String">ss-label</Name>
  <Value className="java.lang.String">healthcare_quality_good</Value>
</Feature>
</Annotation>
<Annotation Id="22" Type="arg" StartNode="504" EndNode="558">
<Feature>
  <Name className="java.lang.String">type</Name>
  <Value className="java.lang.String">label</Value>
</Feature>
<Feature>
  <Name className="java.lang.String">ss-label</Name>
  <Value className="java.lang.String">bill_should_be_defunded/not_passed</Value>
</Feature>
<Feature>
  <Name className="java.lang.String">polarity</Name>
  <Value className="java.lang.String">negative</Value>
</Feature>
</Annotation>
<Annotation Id="25" Type="arg" StartNode="1808" EndNode="1941">
<Feature>
  <Name className="java.lang.String">ss-label</Name>
  <Value className="java.lang.String">healthcare_quality_good</Value>
</Feature>
<Feature>
  <Name className="java.lang.String">unclear</Name>
  <Value className="java.lang.String">true</Value>
</Feature>
<Feature>
  <Name className="java.lang.String">type</Name>
  <Value className="java.lang.String">label</Value>
</Feature>
<Feature>
  <Name className="java.lang.String">polarity</Name>
  <Value className="java.lang.String">positive</Value>
</Feature>
</Annotation>
<Annotation Id="24" Type="arg" StartNode="1699" EndNode="1772">
<Feature>
  <Name className="java.lang.String">ss-label</Name>
  <Value className="java.lang.String">healthcare_quality_good</Value>
</Feature>
<Feature>
  <Name className="java.lang.String">unclear</Name>
  <Value className="java.lang.String">true</Value>
</Feature>
<Feature>
  <Name className="java.lang.String">type</Name>
  <Value className="java.lang.String">label</Value>
</Feature>
<Feature>
  <Name className="java.lang.String">polarity</Name>
  <Value className="java.lang.String">positive</Value>
</Feature>
</Annotation>
<Annotation Id="27" Type="arg" StartNode="3705" EndNode="3790">
<Feature>
  <Name className="java.lang.String">type</Name>
  <Value className="java.lang.String">label</Value>
</Feature>
<Feature>
  <Name className="java.lang.String">ss-label</Name>
  <Value className="java.lang.String">bill_should_be_defunded/not_passed</Value>
</Feature>
<Feature>
  <Name className="java.lang.String">polarity</Name>
  <Value className="java.lang.String">negative</Value>
</Feature>
</Annotation>
<Annotation Id="26" Type="arg" StartNode="2607" EndNode="2731">
<Feature>
  <Name className="java.lang.String">type</Name>
  <Value className="java.lang.String">label</Value>
</Feature>
<Feature>
  <Name className="java.lang.String">ss-label</Name>
  <Value className="java.lang.String">market_controls_costs_better_than_govt</Value>
</Feature>
<Feature>
  <Name className="java.lang.String">polarity</Name>
  <Value className="java.lang.String">negative</Value>
</Feature>
</Annotation>
<Annotation Id="29" Type="rel" StartNode="4375" EndNode="4604">
<Feature>
  <Name className="java.lang.String">type</Name>
  <Value className="java.lang.String">label</Value>
</Feature>
<Feature>
  <Name className="java.lang.String">ss-label</Name>
  <Value className="java.lang.String">doctors_will_retire</Value>
</Feature>
</Annotation>
<Annotation Id="28" Type="arg" StartNode="4310" EndNode="4373">
<Feature>
  <Name className="java.lang.String">ss-label</Name>
  <Value className="java.lang.String">doctors_will_retire</Value>
</Feature>
<Feature>
  <Name className="java.lang.String">unclear</Name>
  <Value className="java.lang.String">true</Value>
</Feature>
<Feature>
  <Name className="java.lang.String">type</Name>
  <Value className="java.lang.String">label</Value>
</Feature>
<Feature>
  <Name className="java.lang.String">polarity</Name>
  <Value className="java.lang.String">negative</Value>
</Feature>
</Annotation>
<Annotation Id="31" Type="arg" StartNode="1946" EndNode="2100">
<Feature>
  <Name className="java.lang.String">ss-label</Name>
  <Value className="java.lang.String">market_controls_costs_better_than_govt</Value>
</Feature>
<Feature>
  <Name className="java.lang.String">unclear</Name>
  <Value className="java.lang.String">true</Value>
</Feature>
<Feature>
  <Name className="java.lang.String">type</Name>
  <Value className="java.lang.String">label</Value>
</Feature>
<Feature>
  <Name className="java.lang.String">polarity</Name>
  <Value className="java.lang.String">negative</Value>
</Feature>
</Annotation>
<Annotation Id="30" Type="arg" StartNode="4860" EndNode="4976">
<Feature>
  <Name className="java.lang.String">type</Name>
  <Value className="java.lang.String">label</Value>
</Feature>
<Feature>
  <Name className="java.lang.String">ss-label</Name>
  <Value className="java.lang.String">increases_govt_interference_in_healthcare_decisions</Value>
</Feature>
<Feature>
  <Name className="java.lang.String">polarity</Name>
  <Value className="java.lang.String">negative</Value>
</Feature>
</Annotation>
</AnnotationSet>

<!-- Named annotation set -->

<AnnotationSet Name="Original markups">
<Annotation Id="0" Type="paragraph" StartNode="0" EndNode="98">
</Annotation>
<Annotation Id="1" Type="paragraph" StartNode="100" EndNode="121">
</Annotation>
<Annotation Id="2" Type="paragraph" StartNode="123" EndNode="208">
</Annotation>
<Annotation Id="3" Type="paragraph" StartNode="210" EndNode="319">
</Annotation>
<Annotation Id="4" Type="paragraph" StartNode="321" EndNode="343">
</Annotation>
<Annotation Id="5" Type="paragraph" StartNode="345" EndNode="377">
</Annotation>
<Annotation Id="6" Type="paragraph" StartNode="379" EndNode="408">
</Annotation>
<Annotation Id="7" Type="paragraph" StartNode="412" EndNode="575">
</Annotation>
<Annotation Id="8" Type="paragraph" StartNode="577" EndNode="826">
</Annotation>
<Annotation Id="9" Type="paragraph" StartNode="828" EndNode="1208">
</Annotation>
<Annotation Id="10" Type="paragraph" StartNode="1210" EndNode="1623">
</Annotation>
<Annotation Id="11" Type="paragraph" StartNode="1625" EndNode="1944">
</Annotation>
<Annotation Id="12" Type="paragraph" StartNode="1946" EndNode="2388">
</Annotation>
<Annotation Id="13" Type="paragraph" StartNode="2390" EndNode="2559">
</Annotation>
<Annotation Id="14" Type="paragraph" StartNode="2561" EndNode="2820">
</Annotation>
<Annotation Id="15" Type="paragraph" StartNode="2822" EndNode="3137">
</Annotation>
<Annotation Id="17" Type="paragraph" StartNode="3402" EndNode="4076">
</Annotation>
<Annotation Id="16" Type="paragraph" StartNode="3139" EndNode="3400">
</Annotation>
<Annotation Id="19" Type="paragraph" StartNode="4664" EndNode="5286">
</Annotation>
<Annotation Id="18" Type="paragraph" StartNode="4078" EndNode="4662">
</Annotation>
</AnnotationSet>

</GateDocument>
