<?xml version='1.0' encoding='windows-1252'?>
<GateDocument>
<!-- The document's features-->

<GateDocumentFeatures>
<Feature>
  <Name className="java.lang.String">gate.SourceURL</Name>
  <Value className="java.lang.String">file:/E:/Users/conrada/Documents/My%20Dropbox/healthcare_data/training_3/hc087.txt</Value>
</Feature>
<Feature>
  <Name className="java.lang.String">MimeType</Name>
  <Value className="java.lang.String">text/plain</Value>
</Feature>
<Feature>
  <Name className="java.lang.String">docNewLineType</Name>
  <Value className="java.lang.String">CRLF</Value>
</Feature>
</GateDocumentFeatures>
<!-- The document content area with serialized nodes -->

<TextWithNodes><Node id="0" />Affordable Care Act Sets Nation on Right Course for Health Reform, Experts Say<Node id="78" />&#xd;
<Node id="80" />In New Survey, Majority of Health Care Opinion Leaders Favor Implementing Health Reform Law with Little or No Change<Node id="196" />&#xd;
<Node id="198" />&#xd;
<Node id="200" />February 21, 2011&#xd;
<Node id="219" />&#xd;
<Node id="221" />Contact(s):&#xd;
Mary Mahon&#xd;
Public Information Officer&#xd;
TEL 212-606-3853, cell phone 917-225-2314, mm@cmwf.org&#xd;
<Node id="330" />&#xd;
<Node id="332" />Bethanne Fox&#xd;
Senior Associate&#xd;
301-448-7411, bf@cmwf.org&#xd;
<Node id="391" />&#xd;
&#xd;
    <Node id="399" />E-mail&#xd;
    Share&#xd;
    Add To My Library&#xd;
    Print&#xd;
<Node id="452" />&#xd;
<Node id="454" />Downloads&#xd;
<Node id="465" />&#xd;
    <Node id="471" />News Release (26K PDF)&#xd;
<Node id="495" />&#xd;
<Node id="497" />Related&#xd;
<Node id="506" />&#xd;
    <Node id="512" />Data Brief&#xd;
        Health Care Opinion Leaders' Views on Congressional Priorities&#xd;
<Node id="596" />&#xd;
<Node id="598" />NEW YORK, February 21, 2010�&#x20ac;&#x201d;<Node id="628" />More than nine of 10 leaders in health and health care policy believe the Affordable Care Act sets the right course for health reform, according to a new survey<Node id="788" />. And despite wide differences of opinion in Congress, and varied levels of support among the general public, <Node id="898" />nearly seven of 10 (68%) experts favor implementing the law with little or no change<Node id="982" />, according to the latest Commonwealth Fund/Modern Healthcare Health Care Opinion Leaders Survey, which asked respondents their views about priorities for the 112th Congress.&#xd;
<Node id="1158" />&#xd;
<Node id="1160" />Few leaders surveyed expressed clear opposition to the law: only 9 percent believe the health reform law sets the wrong course for the nation; none said that the health system as it stands now requires no major changes<Node id="1378" />.&#xd;
<Node id="1381" />&#xd;
<Node id="1383" />Respondents voiced strong support for moving forward with all the major provisions of the law<Node id="1476" />, note Commonwealth Fund researchers Kristof Stremikis, Stuart Guterman, and Karen Davis, in a new data brief on the survey findings. <Node id="1610" />More than eight of 10 think it is important or very important to implement state-based health insurance exchanges (86%), the requirement that individuals purchase insurance coverage (84%), and the expansion of Medicaid to cover more lower-income individuals (82%)<Node id="1873" />. <Node id="1875" />In addition, delivery system reform provisions including the Center for Medicare and Medicaid Innovation to develop and implement new payment and delivery system approaches (83%), the Patient-Centered Outcomes Research Institute to develop best practices in health care delivery and organization (79%), and the Independent Payment Advisory Board to help reduce the growth of Medicare spending (71%) received support from a large majority of experts<Node id="2323" />.&#xd;
<Node id="2326" />&#xd;
<Node id="2328" />"While health reform very much remains a work in progress, <Node id="2387" />it is heartening to see broad support among health care leaders for the direction laid out in the Affordable Care Act<Node id="2504" />," said brief coauthor and Commonwealth Fund President Karen Davis. "<Node id="2573" />The law's major provisions for expanding coverage, creating new methods of payment, and encouraging integration and innovation are supported by leaders from a range of sectors�&#x20ac;&#x201d;including academia, care delivery, business, and consumers<Node id="2809" />. That sort of consensus is encouraging indeed."&#xd;
<Node id="2859" />&#xd;
<Node id="2861" />Health care leaders were asked about their views on new payment methods to curb costs and promote efficiency. <Node id="2971" />Nine of 10 leaders believe that improving care coordination for patients with chronic conditions will be effective<Node id="3085" />. <Node id="3087" />Other options that received substantial support include permanent increases in Medicare and Medicaid payments to primary care physicians (72%), aligning payment methods and rates across public and private payers (69%), and accelerating the implementation of bundled payment methods (66%)<Node id="3374" />. <Node id="3376" />Few leaders believe allowing consumers to purchase insurance across state lines (38%) or expanding the use of health savings accounts (22%) will be effective in achieving a high performance health care system<Node id="3584" />.&#xd;
<Node id="3587" />&#xd;
<Node id="3589" />Reducing federal health spending can play an important role in helping to shrink the federal budget deficit<Node id="3696" />. The survey asked respondents for their views on several proposed cost-reduction measures included in recent proposals, most notably from the National Commission on Fiscal Responsibility and Reform. <Node id="3896" />Health care leaders surveyed support expanding successful cost-containment pilots included in the Affordable Care Act (81%) and extending Medicaid prescription drug rebates to individuals who are dually eligible for Medicare and Medicaid (61%)<Node id="4139" />. <Node id="4141" />Few leaders support converting Medicaid into a block grant program for states (26%) or converting Medicare into a premium support or voucher program (22%)<Node id="4295" />.&#xd;
<Node id="4298" />&#xd;
<Node id="4300" />The survey is the 24th in a series from The Commonwealth Fund, and the 16th conducted in partnership with the publication Modern Healthcare. Commentaries by David M. Cutler, the Otto Eckstein Professor of Applied Economics at Harvard University, and Gail Wilensky, a senior fellow at Project HOPE, appear in the February 21 issue of Modern Healthcare. The commentaries are also posted on the Fund's Web site, along with a Commission data brief discussing the survey findings.&#xd;
<Node id="4777" />&#xd;
<Node id="4779" />Methodology&#xd;
<Node id="4792" />&#xd;
<Node id="4794" />The Commonwealth Fund/Modern HealthCare Health Care Opinion Leaders Survey was conducted online within the United States by Harris Interactive on behalf of The Commonwealth Fund between January 3, 2011, and February 1, 2011, among 1,311 opinion leaders in health policy and innovators in health care delivery and finance. The final sample included 203 respondents from four sectors: academic/research institutions, health care delivery, business/insurance/other health care industry, and government/labor/consumer advocacy, for a response rate of 15.5 percent. The complete methodology is available on The Commonwealth Fund Web site.&#xd;
<Node id="5429" /></TextWithNodes>
<!-- The default annotation set -->

<AnnotationSet>
<Annotation Id="34" Type="rel" StartNode="3087" EndNode="3374">
<Feature>
  <Name className="java.lang.String">type</Name>
  <Value className="java.lang.String">label</Value>
</Feature>
<Feature>
  <Name className="java.lang.String">ss-label</Name>
  <Value className="java.lang.String">popular_among_healthcare_professionals</Value>
</Feature>
</Annotation>
<Annotation Id="35" Type="rel" StartNode="3376" EndNode="3584">
<Feature>
  <Name className="java.lang.String">type</Name>
  <Value className="java.lang.String">label</Value>
</Feature>
<Feature>
  <Name className="java.lang.String">ss-label</Name>
  <Value className="java.lang.String">popular_among_healthcare_professionals</Value>
</Feature>
</Annotation>
<Annotation Id="32" Type="rel" StartNode="1875" EndNode="2323">
<Feature>
  <Name className="java.lang.String">type</Name>
  <Value className="java.lang.String">label</Value>
</Feature>
<Feature>
  <Name className="java.lang.String">ss-label</Name>
  <Value className="java.lang.String">popular_among_healthcare_professionals</Value>
</Feature>
</Annotation>
<Annotation Id="33" Type="rel" StartNode="4141" EndNode="4295">
<Feature>
  <Name className="java.lang.String">type</Name>
  <Value className="java.lang.String">label</Value>
</Feature>
<Feature>
  <Name className="java.lang.String">ss-label</Name>
  <Value className="java.lang.String">popular_among_healthcare_professionals</Value>
</Feature>
</Annotation>
<Annotation Id="19" Type="arg" StartNode="0" EndNode="78">
<Feature>
  <Name className="java.lang.String">type</Name>
  <Value className="java.lang.String">label</Value>
</Feature>
<Feature>
  <Name className="java.lang.String">ss-label</Name>
  <Value className="java.lang.String">bill_is_step_in_right_direction</Value>
</Feature>
<Feature>
  <Name className="java.lang.String">polarity</Name>
  <Value className="java.lang.String">positive</Value>
</Feature>
</Annotation>
<Annotation Id="18" Type="doc" StartNode="0" EndNode="5429">
<Feature>
  <Name className="java.lang.String">id</Name>
  <Value className="java.lang.String">hc087</Value>
</Feature>
<Feature>
  <Name className="java.lang.String">author</Name>
  <Value className="java.lang.String">mary,mahon</Value>
</Feature>
<Feature>
  <Name className="java.lang.String">source</Name>
  <Value className="java.lang.String">commonwealth,fund</Value>
</Feature>
<Feature>
  <Name className="java.lang.String">date</Name>
  <Value className="java.lang.String">20110221</Value>
</Feature>
<Feature>
  <Name className="java.lang.String">side</Name>
  <Value className="java.lang.String">pro</Value>
</Feature>
<Feature>
  <Name className="java.lang.String">url</Name>
  <Value className="java.lang.String">http://www.commonwealthfund.org/News/News-Releases/2011/Feb/Affordable-Care-Act-Sets-Nation-on-Right-Course.aspx</Value>
</Feature>
</Annotation>
<Annotation Id="21" Type="arg" StartNode="628" EndNode="788">
<Feature>
  <Name className="java.lang.String">type</Name>
  <Value className="java.lang.String">label</Value>
</Feature>
<Feature>
  <Name className="java.lang.String">ss-label</Name>
  <Value className="java.lang.String">popular_among_healthcare_professionals</Value>
</Feature>
<Feature>
  <Name className="java.lang.String">polarity</Name>
  <Value className="java.lang.String">positive</Value>
</Feature>
</Annotation>
<Annotation Id="20" Type="arg" StartNode="80" EndNode="196">
<Feature>
  <Name className="java.lang.String">type</Name>
  <Value className="java.lang.String">label</Value>
</Feature>
<Feature>
  <Name className="java.lang.String">ss-label</Name>
  <Value className="java.lang.String">popular_among_healthcare_professionals</Value>
</Feature>
<Feature>
  <Name className="java.lang.String">polarity</Name>
  <Value className="java.lang.String">positive</Value>
</Feature>
</Annotation>
<Annotation Id="23" Type="arg" StartNode="1383" EndNode="1476">
<Feature>
  <Name className="java.lang.String">type</Name>
  <Value className="java.lang.String">label</Value>
</Feature>
<Feature>
  <Name className="java.lang.String">ss-label</Name>
  <Value className="java.lang.String">popular_among_healthcare_professionals</Value>
</Feature>
<Feature>
  <Name className="java.lang.String">polarity</Name>
  <Value className="java.lang.String">positive</Value>
</Feature>
</Annotation>
<Annotation Id="22" Type="arg" StartNode="898" EndNode="982">
<Feature>
  <Name className="java.lang.String">type</Name>
  <Value className="java.lang.String">label</Value>
</Feature>
<Feature>
  <Name className="java.lang.String">ss-label</Name>
  <Value className="java.lang.String">popular_among_healthcare_professionals</Value>
</Feature>
<Feature>
  <Name className="java.lang.String">polarity</Name>
  <Value className="java.lang.String">positive</Value>
</Feature>
</Annotation>
<Annotation Id="25" Type="rel" StartNode="2573" EndNode="2809">
<Feature>
  <Name className="java.lang.String">type</Name>
  <Value className="java.lang.String">label</Value>
</Feature>
<Feature>
  <Name className="java.lang.String">ss-label</Name>
  <Value className="java.lang.String">popular_among_healthcare_professionals</Value>
</Feature>
<Feature>
  <Name className="java.lang.String">unclear</Name>
  <Value className="java.lang.String">true</Value>
</Feature>
</Annotation>
<Annotation Id="24" Type="arg" StartNode="2387" EndNode="2504">
<Feature>
  <Name className="java.lang.String">ss-label</Name>
  <Value className="java.lang.String">popular_among_healthcare_professionals</Value>
</Feature>
<Feature>
  <Name className="java.lang.String">unclear</Name>
  <Value className="java.lang.String">true</Value>
</Feature>
<Feature>
  <Name className="java.lang.String">type</Name>
  <Value className="java.lang.String">label</Value>
</Feature>
<Feature>
  <Name className="java.lang.String">polarity</Name>
  <Value className="java.lang.String">positive</Value>
</Feature>
</Annotation>
<Annotation Id="27" Type="arg" StartNode="3589" EndNode="3696">
<Feature>
  <Name className="java.lang.String">unclear</Name>
  <Value className="java.lang.String">true</Value>
</Feature>
<Feature>
  <Name className="java.lang.String">ss-label</Name>
  <Value className="java.lang.String">maintains/reduces_govt_deficit</Value>
</Feature>
<Feature>
  <Name className="java.lang.String">type</Name>
  <Value className="java.lang.String">label</Value>
</Feature>
<Feature>
  <Name className="java.lang.String">polarity</Name>
  <Value className="java.lang.String">positive</Value>
</Feature>
</Annotation>
<Annotation Id="26" Type="rel" StartNode="2971" EndNode="3085">
<Feature>
  <Name className="java.lang.String">type</Name>
  <Value className="java.lang.String">label</Value>
</Feature>
<Feature>
  <Name className="java.lang.String">group</Name>
  <Value className="java.lang.String"></Value>
</Feature>
<Feature>
  <Name className="java.lang.String">ss-label</Name>
  <Value className="java.lang.String">popular_among_healthcare_professionals</Value>
</Feature>
</Annotation>
<Annotation Id="29" Type="rel" StartNode="3896" EndNode="4139">
<Feature>
  <Name className="java.lang.String">type</Name>
  <Value className="java.lang.String">label</Value>
</Feature>
<Feature>
  <Name className="java.lang.String">ss-label</Name>
  <Value className="java.lang.String">popular_among_healthcare_professionals</Value>
</Feature>
</Annotation>
<Annotation Id="31" Type="rel" StartNode="1610" EndNode="1873">
<Feature>
  <Name className="java.lang.String">type</Name>
  <Value className="java.lang.String">label</Value>
</Feature>
<Feature>
  <Name className="java.lang.String">ss-label</Name>
  <Value className="java.lang.String">popular_among_healthcare_professionals</Value>
</Feature>
</Annotation>
<Annotation Id="30" Type="arg" StartNode="1160" EndNode="1378">
<Feature>
  <Name className="java.lang.String">type</Name>
  <Value className="java.lang.String">label</Value>
</Feature>
<Feature>
  <Name className="java.lang.String">ss-label</Name>
  <Value className="java.lang.String">popular_among_healthcare_professionals</Value>
</Feature>
<Feature>
  <Name className="java.lang.String">polarity</Name>
  <Value className="java.lang.String">negative</Value>
</Feature>
</Annotation>
</AnnotationSet>

<!-- Named annotation set -->

<AnnotationSet Name="Original markups">
<Annotation Id="0" Type="paragraph" StartNode="0" EndNode="198">
</Annotation>
<Annotation Id="1" Type="paragraph" StartNode="200" EndNode="219">
</Annotation>
<Annotation Id="2" Type="paragraph" StartNode="221" EndNode="330">
</Annotation>
<Annotation Id="3" Type="paragraph" StartNode="332" EndNode="391">
</Annotation>
<Annotation Id="4" Type="paragraph" StartNode="399" EndNode="452">
</Annotation>
<Annotation Id="5" Type="paragraph" StartNode="454" EndNode="465">
</Annotation>
<Annotation Id="6" Type="paragraph" StartNode="471" EndNode="495">
</Annotation>
<Annotation Id="7" Type="paragraph" StartNode="497" EndNode="506">
</Annotation>
<Annotation Id="8" Type="paragraph" StartNode="512" EndNode="596">
</Annotation>
<Annotation Id="9" Type="paragraph" StartNode="598" EndNode="1158">
</Annotation>
<Annotation Id="10" Type="paragraph" StartNode="1160" EndNode="1381">
</Annotation>
<Annotation Id="11" Type="paragraph" StartNode="1383" EndNode="2326">
</Annotation>
<Annotation Id="12" Type="paragraph" StartNode="2328" EndNode="2859">
</Annotation>
<Annotation Id="13" Type="paragraph" StartNode="2861" EndNode="3587">
</Annotation>
<Annotation Id="14" Type="paragraph" StartNode="3589" EndNode="4298">
</Annotation>
<Annotation Id="15" Type="paragraph" StartNode="4300" EndNode="4777">
</Annotation>
<Annotation Id="17" Type="paragraph" StartNode="4794" EndNode="5429">
</Annotation>
<Annotation Id="16" Type="paragraph" StartNode="4779" EndNode="4792">
</Annotation>
</AnnotationSet>

</GateDocument>
