<?xml version='1.0' encoding='windows-1252'?>
<GateDocument>
<!-- The document's features-->

<GateDocumentFeatures>
<Feature>
  <Name className="java.lang.String">MimeType</Name>
  <Value className="java.lang.String">text/plain</Value>
</Feature>
<Feature>
  <Name className="java.lang.String">gate.SourceURL</Name>
  <Value className="java.lang.String">file:/E:/Users/conrada/Documents/My%20Dropbox/healthcare_data/training_3/hc091.txt</Value>
</Feature>
<Feature>
  <Name className="java.lang.String">docNewLineType</Name>
  <Value className="java.lang.String">CRLF</Value>
</Feature>
</GateDocumentFeatures>
<!-- The document content area with serialized nodes -->

<TextWithNodes><Node id="0" />Regan Hofmann&#xd;
Editor-In-Chief, POZ&#xd;
<Node id="37" />&#xd;
<Node id="39" />RSS feed&#xd;
<Node id="49" />&#xd;
<Node id="51" />Why <Node id="55" />People with HIV Will Pay Dearly if the Republicans Repeal the Affordable Care Act<Node id="136" />&#xd;
By Regan Hofmann on January 5, 2011 6:09 PM | 6 Comments&#xd;
Well, they're here. The 112th Congress is in da House. Today, many a new Republican was sworn into the U.S. House of Representatives (along with the rest of the crew) and Congressman John Boehner (R-Ohio) was elected to be the new Speaker.&#xd;
<Node id="437" />&#xd;
<Node id="439" />The Congressional Republicans have claimed that one of their first orders of business will be to attempt to repeal health care reform: namely, The Patient Protection and Affordable Care Act signed into law on March 23 of 2010--a bill that was amended by The Health Care and Education Reconciliation Act on March 30, 2010.&#xd;
<Node id="762" />&#xd;
<Node id="764" />The House Republicans claim that the landmark legislation is a "government take-over of the health industry" and have set Jan. 12 as their target date for a take-down-vote. <Node id="937" />Isn't it depressing that our nation's majority leadership would choose an Obama smackdown over, say, finding Americans jobs, fixing the state of our public education system and solving our economic woes?<Node id="1140" /> <Node id="1141" />By trying to dissolve health care reform in order to undermine President Obama, they are throwing out many babies with the bathwater<Node id="1273" />. And guess who's in the tub? Yep, many of us. <Node id="1320" />Which is why we need to fight this repeal<Node id="1361" />. HARD.&#xd;
<Node id="1370" />&#xd;
<Node id="1372" />There has been massive controversy and confusion around exactly what health care reform will do for our country, its citizens and who will pay for it. But know this: <Node id="1538" />a repeal of The Affordable Care Act will be a travesty for many people in the U.S. living with HIV<Node id="1636" /> (Think: pre-existing conditions, portability, high-risk pools, etc. See below for what it means for you, and your state.)&#xd;
<Node id="1760" />&#xd;
<Node id="1762" />The new Repubs believe if they undo any good Obama has done for the country, they will render him a seemingly ineffectual president as opposed to the effectual one he has proved to be<Node id="1945" /> (despite the crackpot, conservative, far-right media's abjectly false claims to the contrary) In doing so, they hope to prevent his re-election.&#xd;
<Node id="2092" />&#xd;
<Node id="2094" />Not sure exactly what President Obama has done? Get your news exclusively from Fox? Then absolutely check this out: http://whatthefuckhasobamadonesofar.com/ (Apologies in advance for the profanity, but it's a good site nonetheless.)&#xd;
<Node id="2328" />&#xd;
<Node id="2330" />I don't care if you hate Obama or are a Republican. I am absolutely non-partisan when it comes to the things that will deliver the most good to the most numbers of people. I voted for Obama and am a supporter. But if this bill hurt people in our community, I'd be first in line to take it down. But <Node id="2629" />the Republican plan to put the kibosh on health care reform is nothing more than political-territorial-pissing<Node id="2739" />. <Node id="2741" />And we, as Americans living in a democracy, shouldn't let the people we elected to protect and serve us undermine our health care rights in the name of party power<Node id="2904" />. If you think it's a bad bill, or don't understand it, maybe you should look at the facts more carefully. No, it's not perfect. No, I couldn't even pretend to understand its reach, complexities and impact. <Node id="3111" />But I do know enough about the facts of this legislation to know that it will absolutely give more access to care for people living with HIV<Node id="3251" />.&#xd;
<Node id="3254" />&#xd;
<Node id="3256" />While the Repubs are trying to undo health care reform from high atop Capitol Hill, they're getting some help across the nation from the right-wing media. According to Media Matters for America (a web-based not-for-profit 501(c)(3) progressive research and information center dedicated to comprehensively monitoring, analyzing and correcting conservative misinformation in the U.S. media)<Node id="3644" /> outlets like Fox and others are resuscitating claims that recent changes to Medicare and Medicaid reimbursements constitute the creation of "death panels." (Note: The claim was dubbed "Politifact's 2009 'Lie of the Year'<Node id="3865" />.") Politifact, run by the St. Petersburg Times, won a Pulitzer Prize in 2009. So, the journalist in me is inclined to trust them before say, Fox.&#xd;
<Node id="4013" />&#xd;
<Node id="4015" />I have to say, as an American journalist, I find it enormously disturbing that giant media outlets go unchallenged when reporting absolute untruths. I can't solve that problem and I get the circle of giganto bucks that ensures the lack of debunking of these lies on the networks and in the media vehicles that report them. But I can use this media platform to encourage you to open your mind to the truth and to <Node id="4427" />help us fight for a piece of legislation that will keep people from dying of AIDS<Node id="4508" />.&#xd;
<Node id="4511" />&#xd;
<Node id="4513" />Here's what you can do: <Node id="4537" />call your state and federal government officials and educate your friends and family members about the need to protect the Affordable Care Act and ask them to do the same<Node id="4707" />.&#xd;
<Node id="4710" />&#xd;
<Node id="4712" />It's easy. Just follow this advice from our friends at the National Minority AIDS Council:&#xd;
<Node id="4804" />&#xd;
<Node id="4806" />"<Node id="4807" />Take action by contacting your elected officials and urging them to defend the Affordable Care Act of 2010 against attacks and claims that are detrimental to the public health of our nation<Node id="4996" />. To find out who your congressmen and/or congresswomen are, please visit: whoismyrepresentative.com and enter your zipcode. This website contains links to Congressmen's websites, address, and direct phone number. Alternatively, the following main switchboard numbers can transfer you to their office: Senate (two representatives per state): (202) 224-3121; House of Representatives (one representative per local district): (202) 225-3121."&#xd;
To prepare yourself, review the U.S. Department of Health and Human Services' summary of why we need the Affordable Care Act. (Don't forget to click on your state at the bottom to see specifics!)&#xd;
<Node id="5635" />&#xd;
<Node id="5637" />DHHS Summary:&#xd;
<Node id="5652" />As a result of the Affordable Care Act, families will soon be free from the constant worry that they will not be able to get health care when they need it the most<Node id="5815" />. But <Node id="5821" />repealing the law would strip Americans of this new freedom and take us back to the days when big insurance companies had the power to decide what care residents of the United States could receive<Node id="6017" />--allowing them to once again deny coverage to children with pre-existing conditions, cancel coverage when people get sick, and place limits on the amount of care people can get, even if they need it.  <Node id="6219" />What's more, without the law, insurance companies could overcharge for insurance just to boost their profits<Node id="6327" />, or <Node id="6332" />use fine print to deny medical treatments that are covered under people's policies<Node id="6414" />.&#xd;
<Node id="6417" />&#xd;
&#xd;
<Node id="6421" />In addition, <Node id="6434" />repealing the law would add at least a trillion dollars to the deficit<Node id="6504" />, which America cannot afford, nor do we want to pass that debt to our children and grandchildren.&#xd;
<Node id="6604" />&#xd;
<Node id="6606" />At a time when American residents will soon be finally free from worrying that affordable coverage will not be available to them and their families when they need it the most<Node id="6780" />, <Node id="6782" />repealing the Affordable Care Act would be devastating<Node id="6836" />.  <Node id="6839" />American residents, providers, small businesses and other employers would be denied critical new benefits of the law<Node id="6955" />, from <Node id="6962" />protections against insurance industry abuses to new coverage options and millions of dollars in support so the United States can deliver quality, affordable health care options to all of its residents<Node id="7163" />.&#xd;
<Node id="7166" />&#xd;
<Node id="7168" />Without the Affordable Care Act:&#xd;
<Node id="7202" />&#xd;
    <Node id="7208" />Critical Consumer Protections Would Be Lost:&#xd;
        <Node id="7262" />Over 1.2 million young adults would lose their insurance coverage through their parents' health plans, sometimes just after they finish school and as they are looking for a job<Node id="7438" />.  <Node id="7441" />Families across the United States would lose the peace of mind the Affordable Care Act provides by making sure that young adults can stay on their parents plan to age 26 if they do not have coverage of their own<Node id="7652" />.&#xd;
        <Node id="7663" />Over 165 million residents of the United States with private insurance coverage would suddenly find themselves vulnerable again to having lifetime limits placed on how much insurance companies will spend on their health care<Node id="7887" />.&#xd;
        <Node id="7898" />Insurance companies would once again be allowed cut off someone's coverage unexpectedly when they are in an accident or become sick because of a simple mistake on an application<Node id="8075" />.   <Node id="8079" />This would leave 15.9 million people in the United States at risk of losing their insurance at the moment they need it most, as one of the worst abuses of the insurance industry would become legal again<Node id="8281" />.&#xd;
        <Node id="8292" />Over 165 million residents of the United States would not know if they are receiving value for their health insurance premium dollars, as insurers in state would no longer be required to spend at least 80 to 85 percent of premium dollars on health care rather than CEO salaries, bonuses, and corporate profits<Node id="8601" />. &#xd;
        <Node id="8613" />New insurance plans would no longer be required to cover recommended preventive services, like mammograms and flu shots, without cost sharing, nor would they have to guarantee enrollees the right to choose any available primary care provider in the network or see an OB-GYN without a referral<Node id="8905" />.&#xd;
        <Node id="8916" />44.1 million seniors in the United States who have Medicare coverage would be forced to pay a co-pay to receive important preventive services, like mammograms and colonoscopies<Node id="9092" />.&#xd;
        <Node id="9103" />Medicare would no longer pay for an annual check-up visit, so 44.1 million seniors in the United States who have Medicare coverage would have to pay extra if they want to stay healthy by getting check-ups regularly<Node id="9317" />.&#xd;
    <Node id="9324" />Over 2.7 million on Medicare Would See Significantly Higher Prescription Drug Costs: In the United States, over 2.7 million Medicare beneficiaries received a one-time, tax-free $250 rebate to help pay for prescription drugs in the "donut hole" coverage gap in 2010<Node id="9588" />.  <Node id="9591" />Medicare beneficiaries who fall into the "donut hole" in 2011 will be eligible for 50 percent discounts on covered brand name prescription drugs<Node id="9735" />.  <Node id="9738" />Without the law, the burden of high prescription drug costs would hurt millions of Medicare beneficiaries across the country<Node id="9862" />.&#xd;
    <Node id="9869" />States Would Not Receive Additional Resources to Crack Down on Unreasonable Insurance Premium Increases: States would not have new resources to review proposed health insurance premium increases and hold insurance companies accountable for unjustified premiums increases<Node id="10139" />.&#xd;
    <Node id="10146" />States Would Not Receive Additional Funds to Plan for a Health Insurance Exchange: States would not have new resources to build a new, competitive, private health insurance marketplace for consumers that provides lower costs, one-stop insurance shopping, and greater benefits and protections<Node id="10437" />.&#xd;
    <Node id="10444" />States Would Not Receive Funds to Support a Consumer Assistance Program: States would not have new resources to help protect consumers from some of the worst insurance industry practices<Node id="10630" />.&#xd;
    <Node id="10637" />4,748 Employers Would Not Be Receiving Help from the Early Retiree Reinsurance Program: Businesses, schools and other educational institutions, unions, State and local governments, and non-profits would not be receiving much-needed financial relief to help early retirees and their families continue to have quality, affordable health coverage<Node id="10980" />.  Find a list of organizations in your state that would not have been accepted into this program here.&#xd;
<Node id="11085" />&#xd;
<Node id="11087" />To see the impact that repealing the Affordable Care Act would have in your state, click on a link below.&#xd;
<Node id="11194" />&#xd;
    <Node id="11200" />Alabama&#xd;
    Alaska&#xd;
    Arizona&#xd;
    Arkansas&#xd;
    California&#xd;
    Colorado&#xd;
    Connecticut&#xd;
    Delaware&#xd;
    District of Columbia&#xd;
    Florida&#xd;
    Georgia&#xd;
    Hawaii&#xd;
    Idaho&#xd;
    Illinois&#xd;
    Indiana&#xd;
    Iowa&#xd;
    Kansas&#xd;
<Node id="11433" />&#xd;
	&#xd;
&#xd;
    <Node id="11444" />Kentucky&#xd;
    Louisiana&#xd;
    Maine&#xd;
    Maryland&#xd;
    Massachusetts&#xd;
    Michigan&#xd;
    Minnesota&#xd;
    Mississippi&#xd;
    Missouri&#xd;
    Montana&#xd;
    Nebraska&#xd;
    Nevada&#xd;
    New Hampshire&#xd;
    New Jersey&#xd;
    New Mexico&#xd;
    New York&#xd;
    North Carolina&#xd;
<Node id="11697" />&#xd;
	&#xd;
&#xd;
    <Node id="11708" />North Dakota&#xd;
    Ohio&#xd;
    Oklahoma&#xd;
    Oregon&#xd;
    Pennsylvania&#xd;
    Rhode Island&#xd;
    South Carolina&#xd;
    South Dakota&#xd;
    Tennessee&#xd;
    Texas&#xd;
    Utah&#xd;
    Vermont&#xd;
    Virginia&#xd;
    Washington&#xd;
    West Virginia&#xd;
    Wisconsin&#xd;
    Wyoming&#xd;
<Node id="11958" />&#xd;
&#xd;
&#xd;
&#xd;
<Node id="11966" />Regan on:&#xd;
Tags:&#xd;
<Node id="11984" />&#xd;
    <Node id="11990" />Affordable Care Act,&#xd;
    Democrats,&#xd;
    health care reform,&#xd;
    John Boehner,&#xd;
    President Obama,&#xd;
    Republicans,&#xd;
    Speaker Boehner&#xd;
<Node id="12133" />&#xd;
<Node id="12135" /></TextWithNodes>
<!-- The default annotation set -->

<AnnotationSet>
<Annotation Id="25" Type="doc" StartNode="0" EndNode="12135">
<Feature>
  <Name className="java.lang.String">id</Name>
  <Value className="java.lang.String">hc091</Value>
</Feature>
<Feature>
  <Name className="java.lang.String">author</Name>
  <Value className="java.lang.String">regan,hofmann</Value>
</Feature>
<Feature>
  <Name className="java.lang.String">date</Name>
  <Value className="java.lang.String">20110105</Value>
</Feature>
<Feature>
  <Name className="java.lang.String">source</Name>
  <Value className="java.lang.String">poz,blogs</Value>
</Feature>
<Feature>
  <Name className="java.lang.String">side</Name>
  <Value className="java.lang.String">pro</Value>
</Feature>
<Feature>
  <Name className="java.lang.String">url</Name>
  <Value className="java.lang.String">http://blogs.poz.com/regan/2011/01/why_the_hiv_communit.html</Value>
</Feature>
</Annotation>
<Annotation Id="27" Type="arg" StartNode="937" EndNode="1140">
<Feature>
  <Name className="java.lang.String">type</Name>
  <Value className="java.lang.String">label</Value>
</Feature>
<Feature>
  <Name className="java.lang.String">ss-label</Name>
  <Value className="java.lang.String">opposition_demagogues_bill</Value>
</Feature>
<Feature>
  <Name className="java.lang.String">polarity</Name>
  <Value className="java.lang.String">negative</Value>
</Feature>
</Annotation>
<Annotation Id="26" Type="arg" StartNode="55" EndNode="136">
<Feature>
  <Name className="java.lang.String">type</Name>
  <Value className="java.lang.String">label</Value>
</Feature>
<Feature>
  <Name className="java.lang.String">ss-label</Name>
  <Value className="java.lang.String">helps_marginalized_groups</Value>
</Feature>
<Feature>
  <Name className="java.lang.String">polarity</Name>
  <Value className="java.lang.String">negative</Value>
</Feature>
</Annotation>
<Annotation Id="29" Type="arg" StartNode="1141" EndNode="1273">
<Feature>
  <Name className="java.lang.String">type</Name>
  <Value className="java.lang.String">label</Value>
</Feature>
<Feature>
  <Name className="java.lang.String">ss-label</Name>
  <Value className="java.lang.String">bill_should_not_be_defunded</Value>
</Feature>
<Feature>
  <Name className="java.lang.String">polarity</Name>
  <Value className="java.lang.String">negative</Value>
</Feature>
</Annotation>
<Annotation Id="28" Type="arg" StartNode="1320" EndNode="1361">
<Feature>
  <Name className="java.lang.String">type</Name>
  <Value className="java.lang.String">label</Value>
</Feature>
<Feature>
  <Name className="java.lang.String">ss-label</Name>
  <Value className="java.lang.String">bill_should_not_be_defunded</Value>
</Feature>
<Feature>
  <Name className="java.lang.String">polarity</Name>
  <Value className="java.lang.String">positive</Value>
</Feature>
</Annotation>
<Annotation Id="31" Type="arg" StartNode="1762" EndNode="1945">
<Feature>
  <Name className="java.lang.String">type</Name>
  <Value className="java.lang.String">label</Value>
</Feature>
<Feature>
  <Name className="java.lang.String">ss-label</Name>
  <Value className="java.lang.String">opposition_demagogues_bill</Value>
</Feature>
<Feature>
  <Name className="java.lang.String">polarity</Name>
  <Value className="java.lang.String">negative</Value>
</Feature>
</Annotation>
<Annotation Id="30" Type="arg" StartNode="1538" EndNode="1636">
<Feature>
  <Name className="java.lang.String">type</Name>
  <Value className="java.lang.String">label</Value>
</Feature>
<Feature>
  <Name className="java.lang.String">ss-label</Name>
  <Value className="java.lang.String">helps_marginalized_groups</Value>
</Feature>
<Feature>
  <Name className="java.lang.String">polarity</Name>
  <Value className="java.lang.String">negative</Value>
</Feature>
</Annotation>
<Annotation Id="34" Type="arg" StartNode="3111" EndNode="3251">
<Feature>
  <Name className="java.lang.String">type</Name>
  <Value className="java.lang.String">label</Value>
</Feature>
<Feature>
  <Name className="java.lang.String">ss-label</Name>
  <Value className="java.lang.String">helps_marginalized_groups</Value>
</Feature>
<Feature>
  <Name className="java.lang.String">polarity</Name>
  <Value className="java.lang.String">positive</Value>
</Feature>
</Annotation>
<Annotation Id="35" Type="arg" StartNode="3644" EndNode="3865">
<Feature>
  <Name className="java.lang.String">ss-label</Name>
  <Value className="java.lang.String">people_dont_know_truth_about_bill</Value>
</Feature>
<Feature>
  <Name className="java.lang.String">unclear</Name>
  <Value className="java.lang.String">true</Value>
</Feature>
<Feature>
  <Name className="java.lang.String">type</Name>
  <Value className="java.lang.String">label</Value>
</Feature>
<Feature>
  <Name className="java.lang.String">polarity</Name>
  <Value className="java.lang.String">negative</Value>
</Feature>
</Annotation>
<Annotation Id="32" Type="arg" StartNode="2629" EndNode="2739">
<Feature>
  <Name className="java.lang.String">type</Name>
  <Value className="java.lang.String">label</Value>
</Feature>
<Feature>
  <Name className="java.lang.String">ss-label</Name>
  <Value className="java.lang.String">opposition_demagogues_bill</Value>
</Feature>
<Feature>
  <Name className="java.lang.String">polarity</Name>
  <Value className="java.lang.String">negative</Value>
</Feature>
</Annotation>
<Annotation Id="33" Type="arg" StartNode="2741" EndNode="2904">
<Feature>
  <Name className="java.lang.String">type</Name>
  <Value className="java.lang.String">label</Value>
</Feature>
<Feature>
  <Name className="java.lang.String">ss-label</Name>
  <Value className="java.lang.String">opposition_based_on_political_gain</Value>
</Feature>
<Feature>
  <Name className="java.lang.String">polarity</Name>
  <Value className="java.lang.String">negative</Value>
</Feature>
</Annotation>
<Annotation Id="38" Type="arg" StartNode="4807" EndNode="4996">
<Feature>
  <Name className="java.lang.String">type</Name>
  <Value className="java.lang.String">label</Value>
</Feature>
<Feature>
  <Name className="java.lang.String">ss-label</Name>
  <Value className="java.lang.String">bill_should_not_be_defunded</Value>
</Feature>
<Feature>
  <Name className="java.lang.String">polarity</Name>
  <Value className="java.lang.String">positive</Value>
</Feature>
</Annotation>
<Annotation Id="39" Type="arg" StartNode="5652" EndNode="5815">
<Feature>
  <Name className="java.lang.String">type</Name>
  <Value className="java.lang.String">label</Value>
</Feature>
<Feature>
  <Name className="java.lang.String">ss-label</Name>
  <Value className="java.lang.String">improves_healthcare_access</Value>
</Feature>
<Feature>
  <Name className="java.lang.String">polarity</Name>
  <Value className="java.lang.String">negative</Value>
</Feature>
</Annotation>
<Annotation Id="36" Type="arg" StartNode="4427" EndNode="4508">
<Feature>
  <Name className="java.lang.String">type</Name>
  <Value className="java.lang.String">label</Value>
</Feature>
<Feature>
  <Name className="java.lang.String">ss-label</Name>
  <Value className="java.lang.String">helps_marginalized_groups</Value>
</Feature>
<Feature>
  <Name className="java.lang.String">polarity</Name>
  <Value className="java.lang.String">positive</Value>
</Feature>
</Annotation>
<Annotation Id="37" Type="arg" StartNode="4537" EndNode="4707">
<Feature>
  <Name className="java.lang.String">type</Name>
  <Value className="java.lang.String">label</Value>
</Feature>
<Feature>
  <Name className="java.lang.String">ss-label</Name>
  <Value className="java.lang.String">bill_should_not_be_defunded</Value>
</Feature>
<Feature>
  <Name className="java.lang.String">polarity</Name>
  <Value className="java.lang.String">positive</Value>
</Feature>
</Annotation>
<Annotation Id="42" Type="arg" StartNode="6332" EndNode="6414">
<Feature>
  <Name className="java.lang.String">ss-label</Name>
  <Value className="java.lang.String">prevents_insurers_from_dropping_the_sick</Value>
</Feature>
<Feature>
  <Name className="java.lang.String">type</Name>
  <Value className="java.lang.String">label</Value>
</Feature>
<Feature>
  <Name className="java.lang.String">polarity</Name>
  <Value className="java.lang.String">negative</Value>
</Feature>
<Feature>
  <Name className="java.lang.String">incomplete</Name>
  <Value className="java.lang.String">true</Value>
</Feature>
</Annotation>
<Annotation Id="43" Type="arg" StartNode="6434" EndNode="6504">
<Feature>
  <Name className="java.lang.String">type</Name>
  <Value className="java.lang.String">label</Value>
</Feature>
<Feature>
  <Name className="java.lang.String">ss-label</Name>
  <Value className="java.lang.String">maintains/reduces_govt_deficit</Value>
</Feature>
<Feature>
  <Name className="java.lang.String">polarity</Name>
  <Value className="java.lang.String">negative</Value>
</Feature>
</Annotation>
<Annotation Id="40" Type="arg" StartNode="5821" EndNode="6017">
<Feature>
  <Name className="java.lang.String">type</Name>
  <Value className="java.lang.String">label</Value>
</Feature>
<Feature>
  <Name className="java.lang.String">ss-label</Name>
  <Value className="java.lang.String">improves_healthcare_access</Value>
</Feature>
<Feature>
  <Name className="java.lang.String">polarity</Name>
  <Value className="java.lang.String">negative</Value>
</Feature>
</Annotation>
<Annotation Id="41" Type="arg" StartNode="6219" EndNode="6327">
<Feature>
  <Name className="java.lang.String">type</Name>
  <Value className="java.lang.String">label</Value>
</Feature>
<Feature>
  <Name className="java.lang.String">ss-label</Name>
  <Value className="java.lang.String">improves_healthcare_affordability</Value>
</Feature>
<Feature>
  <Name className="java.lang.String">polarity</Name>
  <Value className="java.lang.String">negative</Value>
</Feature>
</Annotation>
<Annotation Id="46" Type="arg" StartNode="6839" EndNode="6955">
<Feature>
  <Name className="java.lang.String">type</Name>
  <Value className="java.lang.String">label</Value>
</Feature>
<Feature>
  <Name className="java.lang.String">ss-label</Name>
  <Value className="java.lang.String">bill_should_not_be_defunded</Value>
</Feature>
<Feature>
  <Name className="java.lang.String">polarity</Name>
  <Value className="java.lang.String">negative</Value>
</Feature>
</Annotation>
<Annotation Id="47" Type="arg" StartNode="6962" EndNode="7163">
<Feature>
  <Name className="java.lang.String">type</Name>
  <Value className="java.lang.String">label</Value>
</Feature>
<Feature>
  <Name className="java.lang.String">ss-label</Name>
  <Value className="java.lang.String">improves_healthcare_access</Value>
</Feature>
<Feature>
  <Name className="java.lang.String">polarity</Name>
  <Value className="java.lang.String">positive</Value>
</Feature>
</Annotation>
<Annotation Id="44" Type="arg" StartNode="6782" EndNode="6836">
<Feature>
  <Name className="java.lang.String">type</Name>
  <Value className="java.lang.String">label</Value>
</Feature>
<Feature>
  <Name className="java.lang.String">ss-label</Name>
  <Value className="java.lang.String">bill_should_not_be_defunded</Value>
</Feature>
<Feature>
  <Name className="java.lang.String">polarity</Name>
  <Value className="java.lang.String">negative</Value>
</Feature>
</Annotation>
<Annotation Id="45" Type="arg" StartNode="6606" EndNode="6780">
<Feature>
  <Name className="java.lang.String">ss-label</Name>
  <Value className="java.lang.String">improves_healthcare_access</Value>
</Feature>
<Feature>
  <Name className="java.lang.String">unclear</Name>
  <Value className="java.lang.String">true</Value>
</Feature>
<Feature>
  <Name className="java.lang.String">type</Name>
  <Value className="java.lang.String">label</Value>
</Feature>
<Feature>
  <Name className="java.lang.String">polarity</Name>
  <Value className="java.lang.String">positive</Value>
</Feature>
</Annotation>
<Annotation Id="51" Type="arg" StartNode="7898" EndNode="8075">
<Feature>
  <Name className="java.lang.String">type</Name>
  <Value className="java.lang.String">label</Value>
</Feature>
<Feature>
  <Name className="java.lang.String">ss-label</Name>
  <Value className="java.lang.String">prevents_insurers_from_dropping_the_sick</Value>
</Feature>
<Feature>
  <Name className="java.lang.String">polarity</Name>
  <Value className="java.lang.String">negative</Value>
</Feature>
</Annotation>
<Annotation Id="50" Type="arg" StartNode="7663" EndNode="7887">
<Feature>
  <Name className="java.lang.String">type</Name>
  <Value className="java.lang.String">label</Value>
</Feature>
<Feature>
  <Name className="java.lang.String">ss-label</Name>
  <Value className="java.lang.String">eliminates_caps_on_coverage</Value>
</Feature>
<Feature>
  <Name className="java.lang.String">polarity</Name>
  <Value className="java.lang.String">negative</Value>
</Feature>
</Annotation>
<Annotation Id="49" Type="arg" StartNode="7441" EndNode="7652">
<Feature>
  <Name className="java.lang.String">type</Name>
  <Value className="java.lang.String">label</Value>
</Feature>
<Feature>
  <Name className="java.lang.String">ss-label</Name>
  <Value className="java.lang.String">children_can_stay_on_parent_plans_longer</Value>
</Feature>
<Feature>
  <Name className="java.lang.String">polarity</Name>
  <Value className="java.lang.String">negative</Value>
</Feature>
</Annotation>
<Annotation Id="48" Type="arg" StartNode="7262" EndNode="7438">
<Feature>
  <Name className="java.lang.String">type</Name>
  <Value className="java.lang.String">label</Value>
</Feature>
<Feature>
  <Name className="java.lang.String">ss-label</Name>
  <Value className="java.lang.String">children_can_stay_on_parent_plans_longer</Value>
</Feature>
<Feature>
  <Name className="java.lang.String">polarity</Name>
  <Value className="java.lang.String">negative</Value>
</Feature>
</Annotation>
<Annotation Id="55" Type="arg" StartNode="8916" EndNode="9092">
<Feature>
  <Name className="java.lang.String">type</Name>
  <Value className="java.lang.String">label</Value>
</Feature>
<Feature>
  <Name className="java.lang.String">ss-label</Name>
  <Value className="java.lang.String">helps_medicare_recipients_pay_for_meds</Value>
</Feature>
<Feature>
  <Name className="java.lang.String">polarity</Name>
  <Value className="java.lang.String">negative</Value>
</Feature>
</Annotation>
<Annotation Id="54" Type="arg" StartNode="8613" EndNode="8905">
<Feature>
  <Name className="java.lang.String">type</Name>
  <Value className="java.lang.String">label</Value>
</Feature>
<Feature>
  <Name className="java.lang.String">ss-label</Name>
  <Value className="java.lang.String">expands/guarantees_access_to_preventative_care</Value>
</Feature>
<Feature>
  <Name className="java.lang.String">polarity</Name>
  <Value className="java.lang.String">negative</Value>
</Feature>
</Annotation>
<Annotation Id="53" Type="arg" StartNode="8292" EndNode="8601">
<Feature>
  <Name className="java.lang.String">type</Name>
  <Value className="java.lang.String">label</Value>
</Feature>
<Feature>
  <Name className="java.lang.String">ss-label</Name>
  <Value className="java.lang.String">improves_efficiency_of_insurers</Value>
</Feature>
<Feature>
  <Name className="java.lang.String">polarity</Name>
  <Value className="java.lang.String">negative</Value>
</Feature>
</Annotation>
<Annotation Id="52" Type="arg" StartNode="8079" EndNode="8281">
<Feature>
  <Name className="java.lang.String">type</Name>
  <Value className="java.lang.String">label</Value>
</Feature>
<Feature>
  <Name className="java.lang.String">ss-label</Name>
  <Value className="java.lang.String">prevents_insurers_from_dropping_the_sick</Value>
</Feature>
<Feature>
  <Name className="java.lang.String">polarity</Name>
  <Value className="java.lang.String">negative</Value>
</Feature>
</Annotation>
<Annotation Id="59" Type="rel" StartNode="9591" EndNode="9735">
<Feature>
  <Name className="java.lang.String">type</Name>
  <Value className="java.lang.String">label</Value>
</Feature>
<Feature>
  <Name className="java.lang.String">ss-label</Name>
  <Value className="java.lang.String">helps_medicare_recipients_pay_for_meds</Value>
</Feature>
<Feature>
  <Name className="java.lang.String">polarity</Name>
  <Value className="java.lang.String">negative</Value>
</Feature>
</Annotation>
<Annotation Id="58" Type="arg" StartNode="9738" EndNode="9862">
<Feature>
  <Name className="java.lang.String">type</Name>
  <Value className="java.lang.String">label</Value>
</Feature>
<Feature>
  <Name className="java.lang.String">ss-label</Name>
  <Value className="java.lang.String">helps_medicare_recipients_pay_for_meds</Value>
</Feature>
<Feature>
  <Name className="java.lang.String">polarity</Name>
  <Value className="java.lang.String">negative</Value>
</Feature>
</Annotation>
<Annotation Id="57" Type="arg" StartNode="9324" EndNode="9588">
<Feature>
  <Name className="java.lang.String">type</Name>
  <Value className="java.lang.String">label</Value>
</Feature>
<Feature>
  <Name className="java.lang.String">ss-label</Name>
  <Value className="java.lang.String">helps_medicare_recipients_pay_for_meds</Value>
</Feature>
<Feature>
  <Name className="java.lang.String">polarity</Name>
  <Value className="java.lang.String">negative</Value>
</Feature>
</Annotation>
<Annotation Id="56" Type="arg" StartNode="9103" EndNode="9317">
<Feature>
  <Name className="java.lang.String">type</Name>
  <Value className="java.lang.String">label</Value>
</Feature>
<Feature>
  <Name className="java.lang.String">ss-label</Name>
  <Value className="java.lang.String">helps_medicare_recipients_pay_for_meds</Value>
</Feature>
<Feature>
  <Name className="java.lang.String">polarity</Name>
  <Value className="java.lang.String">negative</Value>
</Feature>
</Annotation>
<Annotation Id="63" Type="arg" StartNode="10637" EndNode="10980">
<Feature>
  <Name className="java.lang.String">type</Name>
  <Value className="java.lang.String">label</Value>
</Feature>
<Feature>
  <Name className="java.lang.String">ss-label</Name>
  <Value className="java.lang.String">helps_small_business</Value>
</Feature>
<Feature>
  <Name className="java.lang.String">polarity</Name>
  <Value className="java.lang.String">negative</Value>
</Feature>
</Annotation>
<Annotation Id="62" Type="arg" StartNode="10444" EndNode="10630">
<Feature>
  <Name className="java.lang.String">type</Name>
  <Value className="java.lang.String">label</Value>
</Feature>
<Feature>
  <Name className="java.lang.String">ss-label</Name>
  <Value className="java.lang.String">prevents_corporate_exploitation</Value>
</Feature>
<Feature>
  <Name className="java.lang.String">polarity</Name>
  <Value className="java.lang.String">negative</Value>
</Feature>
</Annotation>
<Annotation Id="61" Type="arg" StartNode="10146" EndNode="10437">
<Feature>
  <Name className="java.lang.String">type</Name>
  <Value className="java.lang.String">label</Value>
</Feature>
<Feature>
  <Name className="java.lang.String">ss-label</Name>
  <Value className="java.lang.String">exchanges_support_informed_choice</Value>
</Feature>
<Feature>
  <Name className="java.lang.String">polarity</Name>
  <Value className="java.lang.String">negative</Value>
</Feature>
</Annotation>
<Annotation Id="60" Type="arg" StartNode="9869" EndNode="10139">
<Feature>
  <Name className="java.lang.String">type</Name>
  <Value className="java.lang.String">label</Value>
</Feature>
<Feature>
  <Name className="java.lang.String">ss-label</Name>
  <Value className="java.lang.String">makes_insurers_more_accountable</Value>
</Feature>
<Feature>
  <Name className="java.lang.String">polarity</Name>
  <Value className="java.lang.String">negative</Value>
</Feature>
</Annotation>
</AnnotationSet>

<!-- Named annotation set -->

<AnnotationSet Name="Original markups">
<Annotation Id="0" Type="paragraph" StartNode="0" EndNode="37">
</Annotation>
<Annotation Id="1" Type="paragraph" StartNode="39" EndNode="49">
</Annotation>
<Annotation Id="2" Type="paragraph" StartNode="51" EndNode="437">
</Annotation>
<Annotation Id="3" Type="paragraph" StartNode="439" EndNode="762">
</Annotation>
<Annotation Id="4" Type="paragraph" StartNode="764" EndNode="1370">
</Annotation>
<Annotation Id="5" Type="paragraph" StartNode="1372" EndNode="1760">
</Annotation>
<Annotation Id="6" Type="paragraph" StartNode="1762" EndNode="2092">
</Annotation>
<Annotation Id="7" Type="paragraph" StartNode="2094" EndNode="2328">
</Annotation>
<Annotation Id="8" Type="paragraph" StartNode="2330" EndNode="3254">
</Annotation>
<Annotation Id="9" Type="paragraph" StartNode="3256" EndNode="4013">
</Annotation>
<Annotation Id="10" Type="paragraph" StartNode="4015" EndNode="4511">
</Annotation>
<Annotation Id="11" Type="paragraph" StartNode="4513" EndNode="4710">
</Annotation>
<Annotation Id="12" Type="paragraph" StartNode="4712" EndNode="4804">
</Annotation>
<Annotation Id="13" Type="paragraph" StartNode="4806" EndNode="5635">
</Annotation>
<Annotation Id="14" Type="paragraph" StartNode="5637" EndNode="6417">
</Annotation>
<Annotation Id="15" Type="paragraph" StartNode="6421" EndNode="6604">
</Annotation>
<Annotation Id="17" Type="paragraph" StartNode="7168" EndNode="7202">
</Annotation>
<Annotation Id="16" Type="paragraph" StartNode="6606" EndNode="7166">
</Annotation>
<Annotation Id="19" Type="paragraph" StartNode="11087" EndNode="11194">
</Annotation>
<Annotation Id="18" Type="paragraph" StartNode="7208" EndNode="11085">
</Annotation>
<Annotation Id="21" Type="paragraph" StartNode="11444" EndNode="11697">
</Annotation>
<Annotation Id="20" Type="paragraph" StartNode="11200" EndNode="11433">
</Annotation>
<Annotation Id="23" Type="paragraph" StartNode="11966" EndNode="11984">
</Annotation>
<Annotation Id="22" Type="paragraph" StartNode="11708" EndNode="11958">
</Annotation>
<Annotation Id="24" Type="paragraph" StartNode="11990" EndNode="12133">
</Annotation>
</AnnotationSet>

</GateDocument>
