<?xml version='1.0' encoding='windows-1252'?>
<GateDocument>
<!-- The document's features-->

<GateDocumentFeatures>
<Feature>
  <Name className="java.lang.String">gate.SourceURL</Name>
  <Value className="java.lang.String">file:/E:/Users/conrada/Documents/My%20Dropbox/healthcare_data/training_3/hc092.txt</Value>
</Feature>
<Feature>
  <Name className="java.lang.String">MimeType</Name>
  <Value className="java.lang.String">text/plain</Value>
</Feature>
<Feature>
  <Name className="java.lang.String">docNewLineType</Name>
  <Value className="java.lang.String">CRLF</Value>
</Feature>
</GateDocumentFeatures>
<!-- The document content area with serialized nodes -->

<TextWithNodes><Node id="0" />The White House Blog&#xd;
<Node id="22" />Repealing the Affordable Care Act will Hurt the Economy<Node id="77" />&#xd;
Posted by Stephanie Cutter on January 07, 2011 at 01:36 PM EST&#xd;
<Node id="143" />&#xd;
<Node id="145" />The House Republican Health Care Plan to repeal the Affordable Care Act and take away all the new freedom and control it gives the American people over their health care and give it back to insurance companies<Node id="354" /> <Node id="355" />will not only raise costs for individuals and businesses, but it will hurt our economy<Node id="441" />.  &#xd;
<Node id="446" />&#xd;
<Node id="448" />Since the President signed the Affordable Care Act into law last March, the economy has created over 1 million private sector jobs, including the 113,000 private sector jobs created in December announced today<Node id="657" />.   <Node id="661" />So, at a time when our economy is getting stronger, repealing the law would hamper that important economic progress by increasing costs on individuals and businesses<Node id="826" />, <Node id="828" />weakening the benefits and protections that Americans with private insurance are already enjoying<Node id="925" />, and <Node id="931" />adding more than a trillion dollars to our deficits<Node id="982" />.  &#xd;
<Node id="987" />&#xd;
<Node id="989" />Opponents&#x2019; claim that the law is &#x201c;job-killing&#x201d; is in direct contradiction to what has actually been happening in the economy since enactment<Node id="1129" />.  <Node id="1132" />In fact, repealing the law would likely slow down the growth of our economy<Node id="1207" />.    Here are the facts:&#xd;
<Node id="1233" />&#xd;
    <Node id="1239" />Since the Affordable Care Act was signed into law, the economy has created over 1 million private sector jobs<Node id="1348" />.  <Node id="1351" />The unemployment rate is 9.4%, lower than it was in March 2010&#x2014;9.7%<Node id="1418" />. &#xd;
    <Node id="1426" />In the period during and right after the enactment of the law, the economy grew by 2.7%<Node id="1513" />.&#xd;
    Consumer confidence in a range of areas have improved, including retail and food sales by 4%, and auto sales by 7% since the enactment of the law.&#xd;
    <Node id="1672" />Slowing the growth of health care costs&#x2014;as the Affordable Care Act does&#x2014;will have the likely impact of creating more jobs since businesses will have to spend less on health care for their employees<Node id="1869" />.  This reduction could create more than 300,000 additional jobs. &#xd;
    <Node id="1941" />The law widely expands coverage to Americans<Node id="1985" />, <Node id="1987" />thereby reducing the hidden tax of about $1,000 that families with insurance pay each year in additional premium costs to cover the uncompensated costs of the uninsured<Node id="2155" />. &#xd;
    <Node id="2163" />The law reduces small businesses&#x2019; health care expenses by giving them $40 billion worth of tax credits, and through the creation of new, competitive state-based insurance Exchanges<Node id="2343" />.  <Node id="2346" />Exchanges will enable individuals and small businesses to pool together and use their market strength to buy coverage at a lower cost, the same way large employers do today, giving them the freedom to launch their own companies without worrying whether health care will be available when they need it<Node id="2646" />.&#xd;
    <Node id="2653" />The law will lower the deficit by over $100 billion this decade and by over $1 trillion in the following decade<Node id="2764" />. &#xd;
<Node id="2768" />&#xd;
<Node id="2770" />Repealing the Affordable Care Act would have a devastating impact on our economy<Node id="2850" />.  <Node id="2853" />In addition to hurting some of the economic progress that has been made over the past ten months<Node id="2949" /> <Node id="2950" />the Congressional Budget Office found that repealing the law would add over a quarter of a trillion dollars--$230 billion&#x2014;to the deficit in the first decade, and more than a trillion dollars in the second decade<Node id="3161" />; <Node id="3163" />increase the number of uninsured by 32 million Americans<Node id="3219" />; <Node id="3221" />increase premiums for large employers<Node id="3258" />; and <Node id="3264" />will force consumers who buy coverage on the individual market to pay more out of pocket for fewer benefits<Node id="3371" />.&#xd;
<Node id="3374" />&#xd;
<Node id="3376" />In addition, Harvard Economist David Cutler found in a report released today by the Center for American Progress that repealing the law would significantly increase costs and reduce job growth<Node id="3568" />.  <Node id="3571" />It will &#x201c;&#x2026;revert us back to the old system for financing and delivering health care and lead to substantial increases in total medical spending&#x201d;<Node id="3715" /> by:&#xd;
<Node id="3721" />&#xd;
    <Node id="3727" />Adding up to $2,000 annually to family premiums<Node id="3774" /> and <Node id="3779" />increasing overall medical spending $125 billion by the end of this decade<Node id="3853" />. &#xd;
    <Node id="3861" />Preventing 250,000 to 400,000 jobs from being created annually over the next decade<Node id="3944" />.&#xd;
    <Node id="3951" />Suppressing entrepreneurship among workers who may have started new businesses, or sought new opportunities in the economy since they will no longer be free from worrying whether affordable coverage would be available to them in the new Exchanges, when they need it the most<Node id="4225" />.&#xd;
<Node id="4228" />&#xd;
<Node id="4230" />Again, these facts speak for themselves.  <Node id="4272" />Repealing the Affordable Care Act would hurt families, businesses, and our economy<Node id="4354" />.  &#xd;
<Node id="4359" />&#xd;
    <Node id="4365" />View a blog post about how many jobs our economy has created.&#xd;
    View the full Center for American Progress report on the economic consequences of repealing the law.&#xd;
<Node id="4534" />&#xd;
<Node id="4536" />Stephanie Cutter is Assistant to the President for Special Projects.<Node id="4604" /></TextWithNodes>
<!-- The default annotation set -->

<AnnotationSet>
<Annotation Id="11" Type="doc" StartNode="0" EndNode="4604">
<Feature>
  <Name className="java.lang.String">id</Name>
  <Value className="java.lang.String">hc092</Value>
</Feature>
<Feature>
  <Name className="java.lang.String">author</Name>
  <Value className="java.lang.String">stephanie,cutter</Value>
</Feature>
<Feature>
  <Name className="java.lang.String">date</Name>
  <Value className="java.lang.String">20110107</Value>
</Feature>
<Feature>
  <Name className="java.lang.String">source</Name>
  <Value className="java.lang.String">white,house,blog</Value>
</Feature>
<Feature>
  <Name className="java.lang.String">side</Name>
  <Value className="java.lang.String">pro</Value>
</Feature>
<Feature>
  <Name className="java.lang.String">url</Name>
  <Value className="java.lang.String">http://www.whitehouse.gov/blog/2011/01/07/repealing-affordable-care-act-will-hurt-economy</Value>
</Feature>
</Annotation>
<Annotation Id="12" Type="arg" StartNode="22" EndNode="77">
<Feature>
  <Name className="java.lang.String">type</Name>
  <Value className="java.lang.String">label</Value>
</Feature>
<Feature>
  <Name className="java.lang.String">ss-label</Name>
  <Value className="java.lang.String">helps_economy</Value>
</Feature>
<Feature>
  <Name className="java.lang.String">polarity</Name>
  <Value className="java.lang.String">negative</Value>
</Feature>
</Annotation>
<Annotation Id="13" Type="arg" StartNode="145" EndNode="354">
<Feature>
  <Name className="java.lang.String">type</Name>
  <Value className="java.lang.String">label</Value>
</Feature>
<Feature>
  <Name className="java.lang.String">ss-label</Name>
  <Value className="java.lang.String">makes_care_more_direct</Value>
</Feature>
<Feature>
  <Name className="java.lang.String">polarity</Name>
  <Value className="java.lang.String">negative</Value>
</Feature>
</Annotation>
<Annotation Id="14" Type="arg" StartNode="355" EndNode="441">
<Feature>
  <Name className="java.lang.String">type</Name>
  <Value className="java.lang.String">label</Value>
</Feature>
<Feature>
  <Name className="java.lang.String">ss-label</Name>
  <Value className="java.lang.String">helps_economy</Value>
</Feature>
<Feature>
  <Name className="java.lang.String">polarity</Name>
  <Value className="java.lang.String">negative</Value>
</Feature>
</Annotation>
<Annotation Id="15" Type="arg" StartNode="448" EndNode="657">
<Feature>
  <Name className="java.lang.String">type</Name>
  <Value className="java.lang.String">label</Value>
</Feature>
<Feature>
  <Name className="java.lang.String">ss-label</Name>
  <Value className="java.lang.String">promotes_jobs</Value>
</Feature>
<Feature>
  <Name className="java.lang.String">polarity</Name>
  <Value className="java.lang.String">positive</Value>
</Feature>
</Annotation>
<Annotation Id="17" Type="arg" StartNode="828" EndNode="925">
<Feature>
  <Name className="java.lang.String">ss-label</Name>
  <Value className="java.lang.String">improves_healthcare_access</Value>
</Feature>
<Feature>
  <Name className="java.lang.String">unclear</Name>
  <Value className="java.lang.String">true</Value>
</Feature>
<Feature>
  <Name className="java.lang.String">type</Name>
  <Value className="java.lang.String">label</Value>
</Feature>
<Feature>
  <Name className="java.lang.String">polarity</Name>
  <Value className="java.lang.String">negative</Value>
</Feature>
<Feature>
  <Name className="java.lang.String">incomplete</Name>
  <Value className="java.lang.String">true</Value>
</Feature>
</Annotation>
<Annotation Id="16" Type="arg" StartNode="661" EndNode="826">
<Feature>
  <Name className="java.lang.String">type</Name>
  <Value className="java.lang.String">label</Value>
</Feature>
<Feature>
  <Name className="java.lang.String">ss-label</Name>
  <Value className="java.lang.String">promotes_jobs</Value>
</Feature>
<Feature>
  <Name className="java.lang.String">polarity</Name>
  <Value className="java.lang.String">negative</Value>
</Feature>
</Annotation>
<Annotation Id="19" Type="arg" StartNode="989" EndNode="1129">
<Feature>
  <Name className="java.lang.String">type</Name>
  <Value className="java.lang.String">label</Value>
</Feature>
<Feature>
  <Name className="java.lang.String">ss-label</Name>
  <Value className="java.lang.String">opposition_demagogues_bill</Value>
</Feature>
<Feature>
  <Name className="java.lang.String">polarity</Name>
  <Value className="java.lang.String">negative</Value>
</Feature>
</Annotation>
<Annotation Id="18" Type="arg" StartNode="931" EndNode="982">
<Feature>
  <Name className="java.lang.String">prospect</Name>
  <Value className="java.lang.String"></Value>
</Feature>
<Feature>
  <Name className="java.lang.String">unclear</Name>
  <Value className="java.lang.String">true</Value>
</Feature>
<Feature>
  <Name className="java.lang.String">ss-label</Name>
  <Value className="java.lang.String">maintains/reduces_govt_deficit</Value>
</Feature>
<Feature>
  <Name className="java.lang.String">type</Name>
  <Value className="java.lang.String">label</Value>
</Feature>
<Feature>
  <Name className="java.lang.String">polarity</Name>
  <Value className="java.lang.String">negative</Value>
</Feature>
<Feature>
  <Name className="java.lang.String">incomplete</Name>
  <Value className="java.lang.String">true</Value>
</Feature>
</Annotation>
<Annotation Id="21" Type="arg" StartNode="1239" EndNode="1348">
<Feature>
  <Name className="java.lang.String">type</Name>
  <Value className="java.lang.String">label</Value>
</Feature>
<Feature>
  <Name className="java.lang.String">ss-label</Name>
  <Value className="java.lang.String">helps_economy</Value>
</Feature>
<Feature>
  <Name className="java.lang.String">polarity</Name>
  <Value className="java.lang.String">positive</Value>
</Feature>
</Annotation>
<Annotation Id="20" Type="arg" StartNode="1132" EndNode="1207">
<Feature>
  <Name className="java.lang.String">type</Name>
  <Value className="java.lang.String">label</Value>
</Feature>
<Feature>
  <Name className="java.lang.String">ss-label</Name>
  <Value className="java.lang.String">helps_economy</Value>
</Feature>
<Feature>
  <Name className="java.lang.String">polarity</Name>
  <Value className="java.lang.String">negative</Value>
</Feature>
</Annotation>
<Annotation Id="23" Type="rel" StartNode="1426" EndNode="1513">
<Feature>
  <Name className="java.lang.String">type</Name>
  <Value className="java.lang.String">label</Value>
</Feature>
<Feature>
  <Name className="java.lang.String">ss-label</Name>
  <Value className="java.lang.String">helps_economy</Value>
</Feature>
</Annotation>
<Annotation Id="22" Type="rel" StartNode="1351" EndNode="1418">
<Feature>
  <Name className="java.lang.String">type</Name>
  <Value className="java.lang.String">label</Value>
</Feature>
<Feature>
  <Name className="java.lang.String">ss-label</Name>
  <Value className="java.lang.String">helps_economy</Value>
</Feature>
</Annotation>
<Annotation Id="25" Type="arg" StartNode="1941" EndNode="1985">
<Feature>
  <Name className="java.lang.String">type</Name>
  <Value className="java.lang.String">label</Value>
</Feature>
<Feature>
  <Name className="java.lang.String">ss-label</Name>
  <Value className="java.lang.String">improves_healthcare_access</Value>
</Feature>
<Feature>
  <Name className="java.lang.String">polarity</Name>
  <Value className="java.lang.String">positive</Value>
</Feature>
</Annotation>
<Annotation Id="24" Type="arg" StartNode="1672" EndNode="1869">
<Feature>
  <Name className="java.lang.String">type</Name>
  <Value className="java.lang.String">label</Value>
</Feature>
<Feature>
  <Name className="java.lang.String">ss-label</Name>
  <Value className="java.lang.String">promotes_jobs</Value>
</Feature>
<Feature>
  <Name className="java.lang.String">polarity</Name>
  <Value className="java.lang.String">positive</Value>
</Feature>
</Annotation>
<Annotation Id="27" Type="arg" StartNode="2163" EndNode="2343">
<Feature>
  <Name className="java.lang.String">type</Name>
  <Value className="java.lang.String">label</Value>
</Feature>
<Feature>
  <Name className="java.lang.String">ss-label</Name>
  <Value className="java.lang.String">helps_small_business</Value>
</Feature>
<Feature>
  <Name className="java.lang.String">polarity</Name>
  <Value className="java.lang.String">positive</Value>
</Feature>
</Annotation>
<Annotation Id="26" Type="arg" StartNode="1987" EndNode="2155">
<Feature>
  <Name className="java.lang.String">type</Name>
  <Value className="java.lang.String">label</Value>
</Feature>
<Feature>
  <Name className="java.lang.String">ss-label</Name>
  <Value className="java.lang.String">uninsured_are_burden_on_taxpayers</Value>
</Feature>
<Feature>
  <Name className="java.lang.String">polarity</Name>
  <Value className="java.lang.String">negative</Value>
</Feature>
</Annotation>
<Annotation Id="29" Type="arg" StartNode="2653" EndNode="2764">
<Feature>
  <Name className="java.lang.String">type</Name>
  <Value className="java.lang.String">label</Value>
</Feature>
<Feature>
  <Name className="java.lang.String">ss-label</Name>
  <Value className="java.lang.String">maintains/reduces_govt_deficit</Value>
</Feature>
<Feature>
  <Name className="java.lang.String">polarity</Name>
  <Value className="java.lang.String">positive</Value>
</Feature>
</Annotation>
<Annotation Id="28" Type="arg" StartNode="2346" EndNode="2646">
<Feature>
  <Name className="java.lang.String">type</Name>
  <Value className="java.lang.String">label</Value>
</Feature>
<Feature>
  <Name className="java.lang.String">ss-label</Name>
  <Value className="java.lang.String">exchanges_support_informed_choice</Value>
</Feature>
<Feature>
  <Name className="java.lang.String">polarity</Name>
  <Value className="java.lang.String">positive</Value>
</Feature>
</Annotation>
<Annotation Id="31" Type="arg" StartNode="2853" EndNode="2949">
<Feature>
  <Name className="java.lang.String">type</Name>
  <Value className="java.lang.String">label</Value>
</Feature>
<Feature>
  <Name className="java.lang.String">ss-label</Name>
  <Value className="java.lang.String">helps_economy</Value>
</Feature>
<Feature>
  <Name className="java.lang.String">polarity</Name>
  <Value className="java.lang.String">negative</Value>
</Feature>
</Annotation>
<Annotation Id="30" Type="arg" StartNode="2770" EndNode="2850">
<Feature>
  <Name className="java.lang.String">type</Name>
  <Value className="java.lang.String">label</Value>
</Feature>
<Feature>
  <Name className="java.lang.String">ss-label</Name>
  <Value className="java.lang.String">helps_economy</Value>
</Feature>
<Feature>
  <Name className="java.lang.String">polarity</Name>
  <Value className="java.lang.String">negative</Value>
</Feature>
</Annotation>
<Annotation Id="34" Type="arg" StartNode="3221" EndNode="3258">
<Feature>
  <Name className="java.lang.String">ss-label</Name>
  <Value className="java.lang.String">helps_economy</Value>
</Feature>
<Feature>
  <Name className="java.lang.String">unclear</Name>
  <Value className="java.lang.String">true</Value>
</Feature>
<Feature>
  <Name className="java.lang.String">type</Name>
  <Value className="java.lang.String">label</Value>
</Feature>
<Feature>
  <Name className="java.lang.String">polarity</Name>
  <Value className="java.lang.String">negative</Value>
</Feature>
<Feature>
  <Name className="java.lang.String">incomplete</Name>
  <Value className="java.lang.String">true</Value>
</Feature>
</Annotation>
<Annotation Id="35" Type="arg" StartNode="3264" EndNode="3371">
<Feature>
  <Name className="java.lang.String">ss-label</Name>
  <Value className="java.lang.String">improves_healthcare_affordability</Value>
</Feature>
<Feature>
  <Name className="java.lang.String">type</Name>
  <Value className="java.lang.String">label</Value>
</Feature>
<Feature>
  <Name className="java.lang.String">polarity</Name>
  <Value className="java.lang.String">negative</Value>
</Feature>
<Feature>
  <Name className="java.lang.String">incomplete</Name>
  <Value className="java.lang.String">true</Value>
</Feature>
</Annotation>
<Annotation Id="32" Type="arg" StartNode="2950" EndNode="3161">
<Feature>
  <Name className="java.lang.String">type</Name>
  <Value className="java.lang.String">label</Value>
</Feature>
<Feature>
  <Name className="java.lang.String">ss-label</Name>
  <Value className="java.lang.String">maintains/reduces_govt_deficit</Value>
</Feature>
<Feature>
  <Name className="java.lang.String">polarity</Name>
  <Value className="java.lang.String">negative</Value>
</Feature>
</Annotation>
<Annotation Id="33" Type="arg" StartNode="3163" EndNode="3219">
<Feature>
  <Name className="java.lang.String">ss-label</Name>
  <Value className="java.lang.String">many_currently_without_insurance</Value>
</Feature>
<Feature>
  <Name className="java.lang.String">type</Name>
  <Value className="java.lang.String">label</Value>
</Feature>
<Feature>
  <Name className="java.lang.String">polarity</Name>
  <Value className="java.lang.String">negative</Value>
</Feature>
<Feature>
  <Name className="java.lang.String">incomplete</Name>
  <Value className="java.lang.String">true</Value>
</Feature>
</Annotation>
<Annotation Id="38" Type="arg" StartNode="3727" EndNode="3774">
<Feature>
  <Name className="java.lang.String">ss-label</Name>
  <Value className="java.lang.String">improves_healthcare_affordability</Value>
</Feature>
<Feature>
  <Name className="java.lang.String">unclear</Name>
  <Value className="java.lang.String">true</Value>
</Feature>
<Feature>
  <Name className="java.lang.String">type</Name>
  <Value className="java.lang.String">label</Value>
</Feature>
<Feature>
  <Name className="java.lang.String">polarity</Name>
  <Value className="java.lang.String">negative</Value>
</Feature>
<Feature>
  <Name className="java.lang.String">incomplete</Name>
  <Value className="java.lang.String">true</Value>
</Feature>
</Annotation>
<Annotation Id="39" Type="arg" StartNode="3779" EndNode="3853">
<Feature>
  <Name className="java.lang.String">unclear</Name>
  <Value className="java.lang.String">true</Value>
</Feature>
<Feature>
  <Name className="java.lang.String">ss-label</Name>
  <Value className="java.lang.String">controls_healthcare_costs</Value>
</Feature>
<Feature>
  <Name className="java.lang.String">type</Name>
  <Value className="java.lang.String">label</Value>
</Feature>
<Feature>
  <Name className="java.lang.String">polarity</Name>
  <Value className="java.lang.String">negative</Value>
</Feature>
<Feature>
  <Name className="java.lang.String">incomplete</Name>
  <Value className="java.lang.String">true</Value>
</Feature>
</Annotation>
<Annotation Id="36" Type="arg" StartNode="3376" EndNode="3568">
<Feature>
  <Name className="java.lang.String">type</Name>
  <Value className="java.lang.String">label</Value>
</Feature>
<Feature>
  <Name className="java.lang.String">ss-label</Name>
  <Value className="java.lang.String">helps_economy</Value>
</Feature>
<Feature>
  <Name className="java.lang.String">polarity</Name>
  <Value className="java.lang.String">negative</Value>
</Feature>
</Annotation>
<Annotation Id="37" Type="rel" StartNode="3571" EndNode="3715">
<Feature>
  <Name className="java.lang.String">type</Name>
  <Value className="java.lang.String">label</Value>
</Feature>
<Feature>
  <Name className="java.lang.String">ss-label</Name>
  <Value className="java.lang.String">helps_economy</Value>
</Feature>
</Annotation>
<Annotation Id="42" Type="arg" StartNode="4272" EndNode="4354">
<Feature>
  <Name className="java.lang.String">type</Name>
  <Value className="java.lang.String">label</Value>
</Feature>
<Feature>
  <Name className="java.lang.String">ss-label</Name>
  <Value className="java.lang.String">bill_should_not_be_defunded</Value>
</Feature>
<Feature>
  <Name className="java.lang.String">polarity</Name>
  <Value className="java.lang.String">negative</Value>
</Feature>
</Annotation>
<Annotation Id="40" Type="arg" StartNode="3861" EndNode="3944">
<Feature>
  <Name className="java.lang.String">unclear</Name>
  <Value className="java.lang.String">true</Value>
</Feature>
<Feature>
  <Name className="java.lang.String">ss-label</Name>
  <Value className="java.lang.String">promotes_jobs</Value>
</Feature>
<Feature>
  <Name className="java.lang.String">type</Name>
  <Value className="java.lang.String">label</Value>
</Feature>
<Feature>
  <Name className="java.lang.String">polarity</Name>
  <Value className="java.lang.String">negative</Value>
</Feature>
<Feature>
  <Name className="java.lang.String">incomplete</Name>
  <Value className="java.lang.String">true</Value>
</Feature>
</Annotation>
<Annotation Id="41" Type="arg" StartNode="3951" EndNode="4225">
<Feature>
  <Name className="java.lang.String">type</Name>
  <Value className="java.lang.String">label</Value>
</Feature>
<Feature>
  <Name className="java.lang.String">ss-label</Name>
  <Value className="java.lang.String">makes_insurance_independent_of_job</Value>
</Feature>
<Feature>
  <Name className="java.lang.String">polarity</Name>
  <Value className="java.lang.String">negative</Value>
</Feature>
</Annotation>
</AnnotationSet>

<!-- Named annotation set -->

<AnnotationSet Name="Original markups">
<Annotation Id="0" Type="paragraph" StartNode="0" EndNode="143">
</Annotation>
<Annotation Id="1" Type="paragraph" StartNode="145" EndNode="446">
</Annotation>
<Annotation Id="2" Type="paragraph" StartNode="448" EndNode="987">
</Annotation>
<Annotation Id="3" Type="paragraph" StartNode="989" EndNode="1233">
</Annotation>
<Annotation Id="4" Type="paragraph" StartNode="1239" EndNode="2768">
</Annotation>
<Annotation Id="5" Type="paragraph" StartNode="2770" EndNode="3374">
</Annotation>
<Annotation Id="6" Type="paragraph" StartNode="3376" EndNode="3721">
</Annotation>
<Annotation Id="7" Type="paragraph" StartNode="3727" EndNode="4228">
</Annotation>
<Annotation Id="8" Type="paragraph" StartNode="4230" EndNode="4359">
</Annotation>
<Annotation Id="9" Type="paragraph" StartNode="4365" EndNode="4534">
</Annotation>
<Annotation Id="10" Type="paragraph" StartNode="4536" EndNode="4604">
</Annotation>
</AnnotationSet>

</GateDocument>
