<?xml version='1.0' encoding='windows-1252'?>
<GateDocument>
<!-- The document's features-->

<GateDocumentFeatures>
<Feature>
  <Name className="java.lang.String">gate.SourceURL</Name>
  <Value className="java.lang.String">file:/E:/Users/conrada/Documents/My%20Dropbox/healthcare_data/training_3/hc093.txt</Value>
</Feature>
<Feature>
  <Name className="java.lang.String">MimeType</Name>
  <Value className="java.lang.String">text/plain</Value>
</Feature>
<Feature>
  <Name className="java.lang.String">docNewLineType</Name>
  <Value className="java.lang.String">CRLF</Value>
</Feature>
</GateDocumentFeatures>
<!-- The document content area with serialized nodes -->

<TextWithNodes><Node id="0" />Impact of Repealing the Health Care Reform Law In the 2nd Congressional District of Missouri&#xd;
<Node id="94" />&#xd;
<Node id="96" />Subject: Impact of Repealing the Health Care Reform Law In the 2nd Congressional District of Missouri&#xd;
<Node id="199" />&#xd;
<Node id="201" />January 2011&#xd;
Impact of Repealing the Health Care Reform Law&#xd;
In the 2nd Congressional District of Missouri &#xd;
Committee on Energy and Commerce&#xd;
Minority Staff&#xd;
In March 2010, Congress passed and President Obama signed into law historic health care reform&#xd;
legislation, the Affordable Care Act.  <Node id="496" />Millions of Americans are already benefitting from this law<Node id="555" />: &#xd;
<Node id="559" />insurers are no longer allowed to discriminate against children and others who are sick<Node id="646" />; <Node id="648" />small businesses&#xd;
are receiving billions of dollars in tax credits to provide health care coverage for their employees<Node id="766" />; and&#xd;
<Node id="773" />seniors are saving money on prescription drugs and receiving free preventive care through Medicare<Node id="871" />.  &#xd;
House Republicans will soon vote to repeal these important new benefits, <Node id="949" />increasing health care costs for&#xd;
millions of Americans<Node id="1004" />, <Node id="1006" />causing many families to lose coverage<Node id="1044" />, and <Node id="1050" />increasing the national debt by over&#xd;
$1 trillion<Node id="1099" />.  This analysis describes the impact of repeal of the Affordable Care Act in the 2nd&#xd;
Congressional District of Missouri, which is represented by Rep. W. Todd Akin.  It finds that repeal of&#xd;
the health reform law would have significant consequences in the district by: &#xd;
<Node id="1371" />&#xd;
<Node id="1373" />? <Node id="1375" />Allowing insurance companies to deny coverage to 122,000 to 310,000 individuals, including&#xd;
9,000 to 41,000 children, with pre-existing conditions<Node id="1521" />.&#xd;
? <Node id="1526" />Rescinding consumer protections for 534,000 individuals who have health insurance through their&#xd;
employer or the market for private insurance<Node id="1667" />.&#xd;
? <Node id="1672" />Eliminating health care tax credits for up to 15,200 small businesses and 115,000 families<Node id="1762" />.&#xd;
? <Node id="1767" />Increasing prescription drug costs for 12,500 seniors who hit the Part D drug &#x201c;donut hole&#x201d; and&#xd;
denying new preventive care benefits to 102,000 seniors<Node id="1918" />. &#xd;
? <Node id="1924" />Increasing the costs of early retiree coverage for up to 9,800 early retirees<Node id="2001" />.&#xd;
? <Node id="2006" />Eliminating new health care coverage options for 2,100 uninsured young adults<Node id="2083" />.&#xd;
? <Node id="2088" />Increasing the costs to hospitals of providing uncompensated care by $49 million annually<Node id="2177" />.&#xd;
<Node id="2180" />Repeal of Protections Against Insurance Company Abuses&#xd;<Node id="2235" />
<Node id="2236" />Repeal would eliminate the ban on discrimination on the basis of pre-existing conditions<Node id="2324" />.  <Node id="2327" />Under the&#xd;
health reform law, insurance companies can no longer deny coverage to children with pre-existing&#xd;
conditions and will be banned from discriminating against adults with pre-existing conditions in 2014<Node id="2537" />. &#xd;
<Node id="2541" />There are 122,000 to 310,000 residents in Rep. Akin&#x2019;s district with pre-existing conditions like diabetes,&#xd;
heart disease, or cancer, including 9,000 to 41,000 children<Node id="2709" />.  <Node id="2712" />Repeal would allow insurance companies to&#xd;
refuse to insure these individuals if they seek coverage in the individual or small-group markets<Node id="2852" />.  The&#xd;
consequences would be particularly acute for the 10,000 to 25,000 individuals in the district who&#xd;
currently lack insurance coverage and who would be unable to purchase individual policies if the law is&#xd;
repealed. &#xd;
<Node id="3076" />Repeal would eliminate the ban on annual and lifetime limits<Node id="3136" />.  <Node id="3139" />The health reform law prohibits&#xd;
insurance companies from imposing annual and lifetime limits on health insurance coverage<Node id="3261" />.  <Node id="3264" />This&#xd;
provision protects the rights of everyone who receives coverage from their employer or through the&#xd;
market for private insurance<Node id="3398" />.  <Node id="3401" />If this protection is repealed, insurers would be able to impose coverage&#xd;
limits on 534,000 individuals in the district with employer or private coverage<Node id="3555" />.    <Node id="3560" />Repeal would eliminate the ban on rescissions<Node id="3605" />.  <Node id="3608" />The health reform law prohibits insurers from&#xd;
rescinding coverage for individuals who become ill<Node id="3705" />.  <Node id="3708" />Repeal would allow insurance companies to resume&#xd;
the practice of rescinding coverage for the 47,000 district residents who purchase individual health&#xd;
insurance<Node id="3869" />.&#xd;
<Node id="3872" />Repeal would eliminate other consumer protections<Node id="3921" />.  <Node id="3924" />The health reform law protects individuals from&#xd;
soaring insurance costs by requiring reviews of proposed rate increases and limiting the amount insurance&#xd;
companies can spend on administrative expenses, profits, and other overhead<Node id="4155" />.  <Node id="4158" />Repeal would deny these&#xd;
new protections to tens of thousands of district residents who either buy their own insurance or receive&#xd;
coverage through employers who do not self-insure<Node id="4338" />. &#xd;
Repeal of Benefits for Individuals and Families&#xd;
<Node id="4391" />Repeal would eliminate the requirement that insurance companies provide free preventive care<Node id="4483" />. &#xd;
<Node id="4487" />The health reform law promotes wellness by requiring insurance companies to offer free preventive care&#xd;
as part of any new or revised policies they issue after September 23, 2010<Node id="4665" />.  <Node id="4668" />Repeal would allow insurance&#xd;
companies to charge for these essential benefits, which would increase out-of-pocket costs for 112,000&#xd;
district residents<Node id="4820" />.  &#xd;
<Node id="4825" />Repeal would eliminate health insurance options for young adults<Node id="4889" />.  <Node id="4892" />The health reform law allows&#xd;
young adults to remain on their parents&#x2019; insurance policies up to age 26<Node id="4994" />.  In Rep. Akin&#x2019;s district, 2,100&#xd;
young adults have or are expected to take advantage of this benefit. <Node id="5098" /> Repeal would force these young&#xd;
adults to find other coverage or return to the ranks of the uninsured<Node id="5200" />.&#xd;
<Node id="5203" />Repeal would eliminate tax credits for buying health insurance<Node id="5265" />.  Starting in 2014, <Node id="5286" />the health reform&#xd;
law gives middle class families the largest tax cut for health care in history<Node id="5383" />, <Node id="5385" />providing tax credits to buy&#xd;
coverage for families with incomes up to $88,000 for a family of four<Node id="5484" />.  <Node id="5487" />Repeal would deny these credits to&#xd;
115,000 families in the district<Node id="5555" />.       &#xd;
Repeal of Benefits for Seniors&#xd;
<Node id="5597" />Repeal would increase drug costs for seniors<Node id="5641" />.  <Node id="5644" />Beginning in 2011, the health reform law provides a&#xd;
50% discount for prescription drugs for Medicare beneficiaries who enter the Medicare Part D &#x201c;donut&#xd;
hole&#x201d; and lose coverage for their drug expenses<Node id="5845" />.  <Node id="5848" />The law then increases the discount to Medicare&#xd;
beneficiaries each year until 2020, when the donut hole is finally eliminated<Node id="5974" />.  There are 12,500 Medicare&#xd;
beneficiaries in Rep. Akin&#x2019;s district who are expected to benefit from these provisions.  <Node id="6094" />Repeal would&#xd;
increase the average cost of prescription drugs for these Medicare beneficiaries by over $500 in 2011 and&#xd;
by over $3,000 in 2020<Node id="6237" />.&#xd;
<Node id="6240" />Repeal would deny seniors new preventive care and other benefits<Node id="6304" />.  <Node id="6307" />The health reform law improves&#xd;
Medicare by providing free preventive and wellness care, improving primary and coordinated care, and&#xd;
enhancing nursing home care<Node id="6468" />.  <Node id="6471" />The law also strengthens the Medicare trust fund, extending its solvency&#xd;
from 2017 to 2029<Node id="6562" />. <Node id="6564" /> Repeal would eliminate these benefits for 102,000 Medicare beneficiaries in the&#xd;
district and cause the Medicare trust fund to become insolvent in just six years<Node id="6726" />.  Repeal of Benefits for Small and Large Businesses and Health Care Providers&#xd;
<Node id="6806" />Repeal would eliminate tax credits for small businesses<Node id="6861" />.  <Node id="6864" />The health reform law provides tax credits to&#xd;
small businesses worth up to 35% of the cost of providing health insurance<Node id="6985" />.  There are up to 15,200 small&#xd;
businesses in Rep. Akin&#x2019;s district that are eligible for this tax credit.  <Node id="7093" />Repeal would force these small&#xd;
businesses to drop coverage or bear the full costs of coverage themselves<Node id="7198" />.  &#xd;
<Node id="7203" />Repeal would increase retiree health care costs for employers<Node id="7264" />.  <Node id="7267" />The health reform law provides&#xd;
funding to encourage employers to continue to provide health insurance for their retirees.<Node id="7389" />  As many as&#xd;
9,800 district residents who have retired but are not yet eligible for Medicare could ultimately benefit&#xd;
from this early retiree assistance.  <Node id="7546" />Repeal would increase costs for employers and jeopardize the coverage&#xd;
their retirees are receiving<Node id="7645" />.  &#xd;
<Node id="7650" />Repeal would increase the cost of uncompensated care born by hospitals<Node id="7720" />.  <Node id="7723" />The health reform law&#xd;
benefits hospitals by covering more Americans and thereby reducing the cost of providing care to the&#xd;
uninsured<Node id="7857" />.  <Node id="7860" />Repeal would undo this benefit, increasing the cost of uncompensated care by $49 million&#xd;
annually for hospitals in the district<Node id="7988" />.  &#xd;
Repeal of Benefits for Taxpayers&#xd;
<Node id="8027" />Repeal would increase the long-term debt by over $1 trillion<Node id="8087" />.  <Node id="8090" />The health reform law reduces the&#xd;
nation&#x2019;s debt by eliminating waste, fraud, and abuse in the health care system, reducing the growth of&#xd;
health care costs, and preventing excessive profit-taking by private insurers<Node id="8306" />.  <Node id="8309" />According to the&#xd;
Congressional Budget Office, the bill will reduce the deficit by over $200 billion over the next ten years&#xd;
and by over a trillion dollars in the decade after that<Node id="8490" />.  <Node id="8493" />Repeal would eliminate these cost-cutting measures,&#xd;
adding more than $3,000 to the national debt for each American, including the 690,000 residents of the&#xd;
district<Node id="8658" />.&#xd;
This analysis is based upon the following sources:  the U.S. Census (data on insurance coverage rates&#xd;
and types of coverage, small businesses, early retirees, income, and district populations); the Centers for&#xd;
Medicare and Medicaid Services (data on Medicare enrollment and the Part D donut hole); the&#xd;
Department of Health and Human Services (data on uncompensated care, Early Retiree Reinsurance&#xd;
Program participation, and preexisting conditions); and the Congressional Budget Office (data on health&#xd;
insurance coverage and deficit reduction under the Affordable Care Act).&#xd;
<Node id="9241" /></TextWithNodes>
<!-- The default annotation set -->

<AnnotationSet>
<Annotation Id="4" Type="doc" StartNode="0" EndNode="9241">
<Feature>
  <Name className="java.lang.String">id</Name>
  <Value className="java.lang.String">hc093</Value>
</Feature>
<Feature>
  <Name className="java.lang.String">author</Name>
  <Value className="java.lang.String"></Value>
</Feature>
<Feature>
  <Name className="java.lang.String">source</Name>
  <Value className="java.lang.String">danny6114s,pre-posterous</Value>
</Feature>
<Feature>
  <Name className="java.lang.String">date</Name>
  <Value className="java.lang.String">201101</Value>
</Feature>
<Feature>
  <Name className="java.lang.String">side</Name>
  <Value className="java.lang.String">pro</Value>
</Feature>
<Feature>
  <Name className="java.lang.String">url</Name>
  <Value className="java.lang.String">http://danny6114.posterous.com/impact-of-repealing-the-health-care-reform-la</Value>
</Feature>
</Annotation>
<Annotation Id="5" Type="arg" StartNode="496" EndNode="555">
<Feature>
  <Name className="java.lang.String">unclear</Name>
  <Value className="java.lang.String">true</Value>
</Feature>
<Feature>
  <Name className="java.lang.String">ss-label</Name>
  <Value className="java.lang.String">improves_healthcare_access</Value>
</Feature>
<Feature>
  <Name className="java.lang.String">type</Name>
  <Value className="java.lang.String">label</Value>
</Feature>
<Feature>
  <Name className="java.lang.String">polarity</Name>
  <Value className="java.lang.String">positive</Value>
</Feature>
</Annotation>
<Annotation Id="6" Type="arg" StartNode="559" EndNode="646">
<Feature>
  <Name className="java.lang.String">prospect</Name>
  <Value className="java.lang.String"></Value>
</Feature>
<Feature>
  <Name className="java.lang.String">ss-label</Name>
  <Value className="java.lang.String">eliminates_pre-existing_conditions</Value>
</Feature>
<Feature>
  <Name className="java.lang.String">type</Name>
  <Value className="java.lang.String">label</Value>
</Feature>
<Feature>
  <Name className="java.lang.String">polarity</Name>
  <Value className="java.lang.String">positive</Value>
</Feature>
</Annotation>
<Annotation Id="7" Type="arg" StartNode="648" EndNode="766">
<Feature>
  <Name className="java.lang.String">type</Name>
  <Value className="java.lang.String">label</Value>
</Feature>
<Feature>
  <Name className="java.lang.String">ss-label</Name>
  <Value className="java.lang.String">helps_small_business</Value>
</Feature>
<Feature>
  <Name className="java.lang.String">polarity</Name>
  <Value className="java.lang.String">positive</Value>
</Feature>
</Annotation>
<Annotation Id="8" Type="arg" StartNode="773" EndNode="871">
<Feature>
  <Name className="java.lang.String">type</Name>
  <Value className="java.lang.String">label</Value>
</Feature>
<Feature>
  <Name className="java.lang.String">ss-label</Name>
  <Value className="java.lang.String">helps_seniors_pay_for_meds</Value>
</Feature>
<Feature>
  <Name className="java.lang.String">polarity</Name>
  <Value className="java.lang.String">positive</Value>
</Feature>
</Annotation>
<Annotation Id="9" Type="arg" StartNode="949" EndNode="1004">
<Feature>
  <Name className="java.lang.String">ss-label</Name>
  <Value className="java.lang.String">improves_healthcare_affordability</Value>
</Feature>
<Feature>
  <Name className="java.lang.String">type</Name>
  <Value className="java.lang.String">label</Value>
</Feature>
<Feature>
  <Name className="java.lang.String">polarity</Name>
  <Value className="java.lang.String">negative</Value>
</Feature>
<Feature>
  <Name className="java.lang.String">incomplete</Name>
  <Value className="java.lang.String">true</Value>
</Feature>
</Annotation>
<Annotation Id="10" Type="arg" StartNode="1006" EndNode="1044">
<Feature>
  <Name className="java.lang.String">ss-label</Name>
  <Value className="java.lang.String">improves_healthcare_access</Value>
</Feature>
<Feature>
  <Name className="java.lang.String">type</Name>
  <Value className="java.lang.String">label</Value>
</Feature>
<Feature>
  <Name className="java.lang.String">polarity</Name>
  <Value className="java.lang.String">negative</Value>
</Feature>
<Feature>
  <Name className="java.lang.String">incomplete</Name>
  <Value className="java.lang.String">true</Value>
</Feature>
</Annotation>
<Annotation Id="11" Type="arg" StartNode="1050" EndNode="1099">
<Feature>
  <Name className="java.lang.String">ss-label</Name>
  <Value className="java.lang.String">repeal_increases_deficit</Value>
</Feature>
<Feature>
  <Name className="java.lang.String">type</Name>
  <Value className="java.lang.String">label</Value>
</Feature>
<Feature>
  <Name className="java.lang.String">polarity</Name>
  <Value className="java.lang.String">negative</Value>
</Feature>
<Feature>
  <Name className="java.lang.String">incomplete</Name>
  <Value className="java.lang.String">true</Value>
</Feature>
</Annotation>
<Annotation Id="12" Type="arg" StartNode="1375" EndNode="1521">
<Feature>
  <Name className="java.lang.String">type</Name>
  <Value className="java.lang.String">label</Value>
</Feature>
<Feature>
  <Name className="java.lang.String">ss-label</Name>
  <Value className="java.lang.String">eliminates_pre-existing_conditions</Value>
</Feature>
<Feature>
  <Name className="java.lang.String">polarity</Name>
  <Value className="java.lang.String">negative</Value>
</Feature>
</Annotation>
<Annotation Id="13" Type="arg" StartNode="1526" EndNode="1667">
<Feature>
  <Name className="java.lang.String">unclear</Name>
  <Value className="java.lang.String"></Value>
</Feature>
<Feature>
  <Name className="java.lang.String">ss-label</Name>
  <Value className="java.lang.String">prevents_corporate_exploitation</Value>
</Feature>
<Feature>
  <Name className="java.lang.String">type</Name>
  <Value className="java.lang.String">label</Value>
</Feature>
<Feature>
  <Name className="java.lang.String">polarity</Name>
  <Value className="java.lang.String">negative</Value>
</Feature>
<Feature>
  <Name className="java.lang.String">incomplete</Name>
  <Value className="java.lang.String">true</Value>
</Feature>
</Annotation>
<Annotation Id="14" Type="arg" StartNode="1672" EndNode="1762">
<Feature>
  <Name className="java.lang.String">ss-label</Name>
  <Value className="java.lang.String">helps_middle_class</Value>
</Feature>
<Feature>
  <Name className="java.lang.String">type</Name>
  <Value className="java.lang.String">label</Value>
</Feature>
<Feature>
  <Name className="java.lang.String">polarity</Name>
  <Value className="java.lang.String">negative</Value>
</Feature>
<Feature>
  <Name className="java.lang.String">incomplete</Name>
  <Value className="java.lang.String">true</Value>
</Feature>
</Annotation>
<Annotation Id="15" Type="arg" StartNode="1767" EndNode="1918">
<Feature>
  <Name className="java.lang.String">ss-label</Name>
  <Value className="java.lang.String">helps_seniors_pay_for_meds</Value>
</Feature>
<Feature>
  <Name className="java.lang.String">type</Name>
  <Value className="java.lang.String">label</Value>
</Feature>
<Feature>
  <Name className="java.lang.String">polarity</Name>
  <Value className="java.lang.String">negative</Value>
</Feature>
<Feature>
  <Name className="java.lang.String">incomplete</Name>
  <Value className="java.lang.String">true</Value>
</Feature>
</Annotation>
<Annotation Id="17" Type="arg" StartNode="2006" EndNode="2083">
<Feature>
  <Name className="java.lang.String">type</Name>
  <Value className="java.lang.String">label</Value>
</Feature>
<Feature>
  <Name className="java.lang.String">ss-label</Name>
  <Value className="java.lang.String">children_can_stay_on_parent_plans_longer</Value>
</Feature>
<Feature>
  <Name className="java.lang.String">polarity</Name>
  <Value className="java.lang.String">negative</Value>
</Feature>
</Annotation>
<Annotation Id="16" Type="arg" StartNode="1924" EndNode="2001">
<Feature>
  <Name className="java.lang.String">type</Name>
  <Value className="java.lang.String">label</Value>
</Feature>
<Feature>
  <Name className="java.lang.String">ss-label</Name>
  <Value className="java.lang.String">improves_healthcare_affordability</Value>
</Feature>
<Feature>
  <Name className="java.lang.String">polarity</Name>
  <Value className="java.lang.String">negative</Value>
</Feature>
</Annotation>
<Annotation Id="19" Type="arg" StartNode="2180" EndNode="2235">
<Feature>
  <Name className="java.lang.String">type</Name>
  <Value className="java.lang.String">label</Value>
</Feature>
<Feature>
  <Name className="java.lang.String">ss-label</Name>
  <Value className="java.lang.String">prevents_corporate_exploitation</Value>
</Feature>
<Feature>
  <Name className="java.lang.String">polarity</Name>
  <Value className="java.lang.String">negative</Value>
</Feature>
</Annotation>
<Annotation Id="18" Type="arg" StartNode="2088" EndNode="2177">
<Feature>
  <Name className="java.lang.String">ss-label</Name>
  <Value className="java.lang.String">uninsured_are_burden_on_taxpayers</Value>
</Feature>
<Feature>
  <Name className="java.lang.String">type</Name>
  <Value className="java.lang.String">label</Value>
</Feature>
<Feature>
  <Name className="java.lang.String">polarity</Name>
  <Value className="java.lang.String">negative</Value>
</Feature>
<Feature>
  <Name className="java.lang.String">incomplete</Name>
  <Value className="java.lang.String">true</Value>
</Feature>
</Annotation>
<Annotation Id="21" Type="arg" StartNode="2327" EndNode="2537">
<Feature>
  <Name className="java.lang.String">type</Name>
  <Value className="java.lang.String">label</Value>
</Feature>
<Feature>
  <Name className="java.lang.String">ss-label</Name>
  <Value className="java.lang.String">eliminates_pre-existing_conditions_for_children</Value>
</Feature>
<Feature>
  <Name className="java.lang.String">polarity</Name>
  <Value className="java.lang.String">positive</Value>
</Feature>
</Annotation>
<Annotation Id="20" Type="arg" StartNode="2236" EndNode="2324">
<Feature>
  <Name className="java.lang.String">type</Name>
  <Value className="java.lang.String">label</Value>
</Feature>
<Feature>
  <Name className="java.lang.String">ss-label</Name>
  <Value className="java.lang.String">eliminates_pre-existing_conditions</Value>
</Feature>
<Feature>
  <Name className="java.lang.String">polarity</Name>
  <Value className="java.lang.String">negative</Value>
</Feature>
</Annotation>
<Annotation Id="23" Type="arg" StartNode="3076" EndNode="3136">
<Feature>
  <Name className="java.lang.String">type</Name>
  <Value className="java.lang.String">label</Value>
</Feature>
<Feature>
  <Name className="java.lang.String">ss-label</Name>
  <Value className="java.lang.String">eliminates_caps_on_coverage</Value>
</Feature>
<Feature>
  <Name className="java.lang.String">polarity</Name>
  <Value className="java.lang.String">negative</Value>
</Feature>
</Annotation>
<Annotation Id="22" Type="arg" StartNode="2712" EndNode="2852">
<Feature>
  <Name className="java.lang.String">ss-label</Name>
  <Value className="java.lang.String">eliminates_pre-existing_conditions</Value>
</Feature>
<Feature>
  <Name className="java.lang.String">type</Name>
  <Value className="java.lang.String">label</Value>
</Feature>
<Feature>
  <Name className="java.lang.String">polarity</Name>
  <Value className="java.lang.String">negative</Value>
</Feature>
<Feature>
  <Name className="java.lang.String">incomplete</Name>
  <Value className="java.lang.String">true</Value>
</Feature>
</Annotation>
<Annotation Id="25" Type="rel" StartNode="2541" EndNode="2709">
<Feature>
  <Name className="java.lang.String">type</Name>
  <Value className="java.lang.String">label</Value>
</Feature>
<Feature>
  <Name className="java.lang.String">ss-label</Name>
  <Value className="java.lang.String">eliminates_pre-existing_conditions</Value>
</Feature>
</Annotation>
<Annotation Id="24" Type="arg" StartNode="3139" EndNode="3261">
<Feature>
  <Name className="java.lang.String"></Name>
  <Value className="java.lang.String">eliminates_caps_on_coverage</Value>
</Feature>
<Feature>
  <Name className="java.lang.String">ss-label</Name>
  <Value className="java.lang.String">eliminates_caps_on_coverage</Value>
</Feature>
<Feature>
  <Name className="java.lang.String">type</Name>
  <Value className="java.lang.String">label</Value>
</Feature>
<Feature>
  <Name className="java.lang.String">polarity</Name>
  <Value className="java.lang.String">negative</Value>
</Feature>
</Annotation>
<Annotation Id="27" Type="arg" StartNode="3401" EndNode="3555">
<Feature>
  <Name className="java.lang.String">prospect</Name>
  <Value className="java.lang.String"></Value>
</Feature>
<Feature>
  <Name className="java.lang.String">ss-label</Name>
  <Value className="java.lang.String">eliminates_caps_on_coverage</Value>
</Feature>
<Feature>
  <Name className="java.lang.String">type</Name>
  <Value className="java.lang.String">label</Value>
</Feature>
<Feature>
  <Name className="java.lang.String">polarity</Name>
  <Value className="java.lang.String">negative</Value>
</Feature>
</Annotation>
<Annotation Id="26" Type="rel" StartNode="3264" EndNode="3398">
<Feature>
  <Name className="java.lang.String">type</Name>
  <Value className="java.lang.String">label</Value>
</Feature>
<Feature>
  <Name className="java.lang.String">unclear</Name>
  <Value className="java.lang.String">true</Value>
</Feature>
<Feature>
  <Name className="java.lang.String">ss-label</Name>
  <Value className="java.lang.String">eliminates_caps_on_coverage</Value>
</Feature>
</Annotation>
<Annotation Id="29" Type="arg" StartNode="3608" EndNode="3705">
<Feature>
  <Name className="java.lang.String">type</Name>
  <Value className="java.lang.String">label</Value>
</Feature>
<Feature>
  <Name className="java.lang.String">ss-label</Name>
  <Value className="java.lang.String">prevents_insurers_from_dropping_the_sick</Value>
</Feature>
<Feature>
  <Name className="java.lang.String">polarity</Name>
  <Value className="java.lang.String">positive</Value>
</Feature>
</Annotation>
<Annotation Id="28" Type="arg" StartNode="3560" EndNode="3605">
<Feature>
  <Name className="java.lang.String">type</Name>
  <Value className="java.lang.String">label</Value>
</Feature>
<Feature>
  <Name className="java.lang.String">ss-label</Name>
  <Value className="java.lang.String">prevents_insurers_from_dropping_the_sick</Value>
</Feature>
<Feature>
  <Name className="java.lang.String">polarity</Name>
  <Value className="java.lang.String">negative</Value>
</Feature>
</Annotation>
<Annotation Id="31" Type="arg" StartNode="3872" EndNode="3921">
<Feature>
  <Name className="java.lang.String">unclear</Name>
  <Value className="java.lang.String">true</Value>
</Feature>
<Feature>
  <Name className="java.lang.String">ss-label</Name>
  <Value className="java.lang.String">prevents_corporate_exploitation</Value>
</Feature>
<Feature>
  <Name className="java.lang.String">type</Name>
  <Value className="java.lang.String">label</Value>
</Feature>
<Feature>
  <Name className="java.lang.String">polarity</Name>
  <Value className="java.lang.String">negative</Value>
</Feature>
</Annotation>
<Annotation Id="30" Type="arg" StartNode="3708" EndNode="3869">
<Feature>
  <Name className="java.lang.String">type</Name>
  <Value className="java.lang.String">label</Value>
</Feature>
<Feature>
  <Name className="java.lang.String">ss-label</Name>
  <Value className="java.lang.String">prevents_insurers_from_dropping_the_sick</Value>
</Feature>
<Feature>
  <Name className="java.lang.String">polarity</Name>
  <Value className="java.lang.String">negative</Value>
</Feature>
</Annotation>
<Annotation Id="34" Type="arg" StartNode="4391" EndNode="4483">
<Feature>
  <Name className="java.lang.String">type</Name>
  <Value className="java.lang.String">label</Value>
</Feature>
<Feature>
  <Name className="java.lang.String">ss-label</Name>
  <Value className="java.lang.String">expands/guarantees_access_to_preventative_care</Value>
</Feature>
<Feature>
  <Name className="java.lang.String">polarity</Name>
  <Value className="java.lang.String">negative</Value>
</Feature>
</Annotation>
<Annotation Id="35" Type="rel" StartNode="4487" EndNode="4665">
<Feature>
  <Name className="java.lang.String">type</Name>
  <Value className="java.lang.String">label</Value>
</Feature>
<Feature>
  <Name className="java.lang.String">ss-label</Name>
  <Value className="java.lang.String">expands/guarantees_access_to_preventative_care</Value>
</Feature>
<Feature>
  <Name className="java.lang.String">polarity</Name>
  <Value className="java.lang.String">positive</Value>
</Feature>
</Annotation>
<Annotation Id="32" Type="arg" StartNode="3924" EndNode="4155">
<Feature>
  <Name className="java.lang.String">type</Name>
  <Value className="java.lang.String">label</Value>
</Feature>
<Feature>
  <Name className="java.lang.String">ss-label</Name>
  <Value className="java.lang.String">improves_efficiency_of_insurers</Value>
</Feature>
<Feature>
  <Name className="java.lang.String">polarity</Name>
  <Value className="java.lang.String">positive</Value>
</Feature>
</Annotation>
<Annotation Id="33" Type="arg" StartNode="4158" EndNode="4338">
<Feature>
  <Name className="java.lang.String">unclear</Name>
  <Value className="java.lang.String">true</Value>
</Feature>
<Feature>
  <Name className="java.lang.String">ss-label</Name>
  <Value className="java.lang.String">prevents_corporate_exploitation</Value>
</Feature>
<Feature>
  <Name className="java.lang.String">type</Name>
  <Value className="java.lang.String">label</Value>
</Feature>
<Feature>
  <Name className="java.lang.String">polarity</Name>
  <Value className="java.lang.String">negative</Value>
</Feature>
</Annotation>
<Annotation Id="38" Type="rel" StartNode="4892" EndNode="4994">
<Feature>
  <Name className="java.lang.String">type</Name>
  <Value className="java.lang.String">label</Value>
</Feature>
<Feature>
  <Name className="java.lang.String">ss-label</Name>
  <Value className="java.lang.String">children_can_stay_on_parent_plans_longer</Value>
</Feature>
</Annotation>
<Annotation Id="39" Type="arg" StartNode="5098" EndNode="5200">
<Feature>
  <Name className="java.lang.String">type</Name>
  <Value className="java.lang.String">label</Value>
</Feature>
<Feature>
  <Name className="java.lang.String">ss-label</Name>
  <Value className="java.lang.String">children_can_stay_on_parent_plans_longer</Value>
</Feature>
<Feature>
  <Name className="java.lang.String">polarity</Name>
  <Value className="java.lang.String">negative</Value>
</Feature>
</Annotation>
<Annotation Id="36" Type="arg" StartNode="4668" EndNode="4820">
<Feature>
  <Name className="java.lang.String">type</Name>
  <Value className="java.lang.String">label</Value>
</Feature>
<Feature>
  <Name className="java.lang.String">ss-label</Name>
  <Value className="java.lang.String">improves_healthcare_affordability</Value>
</Feature>
<Feature>
  <Name className="java.lang.String">polarity</Name>
  <Value className="java.lang.String">negative</Value>
</Feature>
</Annotation>
<Annotation Id="37" Type="arg" StartNode="4825" EndNode="4889">
<Feature>
  <Name className="java.lang.String">type</Name>
  <Value className="java.lang.String">label</Value>
</Feature>
<Feature>
  <Name className="java.lang.String">ss-label</Name>
  <Value className="java.lang.String">children_can_stay_on_parent_plans_longer</Value>
</Feature>
<Feature>
  <Name className="java.lang.String">polarity</Name>
  <Value className="java.lang.String">negative</Value>
</Feature>
</Annotation>
<Annotation Id="42" Type="arg" StartNode="5286" EndNode="5383">
<Feature>
  <Name className="java.lang.String">type</Name>
  <Value className="java.lang.String">label</Value>
</Feature>
<Feature>
  <Name className="java.lang.String">ss-label</Name>
  <Value className="java.lang.String">tax_credits_improve_affordability</Value>
</Feature>
<Feature>
  <Name className="java.lang.String">polarity</Name>
  <Value className="java.lang.String">positive</Value>
</Feature>
</Annotation>
<Annotation Id="43" Type="rel" StartNode="5385" EndNode="5484">
<Feature>
  <Name className="java.lang.String">type</Name>
  <Value className="java.lang.String">label</Value>
</Feature>
<Feature>
  <Name className="java.lang.String">ss-label</Name>
  <Value className="java.lang.String">tax_credits_improve_affordability</Value>
</Feature>
</Annotation>
<Annotation Id="40" Type="arg" StartNode="5487" EndNode="5555">
<Feature>
  <Name className="java.lang.String">type</Name>
  <Value className="java.lang.String">label</Value>
</Feature>
<Feature>
  <Name className="java.lang.String">ss-label</Name>
  <Value className="java.lang.String">tax_credits_improve_affordability</Value>
</Feature>
<Feature>
  <Name className="java.lang.String">polarity</Name>
  <Value className="java.lang.String">negative</Value>
</Feature>
</Annotation>
<Annotation Id="41" Type="arg" StartNode="5203" EndNode="5265">
<Feature>
  <Name className="java.lang.String">type</Name>
  <Value className="java.lang.String">label</Value>
</Feature>
<Feature>
  <Name className="java.lang.String">ss-label</Name>
  <Value className="java.lang.String">tax_credits_improve_affordability</Value>
</Feature>
<Feature>
  <Name className="java.lang.String">polarity</Name>
  <Value className="java.lang.String">negative</Value>
</Feature>
</Annotation>
<Annotation Id="46" Type="rel" StartNode="5848" EndNode="5974">
<Feature>
  <Name className="java.lang.String">type</Name>
  <Value className="java.lang.String">label</Value>
</Feature>
<Feature>
  <Name className="java.lang.String">ss-label</Name>
  <Value className="java.lang.String">helps_medicare_recipients_pay_for_meds</Value>
</Feature>
</Annotation>
<Annotation Id="47" Type="arg" StartNode="6094" EndNode="6237">
<Feature>
  <Name className="java.lang.String">type</Name>
  <Value className="java.lang.String">label</Value>
</Feature>
<Feature>
  <Name className="java.lang.String">ss-label</Name>
  <Value className="java.lang.String">helps_medicare_recipients_pay_for_meds</Value>
</Feature>
<Feature>
  <Name className="java.lang.String">polarity</Name>
  <Value className="java.lang.String">negative</Value>
</Feature>
</Annotation>
<Annotation Id="44" Type="arg" StartNode="5597" EndNode="5641">
<Feature>
  <Name className="java.lang.String">type</Name>
  <Value className="java.lang.String">label</Value>
</Feature>
<Feature>
  <Name className="java.lang.String">ss-label</Name>
  <Value className="java.lang.String">helps_medicare_recipients_pay_for_meds</Value>
</Feature>
<Feature>
  <Name className="java.lang.String">polarity</Name>
  <Value className="java.lang.String">negative</Value>
</Feature>
</Annotation>
<Annotation Id="45" Type="rel" StartNode="5644" EndNode="5845">
<Feature>
  <Name className="java.lang.String">type</Name>
  <Value className="java.lang.String">label</Value>
</Feature>
<Feature>
  <Name className="java.lang.String">ss-label</Name>
  <Value className="java.lang.String">helps_medicare_recipients_pay_for_meds</Value>
</Feature>
</Annotation>
<Annotation Id="51" Type="arg" StartNode="6564" EndNode="6726">
<Feature>
  <Name className="java.lang.String">ss-label</Name>
  <Value className="java.lang.String">ensures_medicares_sustainability</Value>
</Feature>
<Feature>
  <Name className="java.lang.String">unclear</Name>
  <Value className="java.lang.String">true</Value>
</Feature>
<Feature>
  <Name className="java.lang.String">type</Name>
  <Value className="java.lang.String">label</Value>
</Feature>
<Feature>
  <Name className="java.lang.String">polarity</Name>
  <Value className="java.lang.String">negative</Value>
</Feature>
</Annotation>
<Annotation Id="50" Type="arg" StartNode="6471" EndNode="6562">
<Feature>
  <Name className="java.lang.String">type</Name>
  <Value className="java.lang.String">label</Value>
</Feature>
<Feature>
  <Name className="java.lang.String">ss-label</Name>
  <Value className="java.lang.String">ensures_medicares_sustainability</Value>
</Feature>
<Feature>
  <Name className="java.lang.String">polarity</Name>
  <Value className="java.lang.String">positive</Value>
</Feature>
</Annotation>
<Annotation Id="49" Type="arg" StartNode="6307" EndNode="6468">
<Feature>
  <Name className="java.lang.String">type</Name>
  <Value className="java.lang.String">label</Value>
</Feature>
<Feature>
  <Name className="java.lang.String">ss-label</Name>
  <Value className="java.lang.String">expands/guarantees_access_to_preventative_care</Value>
</Feature>
<Feature>
  <Name className="java.lang.String">polarity</Name>
  <Value className="java.lang.String">positive</Value>
</Feature>
</Annotation>
<Annotation Id="48" Type="arg" StartNode="6240" EndNode="6304">
<Feature>
  <Name className="java.lang.String">type</Name>
  <Value className="java.lang.String">label</Value>
</Feature>
<Feature>
  <Name className="java.lang.String">ss-label</Name>
  <Value className="java.lang.String">expands/guarantees_access_to_preventative_care</Value>
</Feature>
<Feature>
  <Name className="java.lang.String">polarity</Name>
  <Value className="java.lang.String">negative</Value>
</Feature>
</Annotation>
<Annotation Id="55" Type="arg" StartNode="7203" EndNode="7264">
<Feature>
  <Name className="java.lang.String">type</Name>
  <Value className="java.lang.String">label</Value>
</Feature>
<Feature>
  <Name className="java.lang.String">ss-label</Name>
  <Value className="java.lang.String">helps_small_business</Value>
</Feature>
<Feature>
  <Name className="java.lang.String">polarity</Name>
  <Value className="java.lang.String">negative</Value>
</Feature>
</Annotation>
<Annotation Id="54" Type="arg" StartNode="7093" EndNode="7198">
<Feature>
  <Name className="java.lang.String">type</Name>
  <Value className="java.lang.String">label</Value>
</Feature>
<Feature>
  <Name className="java.lang.String">ss-label</Name>
  <Value className="java.lang.String">helps_small_business</Value>
</Feature>
<Feature>
  <Name className="java.lang.String">polarity</Name>
  <Value className="java.lang.String">negative</Value>
</Feature>
</Annotation>
<Annotation Id="53" Type="rel" StartNode="6864" EndNode="6985">
<Feature>
  <Name className="java.lang.String">type</Name>
  <Value className="java.lang.String">label</Value>
</Feature>
<Feature>
  <Name className="java.lang.String">ss-label</Name>
  <Value className="java.lang.String">helps_small_business</Value>
</Feature>
</Annotation>
<Annotation Id="52" Type="arg" StartNode="6806" EndNode="6861">
<Feature>
  <Name className="java.lang.String">type</Name>
  <Value className="java.lang.String">label</Value>
</Feature>
<Feature>
  <Name className="java.lang.String">ss-label</Name>
  <Value className="java.lang.String">helps_small_business</Value>
</Feature>
<Feature>
  <Name className="java.lang.String">polarity</Name>
  <Value className="java.lang.String">negative</Value>
</Feature>
</Annotation>
<Annotation Id="59" Type="arg" StartNode="7860" EndNode="7988">
<Feature>
  <Name className="java.lang.String">type</Name>
  <Value className="java.lang.String">label</Value>
</Feature>
<Feature>
  <Name className="java.lang.String">ss-label</Name>
  <Value className="java.lang.String">uninsured_are_burden_on_hospitals</Value>
</Feature>
<Feature>
  <Name className="java.lang.String">polarity</Name>
  <Value className="java.lang.String">negative</Value>
</Feature>
</Annotation>
<Annotation Id="58" Type="arg" StartNode="7650" EndNode="7720">
<Feature>
  <Name className="java.lang.String">unclear</Name>
  <Value className="java.lang.String">true</Value>
</Feature>
<Feature>
  <Name className="java.lang.String">ss-label</Name>
  <Value className="java.lang.String">uninsured_are_burden_on_hospitals</Value>
</Feature>
<Feature>
  <Name className="java.lang.String">type</Name>
  <Value className="java.lang.String">label</Value>
</Feature>
<Feature>
  <Name className="java.lang.String">polarity</Name>
  <Value className="java.lang.String">negative</Value>
</Feature>
</Annotation>
<Annotation Id="57" Type="rel" StartNode="7267" EndNode="7389">
<Feature>
  <Name className="java.lang.String">type</Name>
  <Value className="java.lang.String">label</Value>
</Feature>
<Feature>
  <Name className="java.lang.String">ss-label</Name>
  <Value className="java.lang.String">helps_small_business</Value>
</Feature>
<Feature>
  <Name className="java.lang.String">unclear</Name>
  <Value className="java.lang.String"></Value>
</Feature>
</Annotation>
<Annotation Id="56" Type="arg" StartNode="7546" EndNode="7645">
<Feature>
  <Name className="java.lang.String">ss-label</Name>
  <Value className="java.lang.String">helps_small_business</Value>
</Feature>
<Feature>
  <Name className="java.lang.String">unclear</Name>
  <Value className="java.lang.String">true</Value>
</Feature>
<Feature>
  <Name className="java.lang.String">type</Name>
  <Value className="java.lang.String">label</Value>
</Feature>
<Feature>
  <Name className="java.lang.String">polarity</Name>
  <Value className="java.lang.String">negative</Value>
</Feature>
</Annotation>
<Annotation Id="63" Type="arg" StartNode="8309" EndNode="8490">
<Feature>
  <Name className="java.lang.String">type</Name>
  <Value className="java.lang.String">label</Value>
</Feature>
<Feature>
  <Name className="java.lang.String">ss-label</Name>
  <Value className="java.lang.String">maintains/reduces_govt_deficit</Value>
</Feature>
<Feature>
  <Name className="java.lang.String">polarity</Name>
  <Value className="java.lang.String">positive</Value>
</Feature>
</Annotation>
<Annotation Id="62" Type="arg" StartNode="8090" EndNode="8306">
<Feature>
  <Name className="java.lang.String">type</Name>
  <Value className="java.lang.String">label</Value>
</Feature>
<Feature>
  <Name className="java.lang.String">ss-label</Name>
  <Value className="java.lang.String">maintains/reduces_govt_deficit</Value>
</Feature>
<Feature>
  <Name className="java.lang.String">polarity</Name>
  <Value className="java.lang.String">positive</Value>
</Feature>
</Annotation>
<Annotation Id="61" Type="arg" StartNode="8027" EndNode="8087">
<Feature>
  <Name className="java.lang.String">type</Name>
  <Value className="java.lang.String">label</Value>
</Feature>
<Feature>
  <Name className="java.lang.String">ss-label</Name>
  <Value className="java.lang.String">repeal_increases_deficit</Value>
</Feature>
<Feature>
  <Name className="java.lang.String">polarity</Name>
  <Value className="java.lang.String">negative</Value>
</Feature>
</Annotation>
<Annotation Id="60" Type="rel" StartNode="7723" EndNode="7857">
<Feature>
  <Name className="java.lang.String">type</Name>
  <Value className="java.lang.String">label</Value>
</Feature>
<Feature>
  <Name className="java.lang.String">ss-label</Name>
  <Value className="java.lang.String">uninsured_are_burden_on_hospitals</Value>
</Feature>
</Annotation>
<Annotation Id="64" Type="arg" StartNode="8493" EndNode="8658">
<Feature>
  <Name className="java.lang.String">type</Name>
  <Value className="java.lang.String">label</Value>
</Feature>
<Feature>
  <Name className="java.lang.String">ss-label</Name>
  <Value className="java.lang.String">repeal_increases_deficit</Value>
</Feature>
<Feature>
  <Name className="java.lang.String">polarity</Name>
  <Value className="java.lang.String">negative</Value>
</Feature>
</Annotation>
</AnnotationSet>

<!-- Named annotation set -->

<AnnotationSet Name="Original markups">
<Annotation Id="0" Type="paragraph" StartNode="0" EndNode="94">
</Annotation>
<Annotation Id="1" Type="paragraph" StartNode="96" EndNode="199">
</Annotation>
<Annotation Id="2" Type="paragraph" StartNode="201" EndNode="1371">
</Annotation>
<Annotation Id="3" Type="paragraph" StartNode="1373" EndNode="9241">
</Annotation>
</AnnotationSet>

</GateDocument>
