<?xml version='1.0' encoding='windows-1252'?>
<GateDocument>
<!-- The document's features-->

<GateDocumentFeatures>
<Feature>
  <Name className="java.lang.String">MimeType</Name>
  <Value className="java.lang.String">text/plain</Value>
</Feature>
<Feature>
  <Name className="java.lang.String">gate.SourceURL</Name>
  <Value className="java.lang.String">file:/E:/Users/conrada/Documents/My%20Dropbox/healthcare_data/training_3/hc094.txt</Value>
</Feature>
<Feature>
  <Name className="java.lang.String">docNewLineType</Name>
  <Value className="java.lang.String">CRLF</Value>
</Feature>
</GateDocumentFeatures>
<!-- The document content area with serialized nodes -->

<TextWithNodes><Node id="0" />House Republicans plan to repeal health care reform, but have yet to offer specific alternative<Node id="95" />&#xd;
Posted By Adrienne Verrilli 01/17/2011, in Activism, Health Care, with 0 Comments&#xd;
<Node id="180" />&#xd;
    <Node id="186" />0&#xd;
    inShare&#xd;
<Node id="202" />&#xd;
<Node id="204" />This week, House Republicans will move forward with their efforts to pass HR 2, the &#x201c;Repealing the Job-Killing Health Care Law Act&#x201d; which effectively repeals the Patient Protection and Affordable Health Care Act, aka health care reform<Node id="439" />.&#xd;
<Node id="442" />&#xd;
<Node id="444" />HR 2, expected to pass the House by a wide-margin, is dead on arrival in the Democratically-controlled Senate and would never be signed into law by the President. So the question is &#x2013; to what end?<Node id="640" />&#xd;
<Node id="642" />&#xd;
<Node id="644" />The move to undo the Affordable Health Care Act makes for great political theater and is a hunk of red meat to the Tea Party<Node id="768" />. <Node id="770" />It will also certainly be considered by the Beltway insiders and cable television pundits to be a political win for Republicans<Node id="897" />. <Node id="899" />However, will this symbolic vote actually force the Republicans to defend what repealing the Affordable Health Care Act means for the county?<Node id="1040" /> No one can be sure. What we do know is that if actual repeal did in fact happen, the following is what it would mean for the American people.&#xd;
<Node id="1184" />&#xd;
<Node id="1186" />First, budget deficits will increase, according to the nonpartisan Congressional Budget Office (CBO)<Node id="1286" />. The Republicans found a renewed concern for the federal budget deficit the day President Obama took office and have charged that the country cannot afford to ensure that all Americans have health insurance. However,<Node id="1503" /> the CBO found that HR 2 will actually increase budget deficits approximately $230 billion by 2021<Node id="1601" />. <Node id="1603" />House Speaker John Boehner (R-OH) dismissed the CBO estimate saying that &#x201c;I do not believe that repealing the job- killing health care law will increase the deficit<Node id="1767" />.&#x201d;&#xd;
<Node id="1771" />&#xd;
<Node id="1773" />Second, <Node id="1781" />popular provisions already in effect would be undone<Node id="1833" />. A number of provisions that are currently in effect are:&#xd;
<Node id="1893" />&#xd;
<Node id="1895" />&#x2022; <Node id="1897" />Young people can stay on their parent&#x2019;s health insurance plan until age 26<Node id="1971" />.&#xd;
<Node id="1974" />&#xd;
<Node id="1976" />&#x2022; <Node id="1978" />Preventative care such as vaccines, mammograms, blood pressure screenings, pap tests, colonoscopies among others are free, i.e. no longer subject to co-pays or deductibles<Node id="2149" />.&#xd;
<Node id="2152" />&#xd;
<Node id="2154" />&#x2022; <Node id="2156" />Health insurance companies can no longer deny children coverage because of a pre-existing condition<Node id="2255" />.&#xd;
<Node id="2258" />&#xd;
<Node id="2260" />&#x2022; <Node id="2262" />Health insurance companies can no longer kick someone off their insurance plan if they get sick<Node id="2357" />.&#xd;
<Node id="2360" />&#xd;
<Node id="2362" />&#x2022; <Node id="2364" />Seniors who reach the Medicare Part D donut hole are eligible for a 50% discount on all prescription drugs<Node id="2470" />.&#xd;
<Node id="2473" />&#xd;
<Node id="2475" />&#x2022; <Node id="2477" />Preventative health care for seniors such as annual wellness exams are free<Node id="2552" />.&#xd;
<Node id="2555" />&#xd;
<Node id="2557" />&#x2022; <Node id="2559" />Health insurance companies can no longer put a cap on how much they will pay in medical care for a person over his or her lifetime<Node id="2689" />.&#xd;
<Node id="2692" />&#xd;
<Node id="2694" />&#x2022; <Node id="2696" />Health insurance companies can no longer charge women more for their health insurance than they do men<Node id="2798" />.&#xd;
<Node id="2801" />&#xd;
<Node id="2803" />&#x2022; <Node id="2805" />Small businesses are eligible for tax credits if they offer health insurance coverage to their employees<Node id="2909" /> [80 percent of California&#x2019;s small businesses are eligible.]&#xd;
<Node id="2971" />&#xd;
<Node id="2973" />&#x2022; <Node id="2975" />People who have been denied health insurance for having a pre-existing condition can now purchase health insurance from the Pre-Existing Condition Health Plan<Node id="3133" />.&#xd;
<Node id="3136" />&#xd;
<Node id="3138" />&#x2022; <Node id="3140" />For health insurers, 85% of employee plans&#x2019; premiums and 80% of individual plans&#x2019; premiums must be spent on medical care as compared to health insurance companies&#x2019; administrative costs, including CEO salaries<Node id="3348" />.&#xd;
<Node id="3351" />&#xd;
<Node id="3353" />And, beginning in 2014:&#xd;
<Node id="3378" />&#xd;
<Node id="3380" />&#x2022; <Node id="3382" />Health insurance companies can no longer deny a person health insurance because of a pre-existing condition<Node id="3489" />.&#xd;
<Node id="3492" />&#xd;
<Node id="3494" />&#x2022; <Node id="3496" />All uninsured people will be able to purchase private health insurance from their state&#x2019;s health insurance exchange &#x2013; a pool of private insurance plans available for purchase<Node id="3670" />. [California was the first state to set up its exchange]&#xd;
<Node id="3729" />&#xd;
<Node id="3731" />&#x2022; <Node id="3733" />Increase the small business tax credit for offering health insurance to their employees<Node id="3820" />.&#xd;
<Node id="3823" />&#xd;
<Node id="3825" />Finally, any repeal would leave millions uninsured<Node id="3875" />. <Node id="3877" />The CBO report also estimated that the repeal of the Affordable Health Care Act will leave 54 million nonelderly people uninsured<Node id="4006" />. Yet, <Node id="4013" />the Republicans have not offered an alternative plan to cover any of these people<Node id="4094" />.&#xd;
Tags: lake, tea party<Node id="4118" /></TextWithNodes>
<!-- The default annotation set -->

<AnnotationSet>
<Annotation Id="23" Type="doc" StartNode="0" EndNode="4118">
<Feature>
  <Name className="java.lang.String">id</Name>
  <Value className="java.lang.String">hc094</Value>
</Feature>
<Feature>
  <Name className="java.lang.String">author</Name>
  <Value className="java.lang.String">adrienne,verrilli</Value>
</Feature>
<Feature>
  <Name className="java.lang.String">date</Name>
  <Value className="java.lang.String">20110117</Value>
</Feature>
<Feature>
  <Name className="java.lang.String">source</Name>
  <Value className="java.lang.String">ivn,independent,voter,network</Value>
</Feature>
<Feature>
  <Name className="java.lang.String">side</Name>
  <Value className="java.lang.String">pro</Value>
</Feature>
<Feature>
  <Name className="java.lang.String">url</Name>
  <Value className="java.lang.String">http://ivn.us/news/2011/01/17/house-republicans-plan-repeal-health-care-reform-have-yet-offer-specific-alternat/?page=2</Value>
</Feature>
</Annotation>
<Annotation Id="25" Type="rel" StartNode="204" EndNode="439">
<Feature>
  <Name className="java.lang.String">type</Name>
  <Value className="java.lang.String">label</Value>
</Feature>
<Feature>
  <Name className="java.lang.String">ss-label</Name>
  <Value className="java.lang.String">opposition_has_no_plan</Value>
</Feature>
</Annotation>
<Annotation Id="24" Type="arg" StartNode="0" EndNode="95">
<Feature>
  <Name className="java.lang.String">type</Name>
  <Value className="java.lang.String">label</Value>
</Feature>
<Feature>
  <Name className="java.lang.String">ss-label</Name>
  <Value className="java.lang.String">opposition_has_no_plan</Value>
</Feature>
<Feature>
  <Name className="java.lang.String">polarity</Name>
  <Value className="java.lang.String">negative</Value>
</Feature>
</Annotation>
<Annotation Id="27" Type="arg" StartNode="644" EndNode="768">
<Feature>
  <Name className="java.lang.String">type</Name>
  <Value className="java.lang.String">label</Value>
</Feature>
<Feature>
  <Name className="java.lang.String">ss-label</Name>
  <Value className="java.lang.String">opposition_demagogues_bill</Value>
</Feature>
<Feature>
  <Name className="java.lang.String">polarity</Name>
  <Value className="java.lang.String">negative</Value>
</Feature>
</Annotation>
<Annotation Id="26" Type="rel" StartNode="444" EndNode="640">
<Feature>
  <Name className="java.lang.String">type</Name>
  <Value className="java.lang.String">label</Value>
</Feature>
<Feature>
  <Name className="java.lang.String">ss-label</Name>
  <Value className="java.lang.String">opposition_demagogues_bill</Value>
</Feature>
</Annotation>
<Annotation Id="29" Type="rel" StartNode="899" EndNode="1040">
<Feature>
  <Name className="java.lang.String">type</Name>
  <Value className="java.lang.String">label</Value>
</Feature>
<Feature>
  <Name className="java.lang.String">ss-label</Name>
  <Value className="java.lang.String">opposition_demagogues_bill</Value>
</Feature>
</Annotation>
<Annotation Id="28" Type="rel" StartNode="770" EndNode="897">
<Feature>
  <Name className="java.lang.String">type</Name>
  <Value className="java.lang.String">label</Value>
</Feature>
<Feature>
  <Name className="java.lang.String">ss-label</Name>
  <Value className="java.lang.String">opposition_demagogues_bill</Value>
</Feature>
</Annotation>
<Annotation Id="31" Type="arg" StartNode="1503" EndNode="1601">
<Feature>
  <Name className="java.lang.String">type</Name>
  <Value className="java.lang.String">label</Value>
</Feature>
<Feature>
  <Name className="java.lang.String">ss-label</Name>
  <Value className="java.lang.String">repeal_increases_deficit</Value>
</Feature>
<Feature>
  <Name className="java.lang.String">polarity</Name>
  <Value className="java.lang.String">negative</Value>
</Feature>
</Annotation>
<Annotation Id="30" Type="arg" StartNode="1186" EndNode="1286">
<Feature>
  <Name className="java.lang.String">type</Name>
  <Value className="java.lang.String">label</Value>
</Feature>
<Feature>
  <Name className="java.lang.String">ss-label</Name>
  <Value className="java.lang.String">repeal_increases_deficit</Value>
</Feature>
<Feature>
  <Name className="java.lang.String">polarity</Name>
  <Value className="java.lang.String">negative</Value>
</Feature>
</Annotation>
<Annotation Id="34" Type="arg" StartNode="1897" EndNode="1971">
<Feature>
  <Name className="java.lang.String">type</Name>
  <Value className="java.lang.String">label</Value>
</Feature>
<Feature>
  <Name className="java.lang.String">ss-label</Name>
  <Value className="java.lang.String">children_can_stay_on_parent_plans_longer</Value>
</Feature>
<Feature>
  <Name className="java.lang.String">polarity</Name>
  <Value className="java.lang.String">positive</Value>
</Feature>
</Annotation>
<Annotation Id="35" Type="arg" StartNode="1978" EndNode="2149">
<Feature>
  <Name className="java.lang.String">type</Name>
  <Value className="java.lang.String">label</Value>
</Feature>
<Feature>
  <Name className="java.lang.String">ss-label</Name>
  <Value className="java.lang.String">preventative_care_underutilized</Value>
</Feature>
<Feature>
  <Name className="java.lang.String">polarity</Name>
  <Value className="java.lang.String">positive</Value>
</Feature>
</Annotation>
<Annotation Id="32" Type="rel" StartNode="1603" EndNode="1767">
<Feature>
  <Name className="java.lang.String">type</Name>
  <Value className="java.lang.String">label</Value>
</Feature>
<Feature>
  <Name className="java.lang.String">ss-label</Name>
  <Value className="java.lang.String">opposition_demagogues_bill</Value>
</Feature>
<Feature>
  <Name className="java.lang.String">unclear</Name>
  <Value className="java.lang.String">true</Value>
</Feature>
</Annotation>
<Annotation Id="33" Type="arg" StartNode="1781" EndNode="1833">
<Feature>
  <Name className="java.lang.String">unclear</Name>
  <Value className="java.lang.String">true</Value>
</Feature>
<Feature>
  <Name className="java.lang.String">ss-label</Name>
  <Value className="java.lang.String">popular_among_public</Value>
</Feature>
<Feature>
  <Name className="java.lang.String">type</Name>
  <Value className="java.lang.String">label</Value>
</Feature>
<Feature>
  <Name className="java.lang.String">polarity</Name>
  <Value className="java.lang.String">positive</Value>
</Feature>
</Annotation>
<Annotation Id="38" Type="arg" StartNode="2364" EndNode="2470">
<Feature>
  <Name className="java.lang.String">type</Name>
  <Value className="java.lang.String">label</Value>
</Feature>
<Feature>
  <Name className="java.lang.String">ss-label</Name>
  <Value className="java.lang.String">helps_seniors_pay_for_meds</Value>
</Feature>
<Feature>
  <Name className="java.lang.String">polarity</Name>
  <Value className="java.lang.String">positive</Value>
</Feature>
</Annotation>
<Annotation Id="39" Type="arg" StartNode="2477" EndNode="2552">
<Feature>
  <Name className="java.lang.String">type</Name>
  <Value className="java.lang.String">label</Value>
</Feature>
<Feature>
  <Name className="java.lang.String">ss-label</Name>
  <Value className="java.lang.String">expands/guarantees_access_to_preventative_care</Value>
</Feature>
<Feature>
  <Name className="java.lang.String">polarity</Name>
  <Value className="java.lang.String">positive</Value>
</Feature>
</Annotation>
<Annotation Id="36" Type="arg" StartNode="2156" EndNode="2255">
<Feature>
  <Name className="java.lang.String">type</Name>
  <Value className="java.lang.String">label</Value>
</Feature>
<Feature>
  <Name className="java.lang.String">ss-label</Name>
  <Value className="java.lang.String">eliminates_pre-existing_conditions_for_children</Value>
</Feature>
<Feature>
  <Name className="java.lang.String">polarity</Name>
  <Value className="java.lang.String">positive</Value>
</Feature>
</Annotation>
<Annotation Id="37" Type="arg" StartNode="2262" EndNode="2357">
<Feature>
  <Name className="java.lang.String">type</Name>
  <Value className="java.lang.String">label</Value>
</Feature>
<Feature>
  <Name className="java.lang.String">ss-label</Name>
  <Value className="java.lang.String">prevents_insurers_from_dropping_the_sick</Value>
</Feature>
<Feature>
  <Name className="java.lang.String">polarity</Name>
  <Value className="java.lang.String">positive</Value>
</Feature>
</Annotation>
<Annotation Id="42" Type="arg" StartNode="2805" EndNode="2909">
<Feature>
  <Name className="java.lang.String">type</Name>
  <Value className="java.lang.String">label</Value>
</Feature>
<Feature>
  <Name className="java.lang.String">ss-label</Name>
  <Value className="java.lang.String">helps_small_business</Value>
</Feature>
<Feature>
  <Name className="java.lang.String">polarity</Name>
  <Value className="java.lang.String">positive</Value>
</Feature>
</Annotation>
<Annotation Id="43" Type="arg" StartNode="2975" EndNode="3133">
<Feature>
  <Name className="java.lang.String">type</Name>
  <Value className="java.lang.String">label</Value>
</Feature>
<Feature>
  <Name className="java.lang.String">ss-label</Name>
  <Value className="java.lang.String">eliminates_pre-existing_conditions</Value>
</Feature>
<Feature>
  <Name className="java.lang.String">polarity</Name>
  <Value className="java.lang.String">positive</Value>
</Feature>
</Annotation>
<Annotation Id="40" Type="arg" StartNode="2559" EndNode="2689">
<Feature>
  <Name className="java.lang.String">type</Name>
  <Value className="java.lang.String">label</Value>
</Feature>
<Feature>
  <Name className="java.lang.String">ss-label</Name>
  <Value className="java.lang.String">eliminates_caps_on_coverage</Value>
</Feature>
<Feature>
  <Name className="java.lang.String">polarity</Name>
  <Value className="java.lang.String">positive</Value>
</Feature>
</Annotation>
<Annotation Id="41" Type="arg" StartNode="2696" EndNode="2798">
<Feature>
  <Name className="java.lang.String">type</Name>
  <Value className="java.lang.String">label</Value>
</Feature>
<Feature>
  <Name className="java.lang.String">ss-label</Name>
  <Value className="java.lang.String">reduces/eliminates_gender_discrimination</Value>
</Feature>
<Feature>
  <Name className="java.lang.String">polarity</Name>
  <Value className="java.lang.String">positive</Value>
</Feature>
</Annotation>
<Annotation Id="46" Type="arg" StartNode="3496" EndNode="3670">
<Feature>
  <Name className="java.lang.String">type</Name>
  <Value className="java.lang.String">label</Value>
</Feature>
<Feature>
  <Name className="java.lang.String">ss-label</Name>
  <Value className="java.lang.String">exchanges_support_informed_choice</Value>
</Feature>
<Feature>
  <Name className="java.lang.String">polarity</Name>
  <Value className="java.lang.String">positive</Value>
</Feature>
</Annotation>
<Annotation Id="47" Type="arg" StartNode="3733" EndNode="3820">
<Feature>
  <Name className="java.lang.String">type</Name>
  <Value className="java.lang.String">label</Value>
</Feature>
<Feature>
  <Name className="java.lang.String">ss-label</Name>
  <Value className="java.lang.String">helps_small_business</Value>
</Feature>
<Feature>
  <Name className="java.lang.String">polarity</Name>
  <Value className="java.lang.String">positive</Value>
</Feature>
</Annotation>
<Annotation Id="44" Type="arg" StartNode="3140" EndNode="3348">
<Feature>
  <Name className="java.lang.String">type</Name>
  <Value className="java.lang.String">label</Value>
</Feature>
<Feature>
  <Name className="java.lang.String">ss-label</Name>
  <Value className="java.lang.String">improves_efficiency_of_insurers</Value>
</Feature>
<Feature>
  <Name className="java.lang.String">polarity</Name>
  <Value className="java.lang.String">positive</Value>
</Feature>
</Annotation>
<Annotation Id="45" Type="arg" StartNode="3382" EndNode="3489">
<Feature>
  <Name className="java.lang.String">type</Name>
  <Value className="java.lang.String">label</Value>
</Feature>
<Feature>
  <Name className="java.lang.String">ss-label</Name>
  <Value className="java.lang.String">eliminates_pre-existing_conditions</Value>
</Feature>
<Feature>
  <Name className="java.lang.String">polarity</Name>
  <Value className="java.lang.String">positive</Value>
</Feature>
</Annotation>
<Annotation Id="50" Type="arg" StartNode="4013" EndNode="4094">
<Feature>
  <Name className="java.lang.String">type</Name>
  <Value className="java.lang.String">label</Value>
</Feature>
<Feature>
  <Name className="java.lang.String">ss-label</Name>
  <Value className="java.lang.String">opposition_has_no_plan</Value>
</Feature>
<Feature>
  <Name className="java.lang.String">polarity</Name>
  <Value className="java.lang.String">negative</Value>
</Feature>
</Annotation>
<Annotation Id="49" Type="arg" StartNode="3877" EndNode="4006">
<Feature>
  <Name className="java.lang.String">type</Name>
  <Value className="java.lang.String">label</Value>
</Feature>
<Feature>
  <Name className="java.lang.String">ss-label</Name>
  <Value className="java.lang.String">repeal_leaves_many_uninsured</Value>
</Feature>
<Feature>
  <Name className="java.lang.String">polarity</Name>
  <Value className="java.lang.String">negative</Value>
</Feature>
</Annotation>
<Annotation Id="48" Type="arg" StartNode="3825" EndNode="3875">
<Feature>
  <Name className="java.lang.String">type</Name>
  <Value className="java.lang.String">label</Value>
</Feature>
<Feature>
  <Name className="java.lang.String">ss-label</Name>
  <Value className="java.lang.String">repeal_leaves_many_uninsured</Value>
</Feature>
<Feature>
  <Name className="java.lang.String">polarity</Name>
  <Value className="java.lang.String">negative</Value>
</Feature>
</Annotation>
</AnnotationSet>

<!-- Named annotation set -->

<AnnotationSet Name="Original markups">
<Annotation Id="0" Type="paragraph" StartNode="0" EndNode="180">
</Annotation>
<Annotation Id="1" Type="paragraph" StartNode="186" EndNode="202">
</Annotation>
<Annotation Id="2" Type="paragraph" StartNode="204" EndNode="442">
</Annotation>
<Annotation Id="3" Type="paragraph" StartNode="444" EndNode="642">
</Annotation>
<Annotation Id="4" Type="paragraph" StartNode="644" EndNode="1184">
</Annotation>
<Annotation Id="5" Type="paragraph" StartNode="1186" EndNode="1771">
</Annotation>
<Annotation Id="6" Type="paragraph" StartNode="1773" EndNode="1893">
</Annotation>
<Annotation Id="7" Type="paragraph" StartNode="1895" EndNode="1974">
</Annotation>
<Annotation Id="8" Type="paragraph" StartNode="1976" EndNode="2152">
</Annotation>
<Annotation Id="9" Type="paragraph" StartNode="2154" EndNode="2258">
</Annotation>
<Annotation Id="10" Type="paragraph" StartNode="2260" EndNode="2360">
</Annotation>
<Annotation Id="11" Type="paragraph" StartNode="2362" EndNode="2473">
</Annotation>
<Annotation Id="12" Type="paragraph" StartNode="2475" EndNode="2555">
</Annotation>
<Annotation Id="13" Type="paragraph" StartNode="2557" EndNode="2692">
</Annotation>
<Annotation Id="14" Type="paragraph" StartNode="2694" EndNode="2801">
</Annotation>
<Annotation Id="15" Type="paragraph" StartNode="2803" EndNode="2971">
</Annotation>
<Annotation Id="17" Type="paragraph" StartNode="3138" EndNode="3351">
</Annotation>
<Annotation Id="16" Type="paragraph" StartNode="2973" EndNode="3136">
</Annotation>
<Annotation Id="19" Type="paragraph" StartNode="3380" EndNode="3492">
</Annotation>
<Annotation Id="18" Type="paragraph" StartNode="3353" EndNode="3378">
</Annotation>
<Annotation Id="21" Type="paragraph" StartNode="3731" EndNode="3823">
</Annotation>
<Annotation Id="20" Type="paragraph" StartNode="3494" EndNode="3729">
</Annotation>
<Annotation Id="22" Type="paragraph" StartNode="3825" EndNode="4118">
</Annotation>
</AnnotationSet>

</GateDocument>
